
USE `seleksi_mandiri_2020`;

DROP TABLE IF EXISTS `provinsi`;
CREATE TABLE `provinsi` (
  `id` int NOT NULL,
  `nama` varchar(50) NOT NULL,
  PRIMARY KEY (`id`)
) ENGINE=InnoDB DEFAULT CHARSET=utf8mb4 COLLATE=utf8mb4_unicode_ci;

DROP TABLE IF EXISTS `agama`;
CREATE TABLE `agama` (
  `id` int NOT NULL,
  `nama` varchar(20) NOT NULL,
  PRIMARY KEY (`id`)
) ENGINE=InnoDB DEFAULT CHARSET=utf8mb4 COLLATE=utf8mb4_unicode_ci;

DROP TABLE IF EXISTS `akreditasi_sekolah`;
CREATE TABLE `akreditasi_sekolah` (
  `id` int NOT NULL,
  `nama` varchar(10) NOT NULL,
  `label` char(1) NOT NULL,
  PRIMARY KEY (`id`),
  UNIQUE KEY `label` (`label`)
) ENGINE=InnoDB DEFAULT CHARSET=utf8mb4 COLLATE=utf8mb4_unicode_ci;

DROP TABLE IF EXISTS `fakultas`;
CREATE TABLE `fakultas` (
  `id` int NOT NULL,
  `nama` varchar(100) NOT NULL,
  PRIMARY KEY (`id`),
  UNIQUE KEY `nama` (`nama`)
) ENGINE=InnoDB DEFAULT CHARSET=utf8mb4 COLLATE=utf8mb4_unicode_ci;

DROP TABLE IF EXISTS `jenis_kelamin`;
CREATE TABLE `jenis_kelamin` (
  `id` int NOT NULL,
  `nama` varchar(20) NOT NULL,
  PRIMARY KEY (`id`)
) ENGINE=InnoDB DEFAULT CHARSET=utf8mb4 COLLATE=utf8mb4_unicode_ci;

DROP TABLE IF EXISTS `kab_kota`;
CREATE TABLE `kab_kota` (
  `id` int NOT NULL,
  `nama` varchar(100) NOT NULL,
  `provinsi_id` int NOT NULL,
  PRIMARY KEY (`id`),
  KEY `provinsi_id` (`provinsi_id`),
  CONSTRAINT `kab_kota_ibfk_1` FOREIGN KEY (`provinsi_id`) REFERENCES `provinsi` (`id`)
) ENGINE=InnoDB DEFAULT CHARSET=utf8mb4 COLLATE=utf8mb4_unicode_ci;

DROP TABLE IF EXISTS `sekolah`;
CREATE TABLE `sekolah` (
  `id` int NOT NULL,
  `nama` varchar(50) NOT NULL,
  `alamat` varchar(255) CHARACTER SET utf8mb4 COLLATE utf8mb4_unicode_ci DEFAULT NULL,
  `kab_kota_id` int NOT NULL,
  `akreditasi_id` int NOT NULL,
  PRIMARY KEY (`id`),
  KEY `kab_kota_id` (`kab_kota_id`),
  KEY `akreditasi_id` (`akreditasi_id`),
  CONSTRAINT `sekolah_ibfk_1` FOREIGN KEY (`kab_kota_id`) REFERENCES `kab_kota` (`id`),
  CONSTRAINT `sekolah_ibfk_2` FOREIGN KEY (`akreditasi_id`) REFERENCES `akreditasi_sekolah` (`id`)
) ENGINE=InnoDB DEFAULT CHARSET=utf8mb4 COLLATE=utf8mb4_unicode_ci;

DROP TABLE IF EXISTS `peserta`;
CREATE TABLE `peserta` (
  `id` bigint unsigned NOT NULL AUTO_INCREMENT,
  `nomor` varchar(10) NOT NULL,
  `nama` varchar(200) NOT NULL,
  `tanggal_lahir` date NOT NULL,
  `tempat_lahir_id` int NOT NULL,
  `agama_id` int NOT NULL,
  `jenis_kelamin_id` int NOT NULL,
  `sekolah_id` int NOT NULL,
  `alamat` varchar(255) CHARACTER SET utf8mb4 COLLATE utf8mb4_unicode_ci DEFAULT NULL,
  `alamat_id` int NOT NULL,
  PRIMARY KEY (`id`),
  UNIQUE KEY `nomor` (`nomor`),
  KEY `agama_id` (`agama_id`),
  KEY `jenis_kelamin_id` (`jenis_kelamin_id`),
  KEY `sekolah_id` (`sekolah_id`),
  KEY `tempat_lahir_id` (`tempat_lahir_id`),
  KEY `alamat_id` (`alamat_id`),
  CONSTRAINT `peserta_ibfk_1` FOREIGN KEY (`agama_id`) REFERENCES `agama` (`id`),
  CONSTRAINT `peserta_ibfk_2` FOREIGN KEY (`jenis_kelamin_id`) REFERENCES `jenis_kelamin` (`id`),
  CONSTRAINT `peserta_ibfk_3` FOREIGN KEY (`sekolah_id`) REFERENCES `sekolah` (`id`),
  CONSTRAINT `peserta_ibfk_4` FOREIGN KEY (`tempat_lahir_id`) REFERENCES `kab_kota` (`id`),
  CONSTRAINT `peserta_ibfk_5` FOREIGN KEY (`alamat_id`) REFERENCES `kab_kota` (`id`)
) ENGINE=InnoDB DEFAULT CHARSET=utf8mb4 COLLATE=utf8mb4_unicode_ci;

DROP TABLE IF EXISTS `jenis_ortu`;
CREATE TABLE `jenis_ortu` (
  `id` int NOT NULL,
  `nama` varchar(20) NOT NULL,
  PRIMARY KEY (`id`)
) ENGINE=InnoDB DEFAULT CHARSET=utf8mb4 COLLATE=utf8mb4_unicode_ci;

DROP TABLE IF EXISTS `mata_uji`;
CREATE TABLE `mata_uji` (
  `id` char(3) NOT NULL,
  `nama` varchar(50) CHARACTER SET utf8mb4 COLLATE utf8mb4_unicode_ci NOT NULL,
  PRIMARY KEY (`id`)
) ENGINE=InnoDB DEFAULT CHARSET=utf8mb4 COLLATE=utf8mb4_unicode_ci;

DROP TABLE IF EXISTS `pekerjaan_ortu`;
CREATE TABLE `pekerjaan_ortu` (
  `id` int NOT NULL,
  `nama` varchar(100) NOT NULL,
  PRIMARY KEY (`id`),
  UNIQUE KEY `nama` (`nama`)
) ENGINE=InnoDB DEFAULT CHARSET=utf8mb4 COLLATE=utf8mb4_unicode_ci;

DROP TABLE IF EXISTS `pendidikan_ortu`;
CREATE TABLE `pendidikan_ortu` (
  `id` int NOT NULL,
  `nama` varchar(50) NOT NULL,
  PRIMARY KEY (`id`)
) ENGINE=InnoDB DEFAULT CHARSET=utf8mb4 COLLATE=utf8mb4_unicode_ci;

DROP TABLE IF EXISTS `penghasilan_ortu`;
CREATE TABLE `penghasilan_ortu` (
  `id` int NOT NULL,
  `range_awal` int DEFAULT NULL,
  `range_akhir` int DEFAULT NULL,
  `range` varchar(200) DEFAULT NULL,
  PRIMARY KEY (`id`)
) ENGINE=InnoDB DEFAULT CHARSET=utf8mb4 COLLATE=utf8mb4_unicode_ci;

DROP TABLE IF EXISTS `ortu_peserta`;
CREATE TABLE `ortu_peserta` (
  `id` bigint unsigned NOT NULL AUTO_INCREMENT,
  `peserta_id` bigint unsigned NOT NULL,
  `nama` varchar(200) NOT NULL,
  `pekerjaan_ortu_id` int NOT NULL,
  `pendidikan_ortu_id` int NOT NULL,
  `penghasilan_ortu_id` int NOT NULL,
  `jenis_ortu_id` int NOT NULL,
  PRIMARY KEY (`id`),
  UNIQUE KEY `peserta_id_jenis_ortu_id` (`peserta_id`,`jenis_ortu_id`),
  KEY `pekerjaan_ortu_id` (`pekerjaan_ortu_id`),
  KEY `pendidikan_ortu_id` (`pendidikan_ortu_id`),
  KEY `penghasilan_ortu_id` (`penghasilan_ortu_id`),
  KEY `jenis_ortu_id` (`jenis_ortu_id`),
  CONSTRAINT `ortu_peserta_ibfk_1` FOREIGN KEY (`peserta_id`) REFERENCES `peserta` (`id`),
  CONSTRAINT `ortu_peserta_ibfk_2` FOREIGN KEY (`pekerjaan_ortu_id`) REFERENCES `pekerjaan_ortu` (`id`),
  CONSTRAINT `ortu_peserta_ibfk_3` FOREIGN KEY (`pendidikan_ortu_id`) REFERENCES `pendidikan_ortu` (`id`),
  CONSTRAINT `ortu_peserta_ibfk_4` FOREIGN KEY (`penghasilan_ortu_id`) REFERENCES `penghasilan_ortu` (`id`),
  CONSTRAINT `ortu_peserta_ibfk_5` FOREIGN KEY (`jenis_ortu_id`) REFERENCES `jenis_ortu` (`id`)
) ENGINE=InnoDB DEFAULT CHARSET=utf8mb4 COLLATE=utf8mb4_unicode_ci;

DROP TABLE IF EXISTS `nilai_peserta`;
CREATE TABLE `nilai_peserta` (
  `id` bigint unsigned NOT NULL AUTO_INCREMENT,
  `peserta_id` bigint unsigned NOT NULL,
  `mata_uji_id` char(3) CHARACTER SET utf8mb4 COLLATE utf8mb4_unicode_ci NOT NULL,
  `nilai` decimal(8,4) NOT NULL,
  PRIMARY KEY (`id`),
  KEY `mata_uji_id` (`mata_uji_id`),
  KEY `peserta_id` (`peserta_id`),
  CONSTRAINT `nilai_peserta_ibfk_1` FOREIGN KEY (`mata_uji_id`) REFERENCES `mata_uji` (`id`),
  CONSTRAINT `nilai_peserta_ibfk_2` FOREIGN KEY (`peserta_id`) REFERENCES `peserta` (`id`)
) ENGINE=InnoDB DEFAULT CHARSET=utf8mb4 COLLATE=utf8mb4_unicode_ci;

DROP TABLE IF EXISTS `prodi`;
CREATE TABLE `prodi` (
  `id` int NOT NULL,
  `nama` varchar(100) NOT NULL,
  `fakultas_id` int NOT NULL,
  PRIMARY KEY (`id`),
  UNIQUE KEY `nama` (`nama`),
  KEY `fakultas_id` (`fakultas_id`),
  CONSTRAINT `prodi_ibfk_1` FOREIGN KEY (`fakultas_id`) REFERENCES `fakultas` (`id`)
) ENGINE=InnoDB DEFAULT CHARSET=utf8mb4 COLLATE=utf8mb4_unicode_ci;

DROP TABLE IF EXISTS `status_seleksi`;
CREATE TABLE `status_seleksi` (
  `id` int NOT NULL,
  `nama` varchar(100) NOT NULL,
  PRIMARY KEY (`id`)
) ENGINE=InnoDB DEFAULT CHARSET=utf8mb4 COLLATE=utf8mb4_unicode_ci;

DROP TABLE IF EXISTS `pilihan_peserta`;
CREATE TABLE `pilihan_peserta` (
  `id` bigint unsigned NOT NULL AUTO_INCREMENT,
  `peserta_id` bigint unsigned NOT NULL,
  `prodi_id` int NOT NULL,
  `pil_ke` tinyint unsigned NOT NULL,
  `status_seleksi_id` int NOT NULL,
  PRIMARY KEY (`id`),
  UNIQUE KEY `peserta_id_prodi_id` (`peserta_id`,`prodi_id`),
  UNIQUE KEY `peserta_id_pil_ke` (`peserta_id`,`pil_ke`),
  KEY `prodi_id` (`prodi_id`),
  KEY `status_seleksi_id` (`status_seleksi_id`),
  CONSTRAINT `pilihan_peserta_ibfk_1` FOREIGN KEY (`peserta_id`) REFERENCES `peserta` (`id`),
  CONSTRAINT `pilihan_peserta_ibfk_2` FOREIGN KEY (`prodi_id`) REFERENCES `prodi` (`id`),
  CONSTRAINT `pilihan_peserta_ibfk_3` FOREIGN KEY (`status_seleksi_id`) REFERENCES `status_seleksi` (`id`)
) ENGINE=InnoDB DEFAULT CHARSET=utf8mb4 COLLATE=utf8mb4_unicode_ci;

INSERT INTO `fakultas` (`id`, `nama`) VALUES
(5,	'Fakultas Ilmu Sosial'),
(4,	'Fakultas Kedokteran'),
(3,	'Fakultas Manajemen'),
(2,	'Fakultas Sains'),
(1,	'Fakultas Teknik');

INSERT INTO `prodi` (`id`, `nama`, `fakultas_id`) VALUES
(1,	'Teknik Elektro',	1),
(2,	'Teknik Mesin',	1),
(3,	'Teknik Sipil',	1),
(4,	'Fisika',	2),
(5,	'Kimia',	2),
(6,	'Manajemen',	3),
(7,	'Ekonomi',	3),
(8,	'Ilmu Komunikasi',	5),
(9,	'Kedokteran Umum',	4);

INSERT INTO `jenis_ortu` (`id`, `nama`) VALUES
(1,	'Ayah'),
(2,	'Ibu'),
(3,	'Wali');

INSERT INTO `status_seleksi` (`id`, `nama`) VALUES
(1,	'Diterima'),
(2,	'Tidak Diterima');

INSERT INTO `pekerjaan_ortu` (`id`, `nama`) VALUES
(8,	'Arsitek'),
(6,	'CEO'),
(1,	'Dokter'),
(3,	'Insinyur'),
(2,	'Pengacara'),
(4,	'Pengusaha'),
(5,	'Pilot'),
(10,	'Politikus'),
(9,	'Profesor'),
(7,	'Programmer');


INSERT INTO `pendidikan_ortu` (`id`, `nama`) VALUES
(1,	'Sekolah Dasar'),
(2,	'Sekolah Menengah Pertama'),
(3,	'Sekolah Menengah Atas'),
(4,	'Diploma'),
(5,	'Sarjana'),
(6,	'Magister'),
(7,	'Doktoral');


INSERT INTO `penghasilan_ortu` (`id`, `range_awal`, `range_akhir`, `range`) VALUES
(1,	0,	1000000,	'0 - 1 Juta'),
(2,	1000000,	5000000,	'1 Juta - 5 Juta'),
(3,	5000000,	10000000,	'5 Juta - 10 Juta'),
(4,	10000000,	20000000,	'10 Juta - 20 Juta'),
(5,	20000000,	50000000,	'20 Juta - 50 Juta'),
(6,	50000000,	100000000,	'50 Juta - 100 Juta'),
(7,	100000000,	500000000,	'100 Juta - 500 Juta'),
(8,	500000000,	1000000000,	'500 Juta - 1 Miliar');

INSERT INTO `provinsi` (`id`, `nama`) VALUES
(11,	'Aceh'),
(12,	'Sumatera Utara'),
(13,	'Sumatera Barat'),
(14,	'Riau'),
(15,	'Jambi'),
(16,	'Sumatera Selatan'),
(17,	'Bengkulu'),
(18,	'Lampung'),
(19,	'Kepulauan Bangka Belitung'),
(21,	'Kepulauan Riau'),
(31,	'DKI Jakarta'),
(32,	'Jawa Barat'),
(33,	'Jawa Tengah'),
(34,	'DI Yogyakarta'),
(35,	'Jawa Timur'),
(36,	'Banten'),
(51,	'Bali'),
(52,	'Nusa Tenggara Barat'),
(53,	'Nusa Tenggara Timur'),
(61,	'Kalimantan Barat'),
(62,	'Kalimantan Tengah'),
(63,	'Kalimantan Selatan'),
(64,	'Kalimantan Timur'),
(65,	'Kalimantan Utara'),
(71,	'Sulawesi Utara'),
(72,	'Sulawesi Tengah'),
(73,	'Sulawesi Selatan'),
(74,	'Sulawesi Tenggara'),
(75,	'Gorontalo'),
(76,	'Sulawesi Barat'),
(81,	'Maluku'),
(82,	'Maluku Utara'),
(91,	'Papua'),
(92,	'Papua Barat');

INSERT INTO `agama` (`id`, `nama`) VALUES
(1,	'Islam'),
(2,	'Kristen Protestan'),
(3,	'Katolik'),
(4,	'Hindu'),
(5,	'Buddha'),
(6,	'Konghucu');

INSERT INTO `akreditasi_sekolah` (`id`, `nama`, `label`) VALUES
(1,	'A',	'A'),
(2,	'B',	'B'),
(3,	'C',	'C'),
(4,	'-',	'T');

INSERT INTO `jenis_kelamin` (`id`, `nama`) VALUES
(1,	'Laki-laki'),
(2,	'Perempuan');

INSERT INTO `kab_kota` (`id`, `nama`, `provinsi_id`) VALUES
(1001,	'Banda Aceh',	11),
(1002,	'Lhokseumawe',	11),
(1003,	'Langsa',	11),
(1004,	'Sabang',	11),
(1005,	'Meulaboh',	11),
(1006,	'Subulussalam',	11),
(1007,	'Bireuen',	11),
(1008,	'Takengon',	11),
(1009,	'Lhokseumawe',	11),
(1010,	'Langsa',	11),
(1011,	'Sabang',	11),
(1012,	'Meulaboh',	11),
(1013,	'Subulussalam',	11),
(1014,	'Bireuen',	11),
(1015,	'Takengon',	11),
(1016,	'Lhokseumawe',	11),
(1017,	'Langsa',	11),
(1018,	'Sabang',	11),
(1019,	'Meulaboh',	11),
(1020,	'Subulussalam',	11),
(1021,	'Bireuen',	11),
(1022,	'Takengon',	11),
(1023,	'Lhokseumawe',	11),
(1024,	'Langsa',	11),
(1025,	'Sabang',	11),
(1026,	'Meulaboh',	11),
(1027,	'Subulussalam',	11),
(1028,	'Bireuen',	11),
(1029,	'Takengon',	11),
(1030,	'Lhokseumawe',	11),
(1031,	'Langsa',	11),
(1032,	'Sabang',	11),
(1033,	'Meulaboh',	11),
(1034,	'Subulussalam',	11),
(1035,	'Bireuen',	11),
(1036,	'Takengon',	11),
(1037,	'Lhokseumawe',	11),
(1038,	'Langsa',	11),
(1039,	'Sabang',	11),
(1040,	'Meulaboh',	11),
(1041,	'Subulussalam',	11),
(1042,	'Bireuen',	11),
(1043,	'Takengon',	11),
(1044,	'Lhokseumawe',	11),
(1045,	'Langsa',	11),
(1046,	'Sabang',	11),
(1047,	'Meulaboh',	11),
(1048,	'Subulussalam',	11),
(1049,	'Bireuen',	11),
(1050,	'Takengon',	11),
(1051,	'Medan',	12),
(1052,	'Binjai',	12),
(1053,	'Pematangsiantar',	12),
(1054,	'Tebing Tinggi',	12),
(1055,	'Sibolga',	12),
(1056,	'Gunung Sitoli',	12),
(1057,	'Padang Sidempuan',	12),
(1058,	'Binjai',	12),
(1059,	'Pematangsiantar',	12),
(1060,	'Tebing Tinggi',	12),
(1061,	'Sibolga',	12),
(1062,	'Gunung Sitoli',	12),
(1063,	'Padang Sidempuan',	12),
(1064,	'Binjai',	12),
(1065,	'Pematangsiantar',	12),
(1066,	'Tebing Tinggi',	12),
(1067,	'Sibolga',	12),
(1068,	'Gunung Sitoli',	12),
(1069,	'Padang Sidempuan',	12),
(1070,	'Binjai',	12),
(1071,	'Pematangsiantar',	12),
(1072,	'Tebing Tinggi',	12),
(1073,	'Sibolga',	12),
(1074,	'Gunung Sitoli',	12),
(1075,	'Padang Sidempuan',	12),
(1076,	'Binjai',	12),
(1077,	'Pematangsiantar',	12),
(1078,	'Tebing Tinggi',	12),
(1079,	'Sibolga',	12),
(1080,	'Gunung Sitoli',	12),
(1081,	'Padang Sidempuan',	12),
(1082,	'Binjai',	12),
(1083,	'Pematangsiantar',	12),
(1084,	'Tebing Tinggi',	12),
(1085,	'Sibolga',	12),
(1086,	'Gunung Sitoli',	12),
(1087,	'Padang Sidempuan',	12),
(1088,	'Binjai',	12),
(1089,	'Pematangsiantar',	12),
(1090,	'Tebing Tinggi',	12),
(1091,	'Sibolga',	12),
(1092,	'Gunung Sitoli',	12),
(1093,	'Padang Sidempuan',	12),
(1094,	'Binjai',	12),
(1095,	'Pematangsiantar',	12),
(1096,	'Tebing Tinggi',	12),
(1097,	'Sibolga',	12),
(1098,	'Gunung Sitoli',	12),
(1099,	'Padang Sidempuan',	12),
(1100,	'Binjai',	12),
(1101,	'Padang',	13),
(1102,	'Bukittinggi',	13),
(1103,	'Payakumbuh',	13),
(1104,	'Solok',	13),
(1105,	'Sawahlunto',	13),
(1106,	'Pariaman',	13),
(1107,	'Padang Panjang',	13),
(1108,	'Dharmasraya',	13),
(1109,	'Bukittinggi',	13),
(1110,	'Payakumbuh',	13),
(1111,	'Solok',	13),
(1112,	'Sawahlunto',	13),
(1113,	'Pariaman',	13),
(1114,	'Padang Panjang',	13),
(1115,	'Dharmasraya',	13),
(1116,	'Bukittinggi',	13),
(1117,	'Payakumbuh',	13),
(1118,	'Solok',	13),
(1119,	'Sawahlunto',	13),
(1120,	'Pariaman',	13),
(1121,	'Padang Panjang',	13),
(1122,	'Dharmasraya',	13),
(1123,	'Bukittinggi',	13),
(1124,	'Payakumbuh',	13),
(1125,	'Solok',	13),
(1126,	'Sawahlunto',	13),
(1127,	'Pariaman',	13),
(1128,	'Padang Panjang',	13),
(1129,	'Dharmasraya',	13),
(1130,	'Bukittinggi',	13),
(1131,	'Payakumbuh',	13),
(1132,	'Solok',	13),
(1133,	'Sawahlunto',	13),
(1134,	'Pariaman',	13),
(1135,	'Padang Panjang',	13),
(1136,	'Dharmasraya',	13),
(1137,	'Bukittinggi',	13),
(1138,	'Payakumbuh',	13),
(1139,	'Solok',	13),
(1140,	'Sawahlunto',	13),
(1141,	'Pariaman',	13),
(1142,	'Padang Panjang',	13),
(1143,	'Dharmasraya',	13),
(1144,	'Bukittinggi',	13),
(1145,	'Payakumbuh',	13),
(1146,	'Solok',	13),
(1147,	'Sawahlunto',	13),
(1148,	'Pariaman',	13),
(1149,	'Padang Panjang',	13),
(1150,	'Dharmasraya',	13),
(1151,	'Pekanbaru',	14),
(1152,	'Dumai',	14),
(1153,	'Bangkinang',	14),
(1154,	'Bagansiapiapi',	14),
(1155,	'Selat Panjang',	14),
(1156,	'Siak Sri Indrapura',	14),
(1157,	'Dumai',	14),
(1158,	'Bangkinang',	14),
(1159,	'Bagansiapiapi',	14),
(1160,	'Selat Panjang',	14),
(1161,	'Siak Sri Indrapura',	14),
(1162,	'Dumai',	14),
(1163,	'Bangkinang',	14),
(1164,	'Bagansiapiapi',	14),
(1165,	'Selat Panjang',	14),
(1166,	'Siak Sri Indrapura',	14),
(1167,	'Dumai',	14),
(1168,	'Bangkinang',	14),
(1169,	'Bagansiapiapi',	14),
(1170,	'Selat Panjang',	14),
(1171,	'Siak Sri Indrapura',	14),
(1172,	'Dumai',	14),
(1173,	'Bangkinang',	14),
(1174,	'Bagansiapiapi',	14),
(1175,	'Selat Panjang',	14),
(1176,	'Siak Sri Indrapura',	14),
(1177,	'Dumai',	14),
(1178,	'Bangkinang',	14),
(1179,	'Bagansiapiapi',	14),
(1180,	'Selat Panjang',	14),
(1181,	'Siak Sri Indrapura',	14),
(1182,	'Dumai',	14),
(1183,	'Bangkinang',	14),
(1184,	'Bagansiapiapi',	14),
(1185,	'Selat Panjang',	14),
(1186,	'Siak Sri Indrapura',	14),
(1187,	'Dumai',	14),
(1188,	'Bangkinang',	14),
(1189,	'Bagansiapiapi',	14),
(1190,	'Selat Panjang',	14),
(1191,	'Siak Sri Indrapura',	14),
(1192,	'Dumai',	14),
(1193,	'Bangkinang',	14),
(1194,	'Bagansiapiapi',	14),
(1195,	'Selat Panjang',	14),
(1196,	'Siak Sri Indrapura',	14),
(1197,	'Dumai',	14),
(1198,	'Bangkinang',	14),
(1199,	'Bagansiapiapi',	14),
(1200,	'Selat Panjang',	14),
(1201,	'Jambi',	15),
(1202,	'Kota Baru',	15),
(1203,	'Muara Bulian',	15),
(1204,	'Muara Sabak',	15),
(1205,	'Muara Tebo',	15),
(1206,	'Bangko',	15),
(1207,	'Kota Baru',	15),
(1208,	'Muara Bulian',	15),
(1209,	'Muara Sabak',	15),
(1210,	'Muara Tebo',	15),
(1211,	'Bangko',	15),
(1212,	'Kota Baru',	15),
(1213,	'Muara Bulian',	15),
(1214,	'Muara Sabak',	15),
(1215,	'Muara Tebo',	15),
(1216,	'Bangko',	15),
(1217,	'Kota Baru',	15),
(1218,	'Muara Bulian',	15),
(1219,	'Muara Sabak',	15),
(1220,	'Muara Tebo',	15),
(1221,	'Bangko',	15),
(1222,	'Kota Baru',	15),
(1223,	'Muara Bulian',	15),
(1224,	'Muara Sabak',	15),
(1225,	'Muara Tebo',	15),
(1226,	'Bangko',	15),
(1227,	'Kota Baru',	15),
(1228,	'Muara Bulian',	15),
(1229,	'Muara Sabak',	15),
(1230,	'Muara Tebo',	15),
(1231,	'Bangko',	15),
(1232,	'Kota Baru',	15),
(1233,	'Muara Bulian',	15),
(1234,	'Muara Sabak',	15),
(1235,	'Muara Tebo',	15),
(1236,	'Bangko',	15),
(1237,	'Kota Baru',	15),
(1238,	'Muara Bulian',	15),
(1239,	'Muara Sabak',	15),
(1240,	'Muara Tebo',	15),
(1241,	'Bangko',	15),
(1242,	'Kota Baru',	15),
(1243,	'Muara Bulian',	15),
(1244,	'Muara Sabak',	15),
(1245,	'Muara Tebo',	15),
(1246,	'Bangko',	15),
(1247,	'Kota Baru',	15),
(1248,	'Muara Bulian',	15),
(1249,	'Muara Sabak',	15),
(1250,	'Muara Tebo',	15),
(1251,	'Palembang',	16),
(1252,	'Pagar Alam',	16),
(1253,	'Lubuklinggau',	16),
(1254,	'Prabumulih',	16),
(1255,	'Sekayu',	16),
(1256,	'Kayu Agung',	16),
(1257,	'Pagar Alam',	16),
(1258,	'Lubuklinggau',	16),
(1259,	'Prabumulih',	16),
(1260,	'Sekayu',	16),
(1261,	'Kayu Agung',	16),
(1262,	'Pagar Alam',	16),
(1263,	'Lubuklinggau',	16),
(1264,	'Prabumulih',	16),
(1265,	'Sekayu',	16),
(1266,	'Kayu Agung',	16),
(1267,	'Pagar Alam',	16),
(1268,	'Lubuklinggau',	16),
(1269,	'Prabumulih',	16),
(1270,	'Sekayu',	16),
(1271,	'Kayu Agung',	16),
(1272,	'Pagar Alam',	16),
(1273,	'Lubuklinggau',	16),
(1274,	'Prabumulih',	16),
(1275,	'Sekayu',	16),
(1276,	'Kayu Agung',	16),
(1277,	'Pagar Alam',	16),
(1278,	'Lubuklinggau',	16),
(1279,	'Prabumulih',	16),
(1280,	'Sekayu',	16),
(1281,	'Kayu Agung',	16),
(1282,	'Pagar Alam',	16),
(1283,	'Lubuklinggau',	16),
(1284,	'Prabumulih',	16),
(1285,	'Sekayu',	16),
(1286,	'Kayu Agung',	16),
(1287,	'Pagar Alam',	16),
(1288,	'Lubuklinggau',	16),
(1289,	'Prabumulih',	16),
(1290,	'Sekayu',	16),
(1291,	'Kayu Agung',	16),
(1292,	'Pagar Alam',	16),
(1293,	'Lubuklinggau',	16),
(1294,	'Prabumulih',	16),
(1295,	'Sekayu',	16),
(1296,	'Kayu Agung',	16),
(1297,	'Pagar Alam',	16),
(1298,	'Lubuklinggau',	16),
(1299,	'Prabumulih',	16),
(1300,	'Sekayu',	16),
(1301,	'Bengkulu',	17),
(1302,	'Curup',	17),
(1303,	'Arga Makmur',	17),
(1304,	'Manna',	17),
(1305,	'Kaur',	17),
(1306,	'Curup',	17),
(1307,	'Arga Makmur',	17),
(1308,	'Manna',	17),
(1309,	'Kaur',	17),
(1310,	'Curup',	17),
(1311,	'Arga Makmur',	17),
(1312,	'Manna',	17),
(1313,	'Kaur',	17),
(1314,	'Curup',	17),
(1315,	'Arga Makmur',	17),
(1316,	'Manna',	17),
(1317,	'Kaur',	17),
(1318,	'Curup',	17),
(1319,	'Arga Makmur',	17),
(1320,	'Manna',	17),
(1321,	'Kaur',	17),
(1322,	'Curup',	17),
(1323,	'Arga Makmur',	17),
(1324,	'Manna',	17),
(1325,	'Kaur',	17),
(1326,	'Curup',	17),
(1327,	'Arga Makmur',	17),
(1328,	'Manna',	17),
(1329,	'Kaur',	17),
(1330,	'Curup',	17),
(1331,	'Arga Makmur',	17),
(1332,	'Manna',	17),
(1333,	'Kaur',	17),
(1334,	'Curup',	17),
(1335,	'Arga Makmur',	17),
(1336,	'Manna',	17),
(1337,	'Kaur',	17),
(1338,	'Curup',	17),
(1339,	'Arga Makmur',	17),
(1340,	'Manna',	17),
(1341,	'Kaur',	17),
(1342,	'Curup',	17),
(1343,	'Arga Makmur',	17),
(1344,	'Manna',	17),
(1345,	'Kaur',	17),
(1346,	'Curup',	17),
(1347,	'Arga Makmur',	17),
(1348,	'Manna',	17),
(1349,	'Kaur',	17),
(1350,	'Curup',	17),
(1351,	'Bandar Lampung',	18),
(1352,	'Metro',	18),
(1353,	'Liwa',	18),
(1354,	'Kota Agung',	18),
(1355,	'Krui',	18),
(1356,	'Metro',	18),
(1357,	'Liwa',	18),
(1358,	'Kota Agung',	18),
(1359,	'Krui',	18),
(1360,	'Metro',	18),
(1361,	'Liwa',	18),
(1362,	'Kota Agung',	18),
(1363,	'Krui',	18),
(1364,	'Metro',	18),
(1365,	'Liwa',	18),
(1366,	'Kota Agung',	18),
(1367,	'Krui',	18),
(1368,	'Metro',	18),
(1369,	'Liwa',	18),
(1370,	'Kota Agung',	18),
(1371,	'Krui',	18),
(1372,	'Metro',	18),
(1373,	'Liwa',	18),
(1374,	'Kota Agung',	18),
(1375,	'Krui',	18),
(1376,	'Metro',	18),
(1377,	'Liwa',	18),
(1378,	'Kota Agung',	18),
(1379,	'Krui',	18),
(1380,	'Metro',	18),
(1381,	'Liwa',	18),
(1382,	'Kota Agung',	18),
(1383,	'Krui',	18),
(1384,	'Metro',	18),
(1385,	'Liwa',	18),
(1386,	'Kota Agung',	18),
(1387,	'Krui',	18),
(1388,	'Metro',	18),
(1389,	'Liwa',	18),
(1390,	'Kota Agung',	18),
(1391,	'Krui',	18),
(1392,	'Metro',	18),
(1393,	'Liwa',	18),
(1394,	'Kota Agung',	18),
(1395,	'Krui',	18),
(1396,	'Metro',	18),
(1397,	'Liwa',	18),
(1398,	'Kota Agung',	18),
(1399,	'Krui',	18),
(1400,	'Metro',	18),
(1401,	'Pangkal Pinang',	19),
(1402,	'Toboali',	19),
(1403,	'Sungailiat',	19),
(1404,	'Muntok',	19),
(1405,	'Koba',	19),
(1406,	'Toboali',	19),
(1407,	'Sungailiat',	19),
(1408,	'Muntok',	19),
(1409,	'Koba',	19),
(1410,	'Toboali',	19),
(1411,	'Sungailiat',	19),
(1412,	'Muntok',	19),
(1413,	'Koba',	19),
(1414,	'Toboali',	19),
(1415,	'Sungailiat',	19),
(1416,	'Muntok',	19),
(1417,	'Koba',	19),
(1418,	'Toboali',	19),
(1419,	'Sungailiat',	19),
(1420,	'Muntok',	19),
(1421,	'Koba',	19),
(1422,	'Toboali',	19),
(1423,	'Sungailiat',	19),
(1424,	'Muntok',	19),
(1425,	'Koba',	19),
(1426,	'Toboali',	19),
(1427,	'Sungailiat',	19),
(1428,	'Muntok',	19),
(1429,	'Koba',	19),
(1430,	'Toboali',	19),
(1431,	'Sungailiat',	19),
(1432,	'Muntok',	19),
(1433,	'Koba',	19),
(1434,	'Toboali',	19),
(1435,	'Sungailiat',	19),
(1436,	'Muntok',	19),
(1437,	'Koba',	19),
(1438,	'Toboali',	19),
(1439,	'Sungailiat',	19),
(1440,	'Muntok',	19),
(1441,	'Koba',	19),
(1442,	'Toboali',	19),
(1443,	'Sungailiat',	19),
(1444,	'Muntok',	19),
(1445,	'Koba',	19),
(1446,	'Toboali',	19),
(1447,	'Sungailiat',	19),
(1448,	'Muntok',	19),
(1449,	'Koba',	19),
(1450,	'Toboali',	19),
(1451,	'Tanjung Pinang',	21),
(1452,	'Batam',	21),
(1453,	'Tanjung Balai Karimun',	21),
(1454,	'Dabo Singkep',	21),
(1455,	'Bintan',	21),
(1456,	'Batam',	21),
(1457,	'Tanjung Balai Karimun',	21),
(1458,	'Dabo Singkep',	21),
(1459,	'Bintan',	21),
(1460,	'Batam',	21),
(1461,	'Tanjung Balai Karimun',	21),
(1462,	'Dabo Singkep',	21),
(1463,	'Bintan',	21),
(1464,	'Batam',	21),
(1465,	'Tanjung Balai Karimun',	21),
(1466,	'Dabo Singkep',	21),
(1467,	'Bintan',	21),
(1468,	'Batam',	21),
(1469,	'Tanjung Balai Karimun',	21),
(1470,	'Dabo Singkep',	21),
(1471,	'Bintan',	21),
(1472,	'Batam',	21),
(1473,	'Tanjung Balai Karimun',	21),
(1474,	'Dabo Singkep',	21),
(1475,	'Bintan',	21),
(1476,	'Batam',	21),
(1477,	'Tanjung Balai Karimun',	21),
(1478,	'Dabo Singkep',	21),
(1479,	'Bintan',	21),
(1480,	'Batam',	21),
(1481,	'Tanjung Balai Karimun',	21),
(1482,	'Dabo Singkep',	21),
(1483,	'Bintan',	21),
(1484,	'Batam',	21),
(1485,	'Tanjung Balai Karimun',	21),
(1486,	'Dabo Singkep',	21),
(1487,	'Bintan',	21),
(1488,	'Batam',	21),
(1489,	'Tanjung Balai Karimun',	21),
(1490,	'Dabo Singkep',	21),
(1491,	'Bintan',	21),
(1492,	'Batam',	21),
(1493,	'Tanjung Balai Karimun',	21),
(1494,	'Dabo Singkep',	21),
(1495,	'Bintan',	21),
(1496,	'Batam',	21),
(1497,	'Tanjung Balai Karimun',	21),
(1498,	'Dabo Singkep',	21),
(1499,	'Bintan',	21),
(1500,	'Batam',	21),
(1501,	'Jakarta',	31),
(1502,	'Jakarta Utara',	31),
(1503,	'Jakarta Barat',	31),
(1504,	'Jakarta Timur',	31),
(1505,	'Jakarta Selatan',	31),
(1506,	'Jakarta Pusat',	31),
(1507,	'Jakarta Utara',	31),
(1508,	'Jakarta Barat',	31),
(1509,	'Jakarta Timur',	31),
(1510,	'Jakarta Selatan',	31),
(1511,	'Jakarta Pusat',	31),
(1512,	'Jakarta Utara',	31),
(1513,	'Jakarta Barat',	31),
(1514,	'Jakarta Timur',	31),
(1515,	'Jakarta Selatan',	31),
(1516,	'Jakarta Pusat',	31),
(1517,	'Jakarta Utara',	31),
(1518,	'Jakarta Barat',	31),
(1519,	'Jakarta Timur',	31),
(1520,	'Jakarta Selatan',	31),
(1521,	'Jakarta Pusat',	31),
(1522,	'Jakarta Utara',	31),
(1523,	'Jakarta Barat',	31),
(1524,	'Jakarta Timur',	31),
(1525,	'Jakarta Selatan',	31),
(1526,	'Jakarta Pusat',	31),
(1527,	'Jakarta Utara',	31),
(1528,	'Jakarta Barat',	31),
(1529,	'Jakarta Timur',	31),
(1530,	'Jakarta Selatan',	31),
(1531,	'Jakarta Pusat',	31),
(1532,	'Jakarta Utara',	31),
(1533,	'Jakarta Barat',	31),
(1534,	'Jakarta Timur',	31),
(1535,	'Jakarta Selatan',	31),
(1536,	'Jakarta Pusat',	31),
(1537,	'Jakarta Utara',	31),
(1538,	'Jakarta Barat',	31),
(1539,	'Jakarta Timur',	31),
(1540,	'Jakarta Selatan',	31),
(1541,	'Jakarta Pusat',	31),
(1542,	'Jakarta Utara',	31),
(1543,	'Jakarta Barat',	31),
(1544,	'Jakarta Timur',	31),
(1545,	'Jakarta Selatan',	31),
(1546,	'Jakarta Pusat',	31),
(1547,	'Jakarta Utara',	31),
(1548,	'Jakarta Barat',	31),
(1549,	'Jakarta Timur',	31),
(1550,	'Jakarta Selatan',	31),
(1551,	'Bandung',	32),
(1552,	'Cimahi',	32),
(1553,	'Depok',	32),
(1554,	'Sukabumi',	32),
(1555,	'Bekasi',	32),
(1556,	'Bogor',	32),
(1557,	'Cirebon',	32),
(1558,	'Tasikmalaya',	32),
(1559,	'Cimahi',	32),
(1560,	'Depok',	32),
(1561,	'Sukabumi',	32),
(1562,	'Bekasi',	32),
(1563,	'Bogor',	32),
(1564,	'Cirebon',	32),
(1565,	'Tasikmalaya',	32),
(1566,	'Cimahi',	32),
(1567,	'Depok',	32),
(1568,	'Sukabumi',	32),
(1569,	'Bekasi',	32),
(1570,	'Bogor',	32),
(1571,	'Cirebon',	32),
(1572,	'Tasikmalaya',	32),
(1573,	'Cimahi',	32),
(1574,	'Depok',	32),
(1575,	'Sukabumi',	32),
(1576,	'Bekasi',	32),
(1577,	'Bogor',	32),
(1578,	'Cirebon',	32),
(1579,	'Tasikmalaya',	32),
(1580,	'Cimahi',	32),
(1581,	'Depok',	32),
(1582,	'Sukabumi',	32),
(1583,	'Bekasi',	32),
(1584,	'Bogor',	32),
(1585,	'Cirebon',	32),
(1586,	'Tasikmalaya',	32),
(1587,	'Cimahi',	32),
(1588,	'Depok',	32),
(1589,	'Sukabumi',	32),
(1590,	'Bekasi',	32),
(1591,	'Bogor',	32),
(1592,	'Cirebon',	32),
(1593,	'Tasikmalaya',	32),
(1594,	'Cimahi',	32),
(1595,	'Depok',	32),
(1596,	'Sukabumi',	32),
(1597,	'Bekasi',	32),
(1598,	'Bogor',	32),
(1599,	'Cirebon',	32),
(1600,	'Tasikmalaya',	32),
(1601,	'Semarang',	33),
(1602,	'Solo',	33),
(1603,	'Magelang',	33),
(1604,	'Pekalongan',	33),
(1605,	'Tegal',	33),
(1606,	'Salatiga',	33),
(1607,	'Solo',	33),
(1608,	'Magelang',	33),
(1609,	'Pekalongan',	33),
(1610,	'Tegal',	33),
(1611,	'Salatiga',	33),
(1612,	'Solo',	33),
(1613,	'Magelang',	33),
(1614,	'Pekalongan',	33),
(1615,	'Tegal',	33),
(1616,	'Salatiga',	33),
(1617,	'Solo',	33),
(1618,	'Magelang',	33),
(1619,	'Pekalongan',	33),
(1620,	'Tegal',	33),
(1621,	'Salatiga',	33),
(1622,	'Solo',	33),
(1623,	'Magelang',	33),
(1624,	'Pekalongan',	33),
(1625,	'Tegal',	33),
(1626,	'Salatiga',	33),
(1627,	'Solo',	33),
(1628,	'Magelang',	33),
(1629,	'Pekalongan',	33),
(1630,	'Tegal',	33),
(1631,	'Salatiga',	33),
(1632,	'Solo',	33),
(1633,	'Magelang',	33),
(1634,	'Pekalongan',	33),
(1635,	'Tegal',	33),
(1636,	'Salatiga',	33),
(1637,	'Solo',	33),
(1638,	'Magelang',	33),
(1639,	'Pekalongan',	33),
(1640,	'Tegal',	33),
(1641,	'Salatiga',	33),
(1642,	'Solo',	33),
(1643,	'Magelang',	33),
(1644,	'Pekalongan',	33),
(1645,	'Tegal',	33),
(1646,	'Salatiga',	33),
(1647,	'Solo',	33),
(1648,	'Magelang',	33),
(1649,	'Pekalongan',	33),
(1650,	'Tegal',	33),
(1651,	'Yogyakarta',	34),
(1652,	'Sleman',	34),
(1653,	'Bantul',	34),
(1654,	'Wonosari',	34),
(1655,	'Wates',	34),
(1656,	'Sleman',	34),
(1657,	'Bantul',	34),
(1658,	'Wonosari',	34),
(1659,	'Wates',	34),
(1660,	'Sleman',	34),
(1661,	'Bantul',	34),
(1662,	'Wonosari',	34),
(1663,	'Wates',	34),
(1664,	'Sleman',	34),
(1665,	'Bantul',	34),
(1666,	'Wonosari',	34),
(1667,	'Wates',	34),
(1668,	'Sleman',	34),
(1669,	'Bantul',	34),
(1670,	'Wonosari',	34),
(1671,	'Wates',	34),
(1672,	'Sleman',	34),
(1673,	'Bantul',	34),
(1674,	'Wonosari',	34),
(1675,	'Wates',	34),
(1676,	'Sleman',	34),
(1677,	'Bantul',	34),
(1678,	'Wonosari',	34),
(1679,	'Wates',	34),
(1680,	'Sleman',	34),
(1681,	'Bantul',	34),
(1682,	'Wonosari',	34),
(1683,	'Wates',	34),
(1684,	'Sleman',	34),
(1685,	'Bantul',	34),
(1686,	'Wonosari',	34),
(1687,	'Wates',	34),
(1688,	'Sleman',	34),
(1689,	'Bantul',	34),
(1690,	'Wonosari',	34),
(1691,	'Wates',	34),
(1692,	'Sleman',	34),
(1693,	'Bantul',	34),
(1694,	'Wonosari',	34),
(1695,	'Wates',	34),
(1696,	'Sleman',	34),
(1697,	'Bantul',	34),
(1698,	'Wonosari',	34),
(1699,	'Wates',	34),
(1700,	'Sleman',	34),
(1701,	'Surabaya',	35),
(1702,	'Malang',	35),
(1703,	'Batu',	35),
(1704,	'Madiun',	35),
(1705,	'Blitar',	35),
(1706,	'Kediri',	35),
(1707,	'Mojokerto',	35),
(1708,	'Jember',	35),
(1709,	'Malang',	35),
(1710,	'Batu',	35),
(1711,	'Madiun',	35),
(1712,	'Blitar',	35),
(1713,	'Kediri',	35),
(1714,	'Mojokerto',	35),
(1715,	'Jember',	35),
(1716,	'Malang',	35),
(1717,	'Batu',	35),
(1718,	'Madiun',	35),
(1719,	'Blitar',	35),
(1720,	'Kediri',	35),
(1721,	'Mojokerto',	35),
(1722,	'Jember',	35),
(1723,	'Malang',	35),
(1724,	'Batu',	35),
(1725,	'Madiun',	35),
(1726,	'Blitar',	35),
(1727,	'Kediri',	35),
(1728,	'Mojokerto',	35),
(1729,	'Jember',	35),
(1730,	'Malang',	35),
(1731,	'Batu',	35),
(1732,	'Madiun',	35),
(1733,	'Blitar',	35),
(1734,	'Kediri',	35),
(1735,	'Mojokerto',	35),
(1736,	'Jember',	35),
(1737,	'Malang',	35),
(1738,	'Batu',	35),
(1739,	'Madiun',	35),
(1740,	'Blitar',	35),
(1741,	'Kediri',	35),
(1742,	'Mojokerto',	35),
(1743,	'Jember',	35),
(1744,	'Malang',	35),
(1745,	'Batu',	35),
(1746,	'Madiun',	35),
(1747,	'Blitar',	35),
(1748,	'Kediri',	35),
(1749,	'Mojokerto',	35),
(1750,	'Jember',	35),
(1751,	'Serang',	36),
(1752,	'Cilegon',	36),
(1753,	'Tangerang',	36),
(1754,	'Pandeglang',	36),
(1755,	'Lebak',	36),
(1756,	'Cilegon',	36),
(1757,	'Tangerang',	36),
(1758,	'Pandeglang',	36),
(1759,	'Lebak',	36),
(1760,	'Cilegon',	36),
(1761,	'Tangerang',	36),
(1762,	'Pandeglang',	36),
(1763,	'Lebak',	36),
(1764,	'Cilegon',	36),
(1765,	'Tangerang',	36),
(1766,	'Pandeglang',	36),
(1767,	'Lebak',	36),
(1768,	'Cilegon',	36),
(1769,	'Tangerang',	36),
(1770,	'Pandeglang',	36),
(1771,	'Lebak',	36),
(1772,	'Cilegon',	36),
(1773,	'Tangerang',	36),
(1774,	'Pandeglang',	36),
(1775,	'Lebak',	36),
(1776,	'Cilegon',	36),
(1777,	'Tangerang',	36),
(1778,	'Pandeglang',	36),
(1779,	'Lebak',	36),
(1780,	'Cilegon',	36),
(1781,	'Tangerang',	36),
(1782,	'Pandeglang',	36),
(1783,	'Lebak',	36),
(1784,	'Cilegon',	36),
(1785,	'Tangerang',	36),
(1786,	'Pandeglang',	36),
(1787,	'Lebak',	36),
(1788,	'Cilegon',	36),
(1789,	'Tangerang',	36),
(1790,	'Pandeglang',	36),
(1791,	'Lebak',	36),
(1792,	'Cilegon',	36),
(1793,	'Tangerang',	36),
(1794,	'Pandeglang',	36),
(1795,	'Lebak',	36),
(1796,	'Cilegon',	36),
(1797,	'Tangerang',	36),
(1798,	'Pandeglang',	36),
(1799,	'Lebak',	36),
(1800,	'Cilegon',	36),
(1801,	'Denpasar',	51),
(1802,	'Singaraja',	51),
(1803,	'Tabanan',	51),
(1804,	'Gianyar',	51),
(1805,	'Klungkung',	51),
(1806,	'Singaraja',	51),
(1807,	'Tabanan',	51),
(1808,	'Gianyar',	51),
(1809,	'Klungkung',	51),
(1810,	'Singaraja',	51),
(1811,	'Tabanan',	51),
(1812,	'Gianyar',	51),
(1813,	'Klungkung',	51),
(1814,	'Singaraja',	51),
(1815,	'Tabanan',	51),
(1816,	'Gianyar',	51),
(1817,	'Klungkung',	51),
(1818,	'Singaraja',	51),
(1819,	'Tabanan',	51),
(1820,	'Gianyar',	51),
(1821,	'Klungkung',	51),
(1822,	'Singaraja',	51),
(1823,	'Tabanan',	51),
(1824,	'Gianyar',	51),
(1825,	'Klungkung',	51),
(1826,	'Singaraja',	51),
(1827,	'Tabanan',	51),
(1828,	'Gianyar',	51),
(1829,	'Klungkung',	51),
(1830,	'Singaraja',	51),
(1831,	'Tabanan',	51),
(1832,	'Gianyar',	51),
(1833,	'Klungkung',	51),
(1834,	'Singaraja',	51),
(1835,	'Tabanan',	51),
(1836,	'Gianyar',	51),
(1837,	'Klungkung',	51),
(1838,	'Singaraja',	51),
(1839,	'Tabanan',	51),
(1840,	'Gianyar',	51),
(1841,	'Klungkung',	51),
(1842,	'Singaraja',	51),
(1843,	'Tabanan',	51),
(1844,	'Gianyar',	51),
(1845,	'Klungkung',	51),
(1846,	'Singaraja',	51),
(1847,	'Tabanan',	51),
(1848,	'Gianyar',	51),
(1849,	'Klungkung',	51),
(1850,	'Singaraja',	51),
(1851,	'Mataram',	52),
(1852,	'Bima',	52),
(1853,	'Sumbawa',	52),
(1854,	'Dompu',	52),
(1855,	'Praya',	52),
(1856,	'Bima',	52),
(1857,	'Sumbawa',	52),
(1858,	'Dompu',	52),
(1859,	'Praya',	52),
(1860,	'Bima',	52),
(1861,	'Sumbawa',	52),
(1862,	'Dompu',	52),
(1863,	'Praya',	52),
(1864,	'Bima',	52),
(1865,	'Sumbawa',	52),
(1866,	'Dompu',	52),
(1867,	'Praya',	52),
(1868,	'Bima',	52),
(1869,	'Sumbawa',	52),
(1870,	'Dompu',	52),
(1871,	'Praya',	52),
(1872,	'Bima',	52),
(1873,	'Sumbawa',	52),
(1874,	'Dompu',	52),
(1875,	'Praya',	52),
(1876,	'Bima',	52),
(1877,	'Sumbawa',	52),
(1878,	'Dompu',	52),
(1879,	'Praya',	52),
(1880,	'Bima',	52),
(1881,	'Sumbawa',	52),
(1882,	'Dompu',	52),
(1883,	'Praya',	52),
(1884,	'Bima',	52),
(1885,	'Sumbawa',	52),
(1886,	'Dompu',	52),
(1887,	'Praya',	52),
(1888,	'Bima',	52),
(1889,	'Sumbawa',	52),
(1890,	'Dompu',	52),
(1891,	'Praya',	52),
(1892,	'Bima',	52),
(1893,	'Sumbawa',	52),
(1894,	'Dompu',	52),
(1895,	'Praya',	52),
(1896,	'Bima',	52),
(1897,	'Sumbawa',	52),
(1898,	'Dompu',	52),
(1899,	'Praya',	52),
(1900,	'Bima',	52),
(1901,	'Kupang',	53),
(1902,	'Atambua',	53),
(1903,	'Ende',	53),
(1904,	'Maumere',	53),
(1905,	'Ruteng',	53),
(1906,	'Atambua',	53),
(1907,	'Ende',	53),
(1908,	'Maumere',	53),
(1909,	'Ruteng',	53),
(1910,	'Atambua',	53),
(1911,	'Ende',	53),
(1912,	'Maumere',	53),
(1913,	'Ruteng',	53),
(1914,	'Atambua',	53),
(1915,	'Ende',	53),
(1916,	'Maumere',	53),
(1917,	'Ruteng',	53),
(1918,	'Atambua',	53),
(1919,	'Ende',	53),
(1920,	'Maumere',	53),
(1921,	'Ruteng',	53),
(1922,	'Atambua',	53),
(1923,	'Ende',	53),
(1924,	'Maumere',	53),
(1925,	'Ruteng',	53),
(1926,	'Atambua',	53),
(1927,	'Ende',	53),
(1928,	'Maumere',	53),
(1929,	'Ruteng',	53),
(1930,	'Atambua',	53),
(1931,	'Ende',	53),
(1932,	'Maumere',	53),
(1933,	'Ruteng',	53),
(1934,	'Atambua',	53),
(1935,	'Ende',	53),
(1936,	'Maumere',	53),
(1937,	'Ruteng',	53),
(1938,	'Atambua',	53),
(1939,	'Ende',	53),
(1940,	'Maumere',	53),
(1941,	'Ruteng',	53),
(1942,	'Atambua',	53),
(1943,	'Ende',	53),
(1944,	'Maumere',	53),
(1945,	'Ruteng',	53),
(1946,	'Atambua',	53),
(1947,	'Ende',	53),
(1948,	'Maumere',	53),
(1949,	'Ruteng',	53),
(1950,	'Atambua',	53),
(1951,	'Pontianak',	61),
(1952,	'Singkawang',	61),
(1953,	'Ketapang',	61),
(1954,	'Mempawah',	61),
(1955,	'Sambas',	61),
(1956,	'Singkawang',	61),
(1957,	'Ketapang',	61),
(1958,	'Mempawah',	61),
(1959,	'Sambas',	61),
(1960,	'Singkawang',	61),
(1961,	'Ketapang',	61),
(1962,	'Mempawah',	61),
(1963,	'Sambas',	61),
(1964,	'Singkawang',	61),
(1965,	'Ketapang',	61),
(1966,	'Mempawah',	61),
(1967,	'Sambas',	61),
(1968,	'Singkawang',	61),
(1969,	'Ketapang',	61),
(1970,	'Mempawah',	61),
(1971,	'Sambas',	61),
(1972,	'Singkawang',	61),
(1973,	'Ketapang',	61),
(1974,	'Mempawah',	61),
(1975,	'Sambas',	61),
(1976,	'Singkawang',	61),
(1977,	'Ketapang',	61),
(1978,	'Mempawah',	61),
(1979,	'Sambas',	61),
(1980,	'Singkawang',	61),
(1981,	'Ketapang',	61),
(1982,	'Mempawah',	61),
(1983,	'Sambas',	61),
(1984,	'Singkawang',	61),
(1985,	'Ketapang',	61),
(1986,	'Mempawah',	61),
(1987,	'Sambas',	61),
(1988,	'Singkawang',	61),
(1989,	'Ketapang',	61),
(1990,	'Mempawah',	61),
(1991,	'Sambas',	61),
(1992,	'Singkawang',	61),
(1993,	'Ketapang',	61),
(1994,	'Mempawah',	61),
(1995,	'Sambas',	61),
(1996,	'Singkawang',	61),
(1997,	'Ketapang',	61),
(1998,	'Mempawah',	61),
(1999,	'Sambas',	61),
(2000,	'Singkawang',	61),
(2001,	'Palangka Raya',	62),
(2002,	'Sampit',	62),
(2003,	'Pangkalan Bun',	62),
(2004,	'Muara Teweh',	62),
(2005,	'Kuala Kurun',	62),
(2006,	'Sampit',	62),
(2007,	'Pangkalan Bun',	62),
(2008,	'Muara Teweh',	62),
(2009,	'Kuala Kurun',	62),
(2010,	'Sampit',	62),
(2011,	'Pangkalan Bun',	62),
(2012,	'Muara Teweh',	62),
(2013,	'Kuala Kurun',	62),
(2014,	'Sampit',	62),
(2015,	'Pangkalan Bun',	62),
(2016,	'Muara Teweh',	62),
(2017,	'Kuala Kurun',	62),
(2018,	'Sampit',	62),
(2019,	'Pangkalan Bun',	62),
(2020,	'Muara Teweh',	62),
(2021,	'Kuala Kurun',	62),
(2022,	'Sampit',	62),
(2023,	'Pangkalan Bun',	62),
(2024,	'Muara Teweh',	62),
(2025,	'Kuala Kurun',	62),
(2026,	'Sampit',	62),
(2027,	'Pangkalan Bun',	62),
(2028,	'Muara Teweh',	62),
(2029,	'Kuala Kurun',	62),
(2030,	'Sampit',	62),
(2031,	'Pangkalan Bun',	62),
(2032,	'Muara Teweh',	62),
(2033,	'Kuala Kurun',	62),
(2034,	'Sampit',	62),
(2035,	'Pangkalan Bun',	62),
(2036,	'Muara Teweh',	62),
(2037,	'Kuala Kurun',	62),
(2038,	'Sampit',	62),
(2039,	'Pangkalan Bun',	62),
(2040,	'Muara Teweh',	62),
(2041,	'Kuala Kurun',	62),
(2042,	'Sampit',	62),
(2043,	'Pangkalan Bun',	62),
(2044,	'Muara Teweh',	62),
(2045,	'Kuala Kurun',	62),
(2046,	'Sampit',	62),
(2047,	'Pangkalan Bun',	62),
(2048,	'Muara Teweh',	62),
(2049,	'Kuala Kurun',	62),
(2050,	'Sampit',	62),
(2051,	'Banjarmasin',	63),
(2052,	'Banjarbaru',	63),
(2053,	'Marabahan',	63),
(2054,	'Kandangan',	63),
(2055,	'Rantau',	63),
(2056,	'Banjarbaru',	63),
(2057,	'Marabahan',	63),
(2058,	'Kandangan',	63),
(2059,	'Rantau',	63),
(2060,	'Banjarbaru',	63),
(2061,	'Marabahan',	63),
(2062,	'Kandangan',	63),
(2063,	'Rantau',	63),
(2064,	'Banjarbaru',	63),
(2065,	'Marabahan',	63),
(2066,	'Kandangan',	63),
(2067,	'Rantau',	63),
(2068,	'Banjarbaru',	63),
(2069,	'Marabahan',	63),
(2070,	'Kandangan',	63),
(2071,	'Rantau',	63),
(2072,	'Banjarbaru',	63),
(2073,	'Marabahan',	63),
(2074,	'Kandangan',	63),
(2075,	'Rantau',	63),
(2076,	'Banjarbaru',	63),
(2077,	'Marabahan',	63),
(2078,	'Kandangan',	63),
(2079,	'Rantau',	63),
(2080,	'Banjarbaru',	63),
(2081,	'Marabahan',	63),
(2082,	'Kandangan',	63),
(2083,	'Rantau',	63),
(2084,	'Banjarbaru',	63),
(2085,	'Marabahan',	63),
(2086,	'Kandangan',	63),
(2087,	'Rantau',	63),
(2088,	'Banjarbaru',	63),
(2089,	'Marabahan',	63),
(2090,	'Kandangan',	63),
(2091,	'Rantau',	63),
(2092,	'Banjarbaru',	63),
(2093,	'Marabahan',	63),
(2094,	'Kandangan',	63),
(2095,	'Rantau',	63),
(2096,	'Banjarbaru',	63),
(2097,	'Marabahan',	63),
(2098,	'Kandangan',	63),
(2099,	'Rantau',	63),
(2100,	'Banjarbaru',	63),
(2101,	'Samarinda',	64),
(2102,	'Balikpapan',	64),
(2103,	'Bontang',	64),
(2104,	'Tenggarong',	64),
(2105,	'Sangatta',	64),
(2106,	'Balikpapan',	64),
(2107,	'Bontang',	64),
(2108,	'Tenggarong',	64),
(2109,	'Sangatta',	64),
(2110,	'Balikpapan',	64),
(2111,	'Bontang',	64),
(2112,	'Tenggarong',	64),
(2113,	'Sangatta',	64),
(2114,	'Balikpapan',	64),
(2115,	'Bontang',	64),
(2116,	'Tenggarong',	64),
(2117,	'Sangatta',	64),
(2118,	'Balikpapan',	64),
(2119,	'Bontang',	64),
(2120,	'Tenggarong',	64),
(2121,	'Sangatta',	64),
(2122,	'Balikpapan',	64),
(2123,	'Bontang',	64),
(2124,	'Tenggarong',	64),
(2125,	'Sangatta',	64),
(2126,	'Balikpapan',	64),
(2127,	'Bontang',	64),
(2128,	'Tenggarong',	64),
(2129,	'Sangatta',	64),
(2130,	'Balikpapan',	64),
(2131,	'Bontang',	64),
(2132,	'Tenggarong',	64),
(2133,	'Sangatta',	64),
(2134,	'Balikpapan',	64),
(2135,	'Bontang',	64),
(2136,	'Tenggarong',	64),
(2137,	'Sangatta',	64),
(2138,	'Balikpapan',	64),
(2139,	'Bontang',	64),
(2140,	'Tenggarong',	64),
(2141,	'Sangatta',	64),
(2142,	'Balikpapan',	64),
(2143,	'Bontang',	64),
(2144,	'Tenggarong',	64),
(2145,	'Sangatta',	64),
(2146,	'Balikpapan',	64),
(2147,	'Bontang',	64),
(2148,	'Tenggarong',	64),
(2149,	'Sangatta',	64),
(2150,	'Balikpapan',	64),
(2151,	'Tanjung Selor',	65),
(2152,	'Tarakan',	65),
(2153,	'Nunukan',	65),
(2154,	'Malinau',	65),
(2155,	'Tarakan',	65),
(2156,	'Nunukan',	65),
(2157,	'Malinau',	65),
(2158,	'Tarakan',	65),
(2159,	'Nunukan',	65),
(2160,	'Malinau',	65),
(2161,	'Tarakan',	65),
(2162,	'Nunukan',	65),
(2163,	'Malinau',	65),
(2164,	'Tarakan',	65),
(2165,	'Nunukan',	65),
(2166,	'Malinau',	65),
(2167,	'Tarakan',	65),
(2168,	'Nunukan',	65),
(2169,	'Malinau',	65),
(2170,	'Tarakan',	65),
(2171,	'Nunukan',	65),
(2172,	'Malinau',	65),
(2173,	'Tarakan',	65),
(2174,	'Nunukan',	65),
(2175,	'Malinau',	65),
(2176,	'Tarakan',	65),
(2177,	'Nunukan',	65),
(2178,	'Malinau',	65),
(2179,	'Tarakan',	65),
(2180,	'Nunukan',	65),
(2181,	'Malinau',	65),
(2182,	'Tarakan',	65),
(2183,	'Nunukan',	65),
(2184,	'Malinau',	65),
(2185,	'Tarakan',	65),
(2186,	'Nunukan',	65),
(2187,	'Malinau',	65),
(2188,	'Tarakan',	65),
(2189,	'Nunukan',	65),
(2190,	'Malinau',	65),
(2191,	'Tarakan',	65),
(2192,	'Nunukan',	65),
(2193,	'Malinau',	65),
(2194,	'Tarakan',	65),
(2195,	'Nunukan',	65),
(2196,	'Malinau',	65),
(2197,	'Tarakan',	65),
(2198,	'Nunukan',	65),
(2199,	'Malinau',	65),
(2200,	'Tarakan',	65),
(2201,	'Manado',	71),
(2202,	'Bitung',	71),
(2203,	'Tomohon',	71),
(2204,	'Kotamobagu',	71),
(2205,	'Bitung',	71),
(2206,	'Tomohon',	71),
(2207,	'Kotamobagu',	71),
(2208,	'Bitung',	71),
(2209,	'Tomohon',	71),
(2210,	'Kotamobagu',	71),
(2211,	'Bitung',	71),
(2212,	'Tomohon',	71),
(2213,	'Kotamobagu',	71),
(2214,	'Bitung',	71),
(2215,	'Tomohon',	71),
(2216,	'Kotamobagu',	71),
(2217,	'Bitung',	71),
(2218,	'Tomohon',	71),
(2219,	'Kotamobagu',	71),
(2220,	'Bitung',	71),
(2221,	'Tomohon',	71),
(2222,	'Kotamobagu',	71),
(2223,	'Bitung',	71),
(2224,	'Tomohon',	71),
(2225,	'Kotamobagu',	71),
(2226,	'Bitung',	71),
(2227,	'Tomohon',	71),
(2228,	'Kotamobagu',	71),
(2229,	'Bitung',	71),
(2230,	'Tomohon',	71),
(2231,	'Kotamobagu',	71),
(2232,	'Bitung',	71),
(2233,	'Tomohon',	71),
(2234,	'Kotamobagu',	71),
(2235,	'Bitung',	71),
(2236,	'Tomohon',	71),
(2237,	'Kotamobagu',	71),
(2238,	'Bitung',	71),
(2239,	'Tomohon',	71),
(2240,	'Kotamobagu',	71),
(2241,	'Bitung',	71),
(2242,	'Tomohon',	71),
(2243,	'Kotamobagu',	71),
(2244,	'Bitung',	71),
(2245,	'Tomohon',	71),
(2246,	'Kotamobagu',	71),
(2247,	'Bitung',	71),
(2248,	'Tomohon',	71),
(2249,	'Kotamobagu',	71),
(2250,	'Bitung',	71),
(2251,	'Palu',	72),
(2252,	'Donggala',	72),
(2253,	'Tolitoli',	72),
(2254,	'Banggai',	72),
(2255,	'Poso',	72),
(2256,	'Donggala',	72),
(2257,	'Tolitoli',	72),
(2258,	'Banggai',	72),
(2259,	'Poso',	72),
(2260,	'Donggala',	72),
(2261,	'Tolitoli',	72),
(2262,	'Banggai',	72),
(2263,	'Poso',	72),
(2264,	'Donggala',	72),
(2265,	'Tolitoli',	72),
(2266,	'Banggai',	72),
(2267,	'Poso',	72),
(2268,	'Donggala',	72),
(2269,	'Tolitoli',	72),
(2270,	'Banggai',	72),
(2271,	'Poso',	72),
(2272,	'Donggala',	72),
(2273,	'Tolitoli',	72),
(2274,	'Banggai',	72),
(2275,	'Poso',	72),
(2276,	'Donggala',	72),
(2277,	'Tolitoli',	72),
(2278,	'Banggai',	72),
(2279,	'Poso',	72),
(2280,	'Donggala',	72),
(2281,	'Tolitoli',	72),
(2282,	'Banggai',	72),
(2283,	'Poso',	72),
(2284,	'Donggala',	72),
(2285,	'Tolitoli',	72),
(2286,	'Banggai',	72),
(2287,	'Poso',	72),
(2288,	'Donggala',	72),
(2289,	'Tolitoli',	72),
(2290,	'Banggai',	72),
(2291,	'Poso',	72),
(2292,	'Donggala',	72),
(2293,	'Tolitoli',	72),
(2294,	'Banggai',	72),
(2295,	'Poso',	72),
(2296,	'Donggala',	72),
(2297,	'Tolitoli',	72),
(2298,	'Banggai',	72),
(2299,	'Poso',	72),
(2300,	'Donggala',	72),
(2301,	'Makassar',	73),
(2302,	'Parepare',	73),
(2303,	'Palopo',	73),
(2304,	'Sungguminasa',	73),
(2305,	'Maros',	73),
(2306,	'Parepare',	73),
(2307,	'Palopo',	73),
(2308,	'Sungguminasa',	73),
(2309,	'Maros',	73),
(2310,	'Parepare',	73),
(2311,	'Palopo',	73),
(2312,	'Sungguminasa',	73),
(2313,	'Maros',	73),
(2314,	'Parepare',	73),
(2315,	'Palopo',	73),
(2316,	'Sungguminasa',	73),
(2317,	'Maros',	73),
(2318,	'Parepare',	73),
(2319,	'Palopo',	73),
(2320,	'Sungguminasa',	73),
(2321,	'Maros',	73),
(2322,	'Parepare',	73),
(2323,	'Palopo',	73),
(2324,	'Sungguminasa',	73),
(2325,	'Maros',	73),
(2326,	'Parepare',	73),
(2327,	'Palopo',	73),
(2328,	'Sungguminasa',	73),
(2329,	'Maros',	73),
(2330,	'Parepare',	73),
(2331,	'Palopo',	73),
(2332,	'Sungguminasa',	73),
(2333,	'Maros',	73),
(2334,	'Parepare',	73),
(2335,	'Palopo',	73),
(2336,	'Sungguminasa',	73),
(2337,	'Maros',	73),
(2338,	'Parepare',	73),
(2339,	'Palopo',	73),
(2340,	'Sungguminasa',	73),
(2341,	'Maros',	73),
(2342,	'Parepare',	73),
(2343,	'Palopo',	73),
(2344,	'Sungguminasa',	73),
(2345,	'Maros',	73),
(2346,	'Parepare',	73),
(2347,	'Palopo',	73),
(2348,	'Sungguminasa',	73),
(2349,	'Maros',	73),
(2350,	'Parepare',	73),
(2351,	'Kendari',	74),
(2352,	'Baubau',	74),
(2353,	'Kolaka',	74),
(2354,	'Raha',	74),
(2355,	'Baubau',	74),
(2356,	'Kolaka',	74),
(2357,	'Raha',	74),
(2358,	'Baubau',	74),
(2359,	'Kolaka',	74),
(2360,	'Raha',	74),
(2361,	'Baubau',	74),
(2362,	'Kolaka',	74),
(2363,	'Raha',	74),
(2364,	'Baubau',	74),
(2365,	'Kolaka',	74),
(2366,	'Raha',	74),
(2367,	'Baubau',	74),
(2368,	'Kolaka',	74),
(2369,	'Raha',	74),
(2370,	'Baubau',	74),
(2371,	'Kolaka',	74),
(2372,	'Raha',	74),
(2373,	'Baubau',	74),
(2374,	'Kolaka',	74),
(2375,	'Raha',	74),
(2376,	'Baubau',	74),
(2377,	'Kolaka',	74),
(2378,	'Raha',	74),
(2379,	'Baubau',	74),
(2380,	'Kolaka',	74),
(2381,	'Raha',	74),
(2382,	'Baubau',	74),
(2383,	'Kolaka',	74),
(2384,	'Raha',	74),
(2385,	'Baubau',	74),
(2386,	'Kolaka',	74),
(2387,	'Raha',	74),
(2388,	'Baubau',	74),
(2389,	'Kolaka',	74),
(2390,	'Raha',	74),
(2391,	'Baubau',	74),
(2392,	'Kolaka',	74),
(2393,	'Raha',	74),
(2394,	'Baubau',	74),
(2395,	'Kolaka',	74),
(2396,	'Raha',	74),
(2397,	'Baubau',	74),
(2398,	'Kolaka',	74),
(2399,	'Raha',	74),
(2400,	'Baubau',	74),
(2401,	'Gorontalo',	75),
(2402,	'Limboto',	75),
(2403,	'Tilamuta',	75),
(2404,	'Marisa',	75),
(2405,	'Limboto',	75),
(2406,	'Tilamuta',	75),
(2407,	'Marisa',	75),
(2408,	'Limboto',	75),
(2409,	'Tilamuta',	75),
(2410,	'Marisa',	75),
(2411,	'Limboto',	75),
(2412,	'Tilamuta',	75),
(2413,	'Marisa',	75),
(2414,	'Limboto',	75),
(2415,	'Tilamuta',	75),
(2416,	'Marisa',	75),
(2417,	'Limboto',	75),
(2418,	'Tilamuta',	75),
(2419,	'Marisa',	75),
(2420,	'Limboto',	75),
(2421,	'Tilamuta',	75),
(2422,	'Marisa',	75),
(2423,	'Limboto',	75),
(2424,	'Tilamuta',	75),
(2425,	'Marisa',	75),
(2426,	'Limboto',	75),
(2427,	'Tilamuta',	75),
(2428,	'Marisa',	75),
(2429,	'Limboto',	75),
(2430,	'Tilamuta',	75),
(2431,	'Marisa',	75),
(2432,	'Limboto',	75),
(2433,	'Tilamuta',	75),
(2434,	'Marisa',	75),
(2435,	'Limboto',	75),
(2436,	'Tilamuta',	75),
(2437,	'Marisa',	75),
(2438,	'Limboto',	75),
(2439,	'Tilamuta',	75),
(2440,	'Marisa',	75),
(2441,	'Limboto',	75),
(2442,	'Tilamuta',	75),
(2443,	'Marisa',	75),
(2444,	'Limboto',	75),
(2445,	'Tilamuta',	75),
(2446,	'Marisa',	75),
(2447,	'Limboto',	75),
(2448,	'Tilamuta',	75),
(2449,	'Marisa',	75),
(2450,	'Limboto',	75),
(2451,	'Mamuju',	76),
(2452,	'Majene',	76),
(2453,	'Polewali',	76),
(2454,	'Mamasa',	76),
(2455,	'Majene',	76),
(2456,	'Polewali',	76),
(2457,	'Mamasa',	76),
(2458,	'Majene',	76),
(2459,	'Polewali',	76),
(2460,	'Mamasa',	76),
(2461,	'Majene',	76),
(2462,	'Polewali',	76),
(2463,	'Mamasa',	76),
(2464,	'Majene',	76),
(2465,	'Polewali',	76),
(2466,	'Mamasa',	76),
(2467,	'Majene',	76),
(2468,	'Polewali',	76),
(2469,	'Mamasa',	76),
(2470,	'Majene',	76),
(2471,	'Polewali',	76),
(2472,	'Mamasa',	76),
(2473,	'Majene',	76),
(2474,	'Polewali',	76),
(2475,	'Mamasa',	76),
(2476,	'Majene',	76),
(2477,	'Polewali',	76),
(2478,	'Mamasa',	76),
(2479,	'Majene',	76),
(2480,	'Polewali',	76),
(2481,	'Mamasa',	76),
(2482,	'Majene',	76),
(2483,	'Polewali',	76),
(2484,	'Mamasa',	76),
(2485,	'Majene',	76),
(2486,	'Polewali',	76),
(2487,	'Mamasa',	76),
(2488,	'Majene',	76),
(2489,	'Polewali',	76),
(2490,	'Mamasa',	76),
(2491,	'Majene',	76),
(2492,	'Polewali',	76),
(2493,	'Mamasa',	76),
(2494,	'Majene',	76),
(2495,	'Polewali',	76),
(2496,	'Mamasa',	76),
(2497,	'Majene',	76),
(2498,	'Polewali',	76),
(2499,	'Mamasa',	76),
(2500,	'Majene',	76),
(2501,	'Ambon',	81),
(2502,	'Tual',	81),
(2503,	'Saumlaki',	81),
(2504,	'Masohi',	81),
(2505,	'Tual',	81),
(2506,	'Saumlaki',	81),
(2507,	'Masohi',	81),
(2508,	'Tual',	81),
(2509,	'Saumlaki',	81),
(2510,	'Masohi',	81),
(2511,	'Tual',	81),
(2512,	'Saumlaki',	81),
(2513,	'Masohi',	81),
(2514,	'Tual',	81),
(2515,	'Saumlaki',	81),
(2516,	'Masohi',	81),
(2517,	'Tual',	81),
(2518,	'Saumlaki',	81),
(2519,	'Masohi',	81),
(2520,	'Tual',	81),
(2521,	'Saumlaki',	81),
(2522,	'Masohi',	81),
(2523,	'Tual',	81),
(2524,	'Saumlaki',	81),
(2525,	'Masohi',	81),
(2526,	'Tual',	81),
(2527,	'Saumlaki',	81),
(2528,	'Masohi',	81),
(2529,	'Tual',	81),
(2530,	'Saumlaki',	81),
(2531,	'Masohi',	81),
(2532,	'Tual',	81),
(2533,	'Saumlaki',	81),
(2534,	'Masohi',	81),
(2535,	'Tual',	81),
(2536,	'Saumlaki',	81),
(2537,	'Masohi',	81),
(2538,	'Tual',	81),
(2539,	'Saumlaki',	81),
(2540,	'Masohi',	81),
(2541,	'Tual',	81),
(2542,	'Saumlaki',	81),
(2543,	'Masohi',	81),
(2544,	'Tual',	81),
(2545,	'Saumlaki',	81),
(2546,	'Masohi',	81),
(2547,	'Tual',	81),
(2548,	'Saumlaki',	81),
(2549,	'Masohi',	81),
(2550,	'Tual',	81),
(2551,	'Sofifi',	82),
(2552,	'Ternate',	82),
(2553,	'Tidore',	82),
(2554,	'Tobelo',	82),
(2555,	'Ternate',	82),
(2556,	'Tidore',	82),
(2557,	'Tobelo',	82),
(2558,	'Ternate',	82),
(2559,	'Tidore',	82),
(2560,	'Tobelo',	82),
(2561,	'Ternate',	82),
(2562,	'Tidore',	82),
(2563,	'Tobelo',	82),
(2564,	'Ternate',	82),
(2565,	'Tidore',	82),
(2566,	'Tobelo',	82),
(2567,	'Ternate',	82),
(2568,	'Tidore',	82),
(2569,	'Tobelo',	82),
(2570,	'Ternate',	82),
(2571,	'Tidore',	82),
(2572,	'Tobelo',	82),
(2573,	'Ternate',	82),
(2574,	'Tidore',	82),
(2575,	'Tobelo',	82),
(2576,	'Ternate',	82),
(2577,	'Tidore',	82),
(2578,	'Tobelo',	82),
(2579,	'Ternate',	82),
(2580,	'Tidore',	82),
(2581,	'Tobelo',	82),
(2582,	'Ternate',	82),
(2583,	'Tidore',	82),
(2584,	'Tobelo',	82),
(2585,	'Ternate',	82),
(2586,	'Tidore',	82),
(2587,	'Tobelo',	82),
(2588,	'Ternate',	82),
(2589,	'Tidore',	82),
(2590,	'Tobelo',	82),
(2591,	'Ternate',	82),
(2592,	'Tidore',	82),
(2593,	'Tobelo',	82),
(2594,	'Ternate',	82),
(2595,	'Tidore',	82),
(2596,	'Tobelo',	82),
(2597,	'Ternate',	82),
(2598,	'Tidore',	82),
(2599,	'Tobelo',	82),
(2600,	'Ternate',	82),
(2601,	'Jayapura',	91),
(2602,	'Merauke',	91),
(2603,	'Nabire',	91),
(2604,	'Timika',	91),
(2605,	'Merauke',	91),
(2606,	'Nabire',	91),
(2607,	'Timika',	91),
(2608,	'Merauke',	91),
(2609,	'Nabire',	91),
(2610,	'Timika',	91),
(2611,	'Merauke',	91),
(2612,	'Nabire',	91),
(2613,	'Timika',	91),
(2614,	'Merauke',	91),
(2615,	'Nabire',	91),
(2616,	'Timika',	91),
(2617,	'Merauke',	91),
(2618,	'Nabire',	91),
(2619,	'Timika',	91),
(2620,	'Merauke',	91),
(2621,	'Nabire',	91),
(2622,	'Timika',	91),
(2623,	'Merauke',	91),
(2624,	'Nabire',	91),
(2625,	'Timika',	91),
(2626,	'Merauke',	91),
(2627,	'Nabire',	91),
(2628,	'Timika',	91),
(2629,	'Merauke',	91),
(2630,	'Nabire',	91),
(2631,	'Timika',	91),
(2632,	'Merauke',	91),
(2633,	'Nabire',	91),
(2634,	'Timika',	91),
(2635,	'Merauke',	91),
(2636,	'Nabire',	91),
(2637,	'Timika',	91),
(2638,	'Merauke',	91),
(2639,	'Nabire',	91),
(2640,	'Timika',	91),
(2641,	'Merauke',	91),
(2642,	'Nabire',	91),
(2643,	'Timika',	91),
(2644,	'Merauke',	91),
(2645,	'Nabire',	91),
(2646,	'Timika',	91),
(2647,	'Merauke',	91),
(2648,	'Nabire',	91),
(2649,	'Timika',	91),
(2650,	'Merauke',	91),
(2651,	'Manokwari',	92),
(2652,	'Sorong',	92),
(2653,	'Raja Ampat',	92),
(2654,	'Fakfak',	92),
(2655,	'Sorong',	92),
(2656,	'Raja Ampat',	92),
(2657,	'Fakfak',	92),
(2658,	'Sorong',	92),
(2659,	'Raja Ampat',	92),
(2660,	'Fakfak',	92),
(2661,	'Sorong',	92),
(2662,	'Raja Ampat',	92),
(2663,	'Fakfak',	92),
(2664,	'Sorong',	92),
(2665,	'Raja Ampat',	92),
(2666,	'Fakfak',	92),
(2667,	'Sorong',	92),
(2668,	'Raja Ampat',	92),
(2669,	'Fakfak',	92),
(2670,	'Sorong',	92),
(2671,	'Raja Ampat',	92),
(2672,	'Fakfak',	92),
(2673,	'Sorong',	92),
(2674,	'Raja Ampat',	92),
(2675,	'Fakfak',	92),
(2676,	'Sorong',	92),
(2677,	'Raja Ampat',	92),
(2678,	'Fakfak',	92),
(2679,	'Sorong',	92),
(2680,	'Raja Ampat',	92),
(2681,	'Fakfak',	92),
(2682,	'Sorong',	92),
(2683,	'Raja Ampat',	92),
(2684,	'Fakfak',	92),
(2685,	'Sorong',	92),
(2686,	'Raja Ampat',	92),
(2687,	'Fakfak',	92),
(2688,	'Sorong',	92),
(2689,	'Raja Ampat',	92),
(2690,	'Fakfak',	92),
(2691,	'Sorong',	92),
(2692,	'Raja Ampat',	92),
(2693,	'Fakfak',	92),
(2694,	'Sorong',	92),
(2695,	'Raja Ampat',	92),
(2696,	'Fakfak',	92),
(2697,	'Sorong',	92),
(2698,	'Raja Ampat',	92),
(2699,	'Fakfak',	92),
(2700,	'Sorong',	92);

INSERT INTO `sekolah` (`id`, `nama`, `alamat`, `kab_kota_id`, `akreditasi_id`) VALUES
(1,	'Topdrive',	NULL,	1851,	4),
(2,	'Oyope',	NULL,	1934,	4),
(3,	'Twimm',	NULL,	1842,	2),
(4,	'Oyondu',	NULL,	2163,	4),
(5,	'Roodel',	NULL,	1707,	4),
(6,	'Meetz',	NULL,	1345,	1),
(7,	'Wikizz',	NULL,	1279,	4),
(8,	'Voonyx',	NULL,	2450,	2),
(9,	'Photojam',	NULL,	1278,	3),
(10,	'Feedfish',	NULL,	2399,	1),
(11,	'Quimba',	NULL,	1597,	3),
(12,	'Dabjam',	NULL,	1504,	2),
(13,	'Mudo',	NULL,	1993,	4),
(14,	'Vidoo',	NULL,	2207,	4),
(15,	'Skynoodle',	NULL,	1063,	3),
(16,	'Katz',	NULL,	1002,	4),
(17,	'BlogXS',	NULL,	2630,	3),
(18,	'Gigazoom',	NULL,	1097,	2),
(19,	'Lajo',	NULL,	1475,	2),
(20,	'Yodel',	NULL,	1062,	3),
(21,	'Demimbu',	NULL,	2005,	3),
(22,	'Linklinks',	NULL,	1601,	2),
(23,	'Gevee',	NULL,	1534,	3),
(24,	'Pixoboo',	NULL,	1523,	3),
(25,	'Yambee',	NULL,	1217,	3),
(26,	'Reallinks',	NULL,	1989,	4),
(27,	'Babbleset',	NULL,	1747,	4),
(28,	'Chatterpoint',	NULL,	2385,	1),
(29,	'InnoZ',	NULL,	1119,	3),
(30,	'Janyx',	NULL,	1029,	4),
(31,	'Oyoba',	NULL,	1700,	1),
(32,	'Innotype',	NULL,	1557,	1),
(33,	'Zoonoodle',	NULL,	1512,	3),
(34,	'Zoomcast',	NULL,	1883,	4),
(35,	'Zoombeat',	NULL,	1246,	2),
(36,	'Browsedrive',	NULL,	2322,	2),
(37,	'Wikibox',	NULL,	2005,	2),
(38,	'Digitube',	NULL,	2463,	1),
(39,	'Meetz',	NULL,	1879,	4),
(40,	'Kazu',	NULL,	2301,	2),
(41,	'Yata',	NULL,	1201,	2),
(42,	'Skynoodle',	NULL,	1144,	3),
(43,	'Realcube',	NULL,	1816,	1),
(44,	'Skyble',	NULL,	2628,	1),
(45,	'Vimbo',	NULL,	2526,	2),
(46,	'Livetube',	NULL,	1676,	1),
(47,	'Blogtags',	NULL,	2664,	2),
(48,	'Zooveo',	NULL,	2282,	4),
(49,	'Dabtype',	NULL,	2670,	2),
(50,	'Fivespan',	NULL,	2080,	2),
(51,	'Eazzy',	NULL,	2162,	1),
(52,	'Wordtune',	NULL,	1173,	2),
(53,	'Tagtune',	NULL,	2078,	3),
(54,	'Yoveo',	NULL,	1188,	3),
(55,	'Fivebridge',	NULL,	2503,	3),
(56,	'InnoZ',	NULL,	1179,	1),
(57,	'Mynte',	NULL,	2478,	3),
(58,	'DabZ',	NULL,	1771,	2),
(59,	'Oodoo',	NULL,	1545,	2),
(60,	'Topiclounge',	NULL,	1431,	1),
(61,	'Jetwire',	NULL,	1001,	3),
(62,	'Thoughtbeat',	NULL,	1163,	3),
(63,	'Rhynyx',	NULL,	1908,	4),
(64,	'Jayo',	NULL,	1236,	3),
(65,	'Bluezoom',	NULL,	1994,	2),
(66,	'Bubbletube',	NULL,	2164,	2),
(67,	'Cogilith',	NULL,	1304,	3),
(68,	'Snaptags',	NULL,	2503,	4),
(69,	'Leenti',	NULL,	1291,	3),
(70,	'Livetube',	NULL,	1437,	2),
(71,	'Browseblab',	NULL,	1265,	4),
(72,	'Blognation',	NULL,	1769,	2),
(73,	'Leexo',	NULL,	1454,	3),
(74,	'Ntags',	NULL,	2340,	2),
(75,	'Shuffledrive',	NULL,	1836,	4),
(76,	'Zoomlounge',	NULL,	1777,	2),
(77,	'Zoomcast',	NULL,	1928,	4),
(78,	'Gigashots',	NULL,	2335,	4),
(79,	'Cogilith',	NULL,	2055,	4),
(80,	'Oyoloo',	NULL,	1419,	4),
(81,	'Zoozzy',	NULL,	1435,	1),
(82,	'Kwimbee',	NULL,	2612,	4),
(83,	'Gabspot',	NULL,	1903,	2),
(84,	'Topicblab',	NULL,	1802,	2),
(85,	'Nlounge',	NULL,	1767,	1),
(86,	'Mycat',	NULL,	2425,	1),
(87,	'Rhycero',	NULL,	2020,	2),
(88,	'Kazio',	NULL,	1207,	4),
(89,	'Mymm',	NULL,	2645,	2),
(90,	'Ainyx',	NULL,	1786,	2),
(91,	'Teklist',	NULL,	2643,	4),
(92,	'Shufflester',	NULL,	2422,	2),
(93,	'Jabbertype',	NULL,	2475,	2),
(94,	'Tagtune',	NULL,	2090,	1),
(95,	'Zoomdog',	NULL,	2272,	4),
(96,	'Devpulse',	NULL,	2432,	1),
(97,	'Youfeed',	NULL,	2654,	4),
(98,	'Trunyx',	NULL,	2487,	3),
(99,	'Shufflester',	NULL,	1443,	4),
(100,	'Feedfish',	NULL,	1010,	3),
(101,	'Browsetype',	NULL,	2305,	3),
(102,	'Topdrive',	NULL,	1948,	2),
(103,	'Riffpath',	NULL,	1953,	3),
(104,	'Devify',	NULL,	1886,	2),
(105,	'InnoZ',	NULL,	1441,	1),
(106,	'Skiba',	NULL,	2384,	4),
(107,	'Linklinks',	NULL,	2130,	1),
(108,	'Kwinu',	NULL,	1125,	4),
(109,	'Riffpath',	NULL,	1912,	2),
(110,	'Topiczoom',	NULL,	2571,	1),
(111,	'Blogpad',	NULL,	1806,	2),
(112,	'Jamia',	NULL,	1454,	1),
(113,	'Zoomdog',	NULL,	2281,	1),
(114,	'Aivee',	NULL,	1798,	3),
(115,	'Midel',	NULL,	1041,	3),
(116,	'Riffpedia',	NULL,	1434,	3),
(117,	'Livefish',	NULL,	1024,	3),
(118,	'Topicblab',	NULL,	2298,	1),
(119,	'Mynte',	NULL,	2023,	2),
(120,	'Pixoboo',	NULL,	1206,	3),
(121,	'Edgewire',	NULL,	1860,	1),
(122,	'Tagchat',	NULL,	1303,	1),
(123,	'Cogidoo',	NULL,	1617,	4),
(124,	'Viva',	NULL,	1792,	1),
(125,	'Devpoint',	NULL,	1782,	4),
(126,	'Kamba',	NULL,	1193,	1),
(127,	'Eidel',	NULL,	2417,	2),
(128,	'Wikizz',	NULL,	2033,	4),
(129,	'Gigaclub',	NULL,	1613,	1),
(130,	'Cogilith',	NULL,	2244,	3),
(131,	'Rhycero',	NULL,	2081,	4),
(132,	'BlogXS',	NULL,	2125,	1),
(133,	'Livefish',	NULL,	1297,	2),
(134,	'Skimia',	NULL,	2504,	3),
(135,	'Mynte',	NULL,	1042,	4),
(136,	'Leenti',	NULL,	2140,	1),
(137,	'Divanoodle',	NULL,	1358,	2),
(138,	'Photofeed',	NULL,	1951,	3),
(139,	'Skajo',	NULL,	1591,	4),
(140,	'Eire',	NULL,	2270,	3),
(141,	'Jamia',	NULL,	2635,	4),
(142,	'Yakijo',	NULL,	1316,	3),
(143,	'Plambee',	NULL,	1560,	1),
(144,	'Avavee',	NULL,	2023,	4),
(145,	'Eadel',	NULL,	1004,	1),
(146,	'Thoughtbeat',	NULL,	2521,	4),
(147,	'Yambee',	NULL,	2198,	1),
(148,	'Youopia',	NULL,	2455,	1),
(149,	'Jaxspan',	NULL,	1077,	1),
(150,	'Wordware',	NULL,	1178,	1),
(151,	'Vimbo',	NULL,	2500,	2),
(152,	'Omba',	NULL,	1198,	3),
(153,	'Zazio',	NULL,	1498,	2),
(154,	'Twitterbridge',	NULL,	1518,	4),
(155,	'Dabjam',	NULL,	1361,	3),
(156,	'Realmix',	NULL,	1730,	3),
(157,	'Zoomlounge',	NULL,	2111,	3),
(158,	'Leenti',	NULL,	2488,	2),
(159,	'Devpulse',	NULL,	1828,	1),
(160,	'Browsedrive',	NULL,	1312,	2),
(161,	'Gabvine',	NULL,	1455,	2),
(162,	'Photobean',	NULL,	2464,	4),
(163,	'Roodel',	NULL,	1240,	3),
(164,	'Camido',	NULL,	1137,	4),
(165,	'Twinte',	NULL,	1211,	2),
(166,	'Kare',	NULL,	2140,	3),
(167,	'Devpulse',	NULL,	1627,	4),
(168,	'Wordware',	NULL,	1892,	3),
(169,	'DabZ',	NULL,	1208,	1),
(170,	'Fadeo',	NULL,	2200,	2),
(171,	'Yata',	NULL,	1055,	4),
(172,	'Demimbu',	NULL,	2391,	3),
(173,	'Dynabox',	NULL,	1306,	4),
(174,	'Viva',	NULL,	1739,	3),
(175,	'Kwilith',	NULL,	1890,	4),
(176,	'Wikibox',	NULL,	2391,	3),
(177,	'Voonix',	NULL,	1861,	3),
(178,	'Jaxbean',	NULL,	2511,	1),
(179,	'Thoughtworks',	NULL,	1275,	3),
(180,	'Meembee',	NULL,	1680,	2),
(181,	'Fivechat',	NULL,	2321,	2),
(182,	'Tambee',	NULL,	2055,	2),
(183,	'Dabjam',	NULL,	1014,	4),
(184,	'Twitterbeat',	NULL,	2264,	4),
(185,	'Avamba',	NULL,	2491,	4),
(186,	'Innotype',	NULL,	2088,	3),
(187,	'Blognation',	NULL,	1627,	4),
(188,	'Rhycero',	NULL,	2023,	1),
(189,	'Realbridge',	NULL,	2129,	1),
(190,	'Wikido',	NULL,	1558,	3),
(191,	'Realblab',	NULL,	1451,	4),
(192,	'Yodoo',	NULL,	1791,	3),
(193,	'Eidel',	NULL,	1001,	2),
(194,	'Minyx',	NULL,	1645,	2),
(195,	'Twiyo',	NULL,	1602,	2),
(196,	'Trilith',	NULL,	1708,	1),
(197,	'Leenti',	NULL,	1849,	4),
(198,	'Chatterpoint',	NULL,	2604,	3),
(199,	'Riffwire',	NULL,	1113,	2),
(200,	'LiveZ',	NULL,	1001,	3),
(201,	'Livetube',	NULL,	1770,	3),
(202,	'Bubblebox',	NULL,	1397,	1),
(203,	'Katz',	NULL,	1477,	3),
(204,	'Quatz',	NULL,	1527,	2),
(205,	'Yozio',	NULL,	2084,	3),
(206,	'Realmix',	NULL,	1296,	4),
(207,	'Flashset',	NULL,	1687,	2),
(208,	'Oodoo',	NULL,	2242,	2),
(209,	'Devshare',	NULL,	1384,	1),
(210,	'Oyoyo',	NULL,	2621,	3),
(211,	'Dabfeed',	NULL,	1202,	3),
(212,	'Twinder',	NULL,	2234,	4),
(213,	'Lajo',	NULL,	1650,	2),
(214,	'Jaxbean',	NULL,	1939,	1),
(215,	'Quatz',	NULL,	1799,	2),
(216,	'Tazz',	NULL,	1535,	1),
(217,	'Yoveo',	NULL,	1864,	3),
(218,	'Thoughtworks',	NULL,	1952,	4),
(219,	'Chatterbridge',	NULL,	1647,	4),
(220,	'Skyndu',	NULL,	1520,	2),
(221,	'Mybuzz',	NULL,	2352,	4),
(222,	'Edgeify',	NULL,	2603,	2),
(223,	'Trunyx',	NULL,	1909,	4),
(224,	'Realblab',	NULL,	2694,	2),
(225,	'Aimbu',	NULL,	2604,	4),
(226,	'Kimia',	NULL,	1507,	1),
(227,	'DabZ',	NULL,	1911,	3),
(228,	'Youspan',	NULL,	2055,	3),
(229,	'Avamba',	NULL,	1439,	2),
(230,	'Janyx',	NULL,	2470,	4),
(231,	'Fivespan',	NULL,	1395,	2),
(232,	'Meedoo',	NULL,	1803,	3),
(233,	'Zava',	NULL,	1228,	2),
(234,	'Thoughtbridge',	NULL,	1902,	2),
(235,	'Edgetag',	NULL,	1472,	4),
(236,	'Realcube',	NULL,	1926,	2),
(237,	'Flipopia',	NULL,	2275,	2),
(238,	'Thoughtmix',	NULL,	2350,	2),
(239,	'Realcube',	NULL,	2362,	2),
(240,	'Dablist',	NULL,	1156,	3),
(241,	'Demizz',	NULL,	1934,	1),
(242,	'Divape',	NULL,	1469,	1),
(243,	'Agivu',	NULL,	1051,	4),
(244,	'Photolist',	NULL,	2559,	4),
(245,	'Quimm',	NULL,	2207,	3),
(246,	'Eabox',	NULL,	1009,	4),
(247,	'Mymm',	NULL,	1054,	4),
(248,	'Flashdog',	NULL,	2678,	1),
(249,	'Jabberbean',	NULL,	2599,	3),
(250,	'Realbuzz',	NULL,	1955,	1),
(251,	'Mymm',	NULL,	1388,	1),
(252,	'Voonte',	NULL,	2275,	1),
(253,	'Linkbuzz',	NULL,	1646,	3),
(254,	'Jaxbean',	NULL,	1310,	3),
(255,	'Oyoyo',	NULL,	1513,	2),
(256,	'Izio',	NULL,	1997,	2),
(257,	'Ozu',	NULL,	1743,	3),
(258,	'Browsebug',	NULL,	1753,	4),
(259,	'Ooba',	NULL,	2121,	3),
(260,	'Yata',	NULL,	2696,	2),
(261,	'Kwideo',	NULL,	2087,	4),
(262,	'Buzzster',	NULL,	1828,	3),
(263,	'Gigazoom',	NULL,	1741,	2),
(264,	'Aimbu',	NULL,	1836,	3),
(265,	'Quimba',	NULL,	1263,	4),
(266,	'Realbuzz',	NULL,	1544,	4),
(267,	'Eire',	NULL,	1192,	4),
(268,	'Thoughtstorm',	NULL,	1708,	2),
(269,	'Vinte',	NULL,	2299,	3),
(270,	'Topicware',	NULL,	2113,	3),
(271,	'Kwideo',	NULL,	2141,	1),
(272,	'Geba',	NULL,	1072,	2),
(273,	'Divanoodle',	NULL,	2650,	2),
(274,	'Dazzlesphere',	NULL,	1436,	3),
(275,	'Meevee',	NULL,	2451,	1),
(276,	'Lazz',	NULL,	2362,	3),
(277,	'Gigashots',	NULL,	1244,	2),
(278,	'Photospace',	NULL,	2051,	2),
(279,	'Realfire',	NULL,	2592,	2),
(280,	'Browseblab',	NULL,	1263,	1),
(281,	'Blogtags',	NULL,	2259,	3),
(282,	'Topicware',	NULL,	2038,	2),
(283,	'Flipbug',	NULL,	2416,	1),
(284,	'Twitterbeat',	NULL,	1365,	3),
(285,	'Bluezoom',	NULL,	2667,	3),
(286,	'Shuffledrive',	NULL,	2187,	4),
(287,	'Meezzy',	NULL,	1679,	2),
(288,	'Yambee',	NULL,	2401,	4),
(289,	'Trilith',	NULL,	2155,	3),
(290,	'Youspan',	NULL,	2638,	3),
(291,	'Quamba',	NULL,	1280,	4),
(292,	'Blogtags',	NULL,	1702,	2),
(293,	'Yambee',	NULL,	1983,	4),
(294,	'Buzzdog',	NULL,	2481,	2),
(295,	'Kwilith',	NULL,	2152,	2),
(296,	'Aimbu',	NULL,	1053,	2),
(297,	'Mydeo',	NULL,	1126,	4),
(298,	'Flashpoint',	NULL,	2033,	2),
(299,	'Wikido',	NULL,	1767,	4),
(300,	'Dablist',	NULL,	1080,	1),
(301,	'Yabox',	NULL,	2341,	3),
(302,	'Trudeo',	NULL,	1692,	2),
(303,	'Shuffledrive',	NULL,	1803,	3),
(304,	'Jetwire',	NULL,	1300,	3),
(305,	'Zoomcast',	NULL,	1230,	2),
(306,	'Voonder',	NULL,	1807,	1),
(307,	'Skyvu',	NULL,	1586,	4),
(308,	'Yodel',	NULL,	1781,	4),
(309,	'Geba',	NULL,	2609,	3),
(310,	'Voonte',	NULL,	2360,	3),
(311,	'Quamba',	NULL,	1497,	3),
(312,	'Dynazzy',	NULL,	1298,	1),
(313,	'Mudo',	NULL,	1490,	1),
(314,	'Skilith',	NULL,	1602,	2),
(315,	'Photobug',	NULL,	1258,	2),
(316,	'Aimbo',	NULL,	2353,	3),
(317,	'Ainyx',	NULL,	2413,	2),
(318,	'Yakitri',	NULL,	2560,	3),
(319,	'Minyx',	NULL,	2441,	2),
(320,	'Gabtype',	NULL,	1463,	4),
(321,	'Skiba',	NULL,	2391,	3),
(322,	'Fiveclub',	NULL,	2186,	1),
(323,	'Gigaclub',	NULL,	1725,	1),
(324,	'Feedfire',	NULL,	1722,	4),
(325,	'Eabox',	NULL,	2323,	2),
(326,	'Skiba',	NULL,	2470,	1),
(327,	'Edgeclub',	NULL,	1255,	1),
(328,	'Tanoodle',	NULL,	1855,	2),
(329,	'Edgepulse',	NULL,	1262,	2),
(330,	'Mynte',	NULL,	1715,	3),
(331,	'Gabcube',	NULL,	2586,	1),
(332,	'Riffpath',	NULL,	1907,	4),
(333,	'Quinu',	NULL,	1587,	3),
(334,	'Kazu',	NULL,	2030,	1),
(335,	'Zoombox',	NULL,	2178,	3),
(336,	'Flashdog',	NULL,	1688,	1),
(337,	'Quatz',	NULL,	1025,	2),
(338,	'Reallinks',	NULL,	2443,	3),
(339,	'Buzzbean',	NULL,	1743,	1),
(340,	'Edgepulse',	NULL,	2269,	1),
(341,	'Aimbu',	NULL,	1122,	4),
(342,	'Jabberbean',	NULL,	1877,	2),
(343,	'Vidoo',	NULL,	1867,	1),
(344,	'Zava',	NULL,	2386,	4),
(345,	'Thoughtstorm',	NULL,	1677,	4),
(346,	'Feedfish',	NULL,	1353,	4),
(347,	'Skynoodle',	NULL,	1360,	3),
(348,	'Kwideo',	NULL,	1226,	3),
(349,	'Teklist',	NULL,	2673,	2),
(350,	'Skimia',	NULL,	2551,	1),
(351,	'Mycat',	NULL,	1402,	2),
(352,	'Blogtags',	NULL,	1231,	1),
(353,	'Chatterbridge',	NULL,	1976,	2),
(354,	'Meemm',	NULL,	1458,	4),
(355,	'Demivee',	NULL,	1836,	3),
(356,	'Devcast',	NULL,	2487,	2),
(357,	'Yakitri',	NULL,	2108,	1),
(358,	'Wikizz',	NULL,	2424,	4),
(359,	'Zoozzy',	NULL,	1231,	1),
(360,	'Feedspan',	NULL,	2023,	4),
(361,	'Flashspan',	NULL,	1566,	1),
(362,	'Linklinks',	NULL,	1534,	1),
(363,	'Fivechat',	NULL,	2149,	2),
(364,	'Skimia',	NULL,	1897,	3),
(365,	'Thoughtworks',	NULL,	1518,	3),
(366,	'Zoombeat',	NULL,	1054,	3),
(367,	'Tazzy',	NULL,	1104,	3),
(368,	'Devpoint',	NULL,	1804,	1),
(369,	'Linklinks',	NULL,	1823,	2),
(370,	'Realbuzz',	NULL,	1461,	3),
(371,	'Yakijo',	NULL,	2007,	3),
(372,	'Babbleset',	NULL,	2231,	4),
(373,	'Lazzy',	NULL,	1313,	1),
(374,	'Fivebridge',	NULL,	1575,	4),
(375,	'Jaxnation',	NULL,	2422,	3),
(376,	'Youbridge',	NULL,	2521,	4),
(377,	'Jaxworks',	NULL,	1591,	1),
(378,	'Aivee',	NULL,	2217,	2),
(379,	'Agimba',	NULL,	2674,	1),
(380,	'Brainverse',	NULL,	2397,	3),
(381,	'Dabshots',	NULL,	1447,	3),
(382,	'Browseblab',	NULL,	2629,	3),
(383,	'Demimbu',	NULL,	2176,	2),
(384,	'Rhynyx',	NULL,	1122,	3),
(385,	'Feedspan',	NULL,	1049,	2),
(386,	'Kazu',	NULL,	2176,	1),
(387,	'Gabtune',	NULL,	2626,	2),
(388,	'Flashset',	NULL,	2141,	1),
(389,	'Shufflester',	NULL,	2279,	4),
(390,	'Feedmix',	NULL,	2027,	3),
(391,	'Zoonoodle',	NULL,	2104,	4),
(392,	'Aibox',	NULL,	1827,	3),
(393,	'Topicshots',	NULL,	1882,	3),
(394,	'Meemm',	NULL,	1011,	3),
(395,	'Jazzy',	NULL,	2397,	2),
(396,	'Twimbo',	NULL,	2485,	1),
(397,	'Feedbug',	NULL,	1609,	3),
(398,	'Mita',	NULL,	1535,	2),
(399,	'Einti',	NULL,	1649,	1),
(400,	'Thoughtbeat',	NULL,	2489,	4),
(401,	'Riffwire',	NULL,	1973,	3),
(402,	'Aimbu',	NULL,	2273,	2),
(403,	'Eabox',	NULL,	2350,	2),
(404,	'Feedbug',	NULL,	2146,	1),
(405,	'Aimbu',	NULL,	2600,	1),
(406,	'Twitternation',	NULL,	1499,	3),
(407,	'Centidel',	NULL,	2276,	2),
(408,	'Gabtune',	NULL,	2583,	3),
(409,	'Twiyo',	NULL,	2349,	1),
(410,	'Fatz',	NULL,	1739,	2),
(411,	'Oloo',	NULL,	1899,	1),
(412,	'Kare',	NULL,	2527,	1),
(413,	'Gigashots',	NULL,	1078,	4),
(414,	'Photolist',	NULL,	2061,	2),
(415,	'Eare',	NULL,	1317,	1),
(416,	'JumpXS',	NULL,	1273,	1),
(417,	'Plambee',	NULL,	1634,	3),
(418,	'Fivechat',	NULL,	1589,	3),
(419,	'Yacero',	NULL,	1992,	2),
(420,	'Avavee',	NULL,	1357,	3),
(421,	'Youbridge',	NULL,	2372,	4),
(422,	'Lazzy',	NULL,	2447,	1),
(423,	'Minyx',	NULL,	1073,	1),
(424,	'Pixope',	NULL,	1102,	1),
(425,	'Leexo',	NULL,	1547,	3),
(426,	'Twimm',	NULL,	2502,	1),
(427,	'Dynava',	NULL,	2021,	3),
(428,	'Dabfeed',	NULL,	1328,	1),
(429,	'Tagcat',	NULL,	2693,	4),
(430,	'Bubblebox',	NULL,	1615,	3),
(431,	'Talane',	NULL,	2569,	4),
(432,	'Oyoyo',	NULL,	2433,	3),
(433,	'Yakijo',	NULL,	2071,	3),
(434,	'Tagpad',	NULL,	2056,	3),
(435,	'Topicshots',	NULL,	2433,	2),
(436,	'Browseblab',	NULL,	1097,	4),
(437,	'Youbridge',	NULL,	1758,	4),
(438,	'Izio',	NULL,	1179,	4),
(439,	'Centizu',	NULL,	2077,	2),
(440,	'Mita',	NULL,	1469,	4),
(441,	'Livefish',	NULL,	2202,	3),
(442,	'Oodoo',	NULL,	2190,	1),
(443,	'Einti',	NULL,	1420,	4),
(444,	'Mynte',	NULL,	2147,	2),
(445,	'Skipstorm',	NULL,	1648,	1),
(446,	'Feedfish',	NULL,	2349,	3),
(447,	'Twiyo',	NULL,	1088,	3),
(448,	'Zoonder',	NULL,	1799,	1),
(449,	'Buzzbean',	NULL,	2404,	1),
(450,	'Viva',	NULL,	1651,	1),
(451,	'Babbleblab',	NULL,	2411,	3),
(452,	'Voonder',	NULL,	2000,	3),
(453,	'Livetube',	NULL,	2294,	4),
(454,	'Eadel',	NULL,	2232,	3),
(455,	'Skinix',	NULL,	2638,	4),
(456,	'Jetpulse',	NULL,	2106,	2),
(457,	'Agivu',	NULL,	1666,	4),
(458,	'Abatz',	NULL,	1298,	3),
(459,	'Youspan',	NULL,	2478,	2),
(460,	'Twimbo',	NULL,	1461,	2),
(461,	'Divavu',	NULL,	1936,	3),
(462,	'BlogXS',	NULL,	1901,	1),
(463,	'Mynte',	NULL,	1291,	2),
(464,	'Jamia',	NULL,	1191,	3),
(465,	'Gigabox',	NULL,	2408,	4),
(466,	'Lazz',	NULL,	1581,	3),
(467,	'Agivu',	NULL,	1101,	4),
(468,	'Bubbletube',	NULL,	1844,	4),
(469,	'Skivee',	NULL,	2286,	4),
(470,	'Mynte',	NULL,	1001,	1),
(471,	'Bubblebox',	NULL,	1418,	1),
(472,	'Mybuzz',	NULL,	1658,	4),
(473,	'Dynazzy',	NULL,	2528,	4),
(474,	'Skipfire',	NULL,	1429,	2),
(475,	'Wikibox',	NULL,	1914,	2),
(476,	'Npath',	NULL,	1947,	2),
(477,	'Zoomlounge',	NULL,	2246,	4),
(478,	'Eazzy',	NULL,	2344,	1),
(479,	'Wikizz',	NULL,	2536,	2),
(480,	'Photobug',	NULL,	2460,	3),
(481,	'Vidoo',	NULL,	1712,	2),
(482,	'Eimbee',	NULL,	1933,	1),
(483,	'Wordware',	NULL,	2667,	3),
(484,	'Shuffletag',	NULL,	1944,	1),
(485,	'Feedfish',	NULL,	1232,	4),
(486,	'Aimbo',	NULL,	2634,	3),
(487,	'Abata',	NULL,	2566,	4),
(488,	'Meedoo',	NULL,	1296,	4),
(489,	'Fadeo',	NULL,	1140,	4),
(490,	'Feedspan',	NULL,	1813,	1),
(491,	'Topiczoom',	NULL,	1305,	4),
(492,	'Yodel',	NULL,	1799,	3),
(493,	'Eidel',	NULL,	2127,	2),
(494,	'Devshare',	NULL,	2676,	4),
(495,	'Wordware',	NULL,	1938,	3),
(496,	'Viva',	NULL,	1988,	3),
(497,	'Nlounge',	NULL,	2465,	3),
(498,	'Vitz',	NULL,	1798,	1),
(499,	'Jayo',	NULL,	1980,	4),
(500,	'Skyvu',	NULL,	2577,	2),
(501,	'Quatz',	NULL,	1314,	4),
(502,	'Zazio',	NULL,	2409,	2),
(503,	'Eidel',	NULL,	2291,	2),
(504,	'Cogilith',	NULL,	2091,	2),
(505,	'Flashspan',	NULL,	2584,	1),
(506,	'Realfire',	NULL,	1549,	2),
(507,	'Skipstorm',	NULL,	1496,	1),
(508,	'Yata',	NULL,	2041,	4),
(509,	'Fanoodle',	NULL,	2665,	1),
(510,	'Brightbean',	NULL,	1424,	4),
(511,	'Kare',	NULL,	2101,	2),
(512,	'BlogXS',	NULL,	2403,	3),
(513,	'Yombu',	NULL,	1766,	3),
(514,	'Vimbo',	NULL,	2530,	4),
(515,	'Yakijo',	NULL,	1179,	4),
(516,	'Bubblemix',	NULL,	1821,	1),
(517,	'Vinte',	NULL,	2654,	1),
(518,	'Topicstorm',	NULL,	1684,	4),
(519,	'Voolia',	NULL,	1193,	4),
(520,	'Brainsphere',	NULL,	1243,	4),
(521,	'Realblab',	NULL,	1574,	4),
(522,	'Tambee',	NULL,	2119,	3),
(523,	'Riffpedia',	NULL,	1174,	4),
(524,	'Quinu',	NULL,	1498,	4),
(525,	'Avavee',	NULL,	1218,	1),
(526,	'Trilith',	NULL,	1368,	1),
(527,	'Wikizz',	NULL,	1719,	1),
(528,	'Dynabox',	NULL,	2623,	3),
(529,	'Youspan',	NULL,	1415,	2),
(530,	'Browseblab',	NULL,	1709,	4),
(531,	'Thoughtbridge',	NULL,	2583,	1),
(532,	'Yombu',	NULL,	2186,	2),
(533,	'Ntags',	NULL,	1547,	1),
(534,	'Browsecat',	NULL,	2565,	4),
(535,	'Avaveo',	NULL,	1929,	2),
(536,	'Zooveo',	NULL,	2247,	2),
(537,	'Mymm',	NULL,	1953,	2),
(538,	'Twinte',	NULL,	1789,	2),
(539,	'Yata',	NULL,	1357,	1),
(540,	'Topicstorm',	NULL,	2461,	2),
(541,	'Nlounge',	NULL,	2102,	2),
(542,	'Gigashots',	NULL,	2113,	1),
(543,	'Ozu',	NULL,	1969,	2),
(544,	'Ooba',	NULL,	2189,	1),
(545,	'Browsebug',	NULL,	1982,	2),
(546,	'Skyba',	NULL,	2570,	1),
(547,	'Midel',	NULL,	1506,	3),
(548,	'Kaymbo',	NULL,	1896,	4),
(549,	'Zooveo',	NULL,	1637,	3),
(550,	'Tazzy',	NULL,	1633,	3),
(551,	'Abata',	NULL,	1980,	2),
(552,	'Voonix',	NULL,	1503,	4),
(553,	'Browsedrive',	NULL,	1282,	3),
(554,	'Kwinu',	NULL,	1328,	4),
(555,	'Yoveo',	NULL,	2133,	4),
(556,	'Kwinu',	NULL,	1758,	1),
(557,	'Divavu',	NULL,	1532,	2),
(558,	'Skinte',	NULL,	1904,	2),
(559,	'Edgeify',	NULL,	1197,	4),
(560,	'Voonte',	NULL,	1071,	3),
(561,	'Rhybox',	NULL,	1376,	1),
(562,	'Lazz',	NULL,	1347,	1),
(563,	'Vinte',	NULL,	1770,	1),
(564,	'Gigaclub',	NULL,	1614,	3),
(565,	'Voolith',	NULL,	1387,	3),
(566,	'Ozu',	NULL,	2103,	4),
(567,	'Yoveo',	NULL,	2620,	3),
(568,	'Kare',	NULL,	1945,	4),
(569,	'Roombo',	NULL,	2179,	1),
(570,	'Realbridge',	NULL,	2158,	4),
(571,	'Jabberstorm',	NULL,	2411,	2),
(572,	'Wikido',	NULL,	2573,	4),
(573,	'Wikibox',	NULL,	1250,	2),
(574,	'Fanoodle',	NULL,	2429,	2),
(575,	'Livefish',	NULL,	1394,	1),
(576,	'Roodel',	NULL,	2271,	4),
(577,	'Yamia',	NULL,	2652,	1),
(578,	'Trupe',	NULL,	2120,	1),
(579,	'Youtags',	NULL,	2263,	4),
(580,	'Brainverse',	NULL,	2546,	4),
(581,	'Photobean',	NULL,	1702,	3),
(582,	'Yamia',	NULL,	1044,	3),
(583,	'Flipopia',	NULL,	2411,	4),
(584,	'Trunyx',	NULL,	1117,	3),
(585,	'Thoughtworks',	NULL,	1334,	2),
(586,	'Ainyx',	NULL,	2641,	1),
(587,	'Vinder',	NULL,	2618,	1),
(588,	'Gigazoom',	NULL,	1700,	4),
(589,	'Devbug',	NULL,	1227,	4),
(590,	'Trudoo',	NULL,	2686,	3),
(591,	'Jabbersphere',	NULL,	2528,	2),
(592,	'Aivee',	NULL,	2011,	2),
(593,	'Wordify',	NULL,	1283,	2),
(594,	'Riffwire',	NULL,	2398,	2),
(595,	'Centimia',	NULL,	2349,	3),
(596,	'Tambee',	NULL,	1779,	2),
(597,	'Thoughtworks',	NULL,	2327,	2),
(598,	'Browseblab',	NULL,	2105,	1),
(599,	'Wordtune',	NULL,	2620,	1),
(600,	'Twinder',	NULL,	2207,	4),
(601,	'Livetube',	NULL,	2472,	3),
(602,	'Babbleset',	NULL,	1612,	2),
(603,	'Eayo',	NULL,	1566,	4),
(604,	'Rhyzio',	NULL,	2368,	1),
(605,	'Yodel',	NULL,	1944,	1),
(606,	'Photobug',	NULL,	2513,	4),
(607,	'Katz',	NULL,	1862,	1),
(608,	'Vimbo',	NULL,	2584,	2),
(609,	'Meembee',	NULL,	2640,	2),
(610,	'Avaveo',	NULL,	1931,	3),
(611,	'Innojam',	NULL,	2182,	4),
(612,	'Jaxnation',	NULL,	1799,	2),
(613,	'Pixoboo',	NULL,	1827,	2),
(614,	'Edgeify',	NULL,	1277,	2),
(615,	'Babbleblab',	NULL,	1020,	3),
(616,	'Omba',	NULL,	2368,	3),
(617,	'Eayo',	NULL,	1164,	1),
(618,	'Dablist',	NULL,	2510,	3),
(619,	'Vinder',	NULL,	2154,	4),
(620,	'Trunyx',	NULL,	1986,	1),
(621,	'Avaveo',	NULL,	1953,	1),
(622,	'Lajo',	NULL,	1554,	1),
(623,	'Thoughtblab',	NULL,	2199,	2),
(624,	'Fanoodle',	NULL,	1176,	3),
(625,	'Jaxworks',	NULL,	2573,	3),
(626,	'Photolist',	NULL,	1065,	3),
(627,	'Mycat',	NULL,	2268,	2),
(628,	'Tazzy',	NULL,	1316,	3),
(629,	'Quimba',	NULL,	1866,	1),
(630,	'Photojam',	NULL,	1994,	4),
(631,	'Twitternation',	NULL,	2663,	4),
(632,	'Skyvu',	NULL,	2024,	3),
(633,	'Browsecat',	NULL,	1052,	4),
(634,	'Quinu',	NULL,	1238,	1),
(635,	'Brightbean',	NULL,	1512,	1),
(636,	'Youfeed',	NULL,	1407,	3),
(637,	'Tambee',	NULL,	1011,	4),
(638,	'Buzzshare',	NULL,	2218,	3),
(639,	'Tanoodle',	NULL,	1479,	1),
(640,	'Thoughtstorm',	NULL,	2186,	3),
(641,	'Dabjam',	NULL,	1809,	3),
(642,	'Topicstorm',	NULL,	1365,	1),
(643,	'Skiba',	NULL,	1529,	4),
(644,	'Realfire',	NULL,	1482,	3),
(645,	'Skivee',	NULL,	1106,	3),
(646,	'Meevee',	NULL,	1247,	2),
(647,	'Jayo',	NULL,	1055,	4),
(648,	'Thoughtbeat',	NULL,	2595,	1),
(649,	'Photolist',	NULL,	2162,	4),
(650,	'Ozu',	NULL,	2584,	3),
(651,	'Kanoodle',	NULL,	2306,	2),
(652,	'Geba',	NULL,	1713,	4),
(653,	'Trunyx',	NULL,	1900,	3),
(654,	'Voolith',	NULL,	1393,	4),
(655,	'Voonix',	NULL,	1486,	3),
(656,	'Skalith',	NULL,	1292,	1),
(657,	'Pixoboo',	NULL,	2374,	4),
(658,	'Tavu',	NULL,	1584,	4),
(659,	'Plajo',	NULL,	1428,	4),
(660,	'Zoomzone',	NULL,	2083,	1),
(661,	'Photobug',	NULL,	1613,	1),
(662,	'Talane',	NULL,	2369,	1),
(663,	'Midel',	NULL,	1900,	3),
(664,	'Oyonder',	NULL,	1516,	3),
(665,	'Zooxo',	NULL,	1242,	2),
(666,	'Gigazoom',	NULL,	1588,	1),
(667,	'Blogtag',	NULL,	1453,	4),
(668,	'Latz',	NULL,	1243,	3),
(669,	'Avavee',	NULL,	2464,	4),
(670,	'Jaloo',	NULL,	1814,	3),
(671,	'Feednation',	NULL,	1299,	3),
(672,	'Eidel',	NULL,	2099,	1),
(673,	'Mita',	NULL,	2211,	1),
(674,	'Gabvine',	NULL,	1064,	4),
(675,	'Omba',	NULL,	2418,	2),
(676,	'Youtags',	NULL,	1739,	1),
(677,	'Lajo',	NULL,	1741,	3),
(678,	'Kayveo',	NULL,	1277,	4),
(679,	'Gabcube',	NULL,	1594,	2),
(680,	'Skaboo',	NULL,	2501,	4),
(681,	'Avamba',	NULL,	2031,	1),
(682,	'Edgetag',	NULL,	1318,	4),
(683,	'Talane',	NULL,	1829,	4),
(684,	'Bubbletube',	NULL,	1868,	4),
(685,	'Kaymbo',	NULL,	1821,	2),
(686,	'Edgeify',	NULL,	1372,	4),
(687,	'Tavu',	NULL,	2265,	3),
(688,	'Eabox',	NULL,	1076,	4),
(689,	'Tambee',	NULL,	1565,	3),
(690,	'Quimba',	NULL,	1072,	2),
(691,	'Brightbean',	NULL,	1793,	3),
(692,	'Teklist',	NULL,	2439,	4),
(693,	'Mynte',	NULL,	2594,	4),
(694,	'Quaxo',	NULL,	1633,	3),
(695,	'Vinte',	NULL,	1912,	3),
(696,	'Trunyx',	NULL,	2612,	4),
(697,	'Meevee',	NULL,	1662,	1),
(698,	'Jazzy',	NULL,	2372,	1),
(699,	'Flashspan',	NULL,	1586,	4),
(700,	'Twitterbeat',	NULL,	1913,	3),
(701,	'Pixoboo',	NULL,	1010,	2),
(702,	'Jaxworks',	NULL,	2663,	1),
(703,	'Latz',	NULL,	1915,	4),
(704,	'Oozz',	NULL,	1268,	1),
(705,	'Trupe',	NULL,	2526,	2),
(706,	'Shuffledrive',	NULL,	1598,	4),
(707,	'Cogibox',	NULL,	1374,	4),
(708,	'Browsebug',	NULL,	1334,	1),
(709,	'Roombo',	NULL,	1361,	1),
(710,	'Oyonder',	NULL,	1802,	3),
(711,	'Fliptune',	NULL,	1798,	1),
(712,	'Skivee',	NULL,	2300,	4),
(713,	'Meezzy',	NULL,	1463,	4),
(714,	'Skiptube',	NULL,	1785,	3),
(715,	'Rooxo',	NULL,	1191,	4),
(716,	'Bluezoom',	NULL,	2480,	1),
(717,	'Topiczoom',	NULL,	1680,	2),
(718,	'Buzzster',	NULL,	1443,	1),
(719,	'Skidoo',	NULL,	1155,	4),
(720,	'Fliptune',	NULL,	2256,	1),
(721,	'Mynte',	NULL,	2035,	3),
(722,	'Reallinks',	NULL,	1765,	3),
(723,	'Realcube',	NULL,	1473,	1),
(724,	'Skyba',	NULL,	1098,	3),
(725,	'Trupe',	NULL,	1837,	3),
(726,	'Leexo',	NULL,	1844,	4),
(727,	'Yakitri',	NULL,	1169,	2),
(728,	'Wordify',	NULL,	2628,	2),
(729,	'Blogtags',	NULL,	2299,	4),
(730,	'Photofeed',	NULL,	2139,	4),
(731,	'Twinder',	NULL,	2631,	4),
(732,	'Yozio',	NULL,	2602,	3),
(733,	'Kazio',	NULL,	2468,	2),
(734,	'Oyondu',	NULL,	1957,	3),
(735,	'Meejo',	NULL,	2309,	3),
(736,	'Gabtune',	NULL,	1234,	4),
(737,	'Oozz',	NULL,	2376,	4),
(738,	'Eimbee',	NULL,	2631,	1),
(739,	'Tagtune',	NULL,	1988,	2),
(740,	'Linkbridge',	NULL,	1831,	1),
(741,	'Devify',	NULL,	1983,	4),
(742,	'Feedfire',	NULL,	1931,	2),
(743,	'Fivespan',	NULL,	2305,	4),
(744,	'Shufflebeat',	NULL,	2158,	2),
(745,	'Blogtags',	NULL,	1075,	2),
(746,	'Browsetype',	NULL,	1939,	4),
(747,	'Tazzy',	NULL,	1599,	1),
(748,	'Izio',	NULL,	2335,	1),
(749,	'Thoughtbridge',	NULL,	1655,	3),
(750,	'Browsetype',	NULL,	2236,	1),
(751,	'Dynabox',	NULL,	1328,	2),
(752,	'Rhyzio',	NULL,	1214,	1),
(753,	'Katz',	NULL,	1475,	2),
(754,	'InnoZ',	NULL,	1149,	2),
(755,	'Wordware',	NULL,	1116,	2),
(756,	'Dabshots',	NULL,	2461,	3),
(757,	'Yodo',	NULL,	1595,	2),
(758,	'Geba',	NULL,	1854,	1),
(759,	'Jatri',	NULL,	1549,	2),
(760,	'Yozio',	NULL,	2216,	3),
(761,	'Mydo',	NULL,	1500,	2),
(762,	'Twinte',	NULL,	2121,	1),
(763,	'Yata',	NULL,	2404,	4),
(764,	'Dazzlesphere',	NULL,	2170,	3),
(765,	'Edgepulse',	NULL,	2351,	1),
(766,	'InnoZ',	NULL,	1307,	4),
(767,	'Gigaclub',	NULL,	1865,	1),
(768,	'Jabbersphere',	NULL,	2486,	4),
(769,	'Zoonder',	NULL,	2282,	1),
(770,	'Viva',	NULL,	2115,	1),
(771,	'Realmix',	NULL,	1555,	3),
(772,	'Twitterwire',	NULL,	1235,	4),
(773,	'Dynazzy',	NULL,	1005,	1),
(774,	'Skippad',	NULL,	1244,	3),
(775,	'Tagchat',	NULL,	2601,	2),
(776,	'Thoughtbridge',	NULL,	1306,	2),
(777,	'Rhynyx',	NULL,	2392,	2),
(778,	'Rooxo',	NULL,	2060,	2),
(779,	'Skimia',	NULL,	2013,	4),
(780,	'Shufflebeat',	NULL,	1745,	4),
(781,	'Myworks',	NULL,	2060,	4),
(782,	'Fliptune',	NULL,	1200,	3),
(783,	'Bluezoom',	NULL,	2530,	4),
(784,	'Jaloo',	NULL,	2114,	4),
(785,	'Photojam',	NULL,	1899,	3),
(786,	'Topicware',	NULL,	1252,	1),
(787,	'Eidel',	NULL,	2417,	2),
(788,	'Tagfeed',	NULL,	2473,	3),
(789,	'Latz',	NULL,	2668,	3),
(790,	'Skidoo',	NULL,	1564,	3),
(791,	'Flipopia',	NULL,	2566,	3),
(792,	'Realcube',	NULL,	2003,	3),
(793,	'Thoughtbridge',	NULL,	1400,	3),
(794,	'Oyope',	NULL,	2367,	3),
(795,	'Dynava',	NULL,	1448,	1),
(796,	'Camimbo',	NULL,	1621,	2),
(797,	'Mydo',	NULL,	1714,	3),
(798,	'Skajo',	NULL,	1027,	4),
(799,	'Yakidoo',	NULL,	2079,	4),
(800,	'Jaloo',	NULL,	2473,	1),
(801,	'Tazz',	NULL,	1517,	2),
(802,	'Yakijo',	NULL,	1504,	2),
(803,	'Eadel',	NULL,	2138,	1),
(804,	'Jetpulse',	NULL,	1586,	1),
(805,	'Janyx',	NULL,	1908,	1),
(806,	'Skinix',	NULL,	2341,	2),
(807,	'Meembee',	NULL,	1259,	4),
(808,	'Yakijo',	NULL,	1214,	3),
(809,	'Jayo',	NULL,	1408,	2),
(810,	'Muxo',	NULL,	2606,	3),
(811,	'Gigazoom',	NULL,	1226,	2),
(812,	'Jaloo',	NULL,	1595,	4),
(813,	'Bubblemix',	NULL,	1411,	1),
(814,	'BlogXS',	NULL,	1539,	3),
(815,	'Innojam',	NULL,	1168,	2),
(816,	'Kwimbee',	NULL,	1238,	1),
(817,	'Ailane',	NULL,	1165,	1),
(818,	'Wordtune',	NULL,	2381,	2),
(819,	'Agimba',	NULL,	1271,	2),
(820,	'Wordtune',	NULL,	2531,	4),
(821,	'Fiveclub',	NULL,	1972,	4),
(822,	'Livetube',	NULL,	2612,	4),
(823,	'Feednation',	NULL,	2698,	4),
(824,	'Voolia',	NULL,	2263,	2),
(825,	'Skyndu',	NULL,	1652,	3),
(826,	'Rhyzio',	NULL,	1254,	4),
(827,	'Jabbersphere',	NULL,	2345,	1),
(828,	'Riffpedia',	NULL,	1960,	4),
(829,	'Gevee',	NULL,	1665,	2),
(830,	'Edgewire',	NULL,	2344,	1),
(831,	'Wikizz',	NULL,	2267,	4),
(832,	'Realmix',	NULL,	2341,	3),
(833,	'Buzzdog',	NULL,	1159,	3),
(834,	'Riffpedia',	NULL,	1593,	4),
(835,	'Oyoloo',	NULL,	2152,	3),
(836,	'Photojam',	NULL,	1387,	4),
(837,	'Voonte',	NULL,	2348,	3),
(838,	'Avamm',	NULL,	1224,	3),
(839,	'Zazio',	NULL,	1046,	3),
(840,	'Oyoyo',	NULL,	1423,	4),
(841,	'Fliptune',	NULL,	2119,	3),
(842,	'Meetz',	NULL,	1692,	4),
(843,	'Thoughtbeat',	NULL,	1685,	4),
(844,	'JumpXS',	NULL,	1320,	1),
(845,	'Centimia',	NULL,	2068,	3),
(846,	'Gigashots',	NULL,	2618,	2),
(847,	'Topdrive',	NULL,	2292,	4),
(848,	'Skajo',	NULL,	1129,	2),
(849,	'Cogidoo',	NULL,	1586,	4),
(850,	'Brainbox',	NULL,	1854,	4),
(851,	'Latz',	NULL,	2497,	3),
(852,	'Voonyx',	NULL,	1903,	2),
(853,	'Realmix',	NULL,	2114,	3),
(854,	'Tavu',	NULL,	2580,	1),
(855,	'Nlounge',	NULL,	1612,	1),
(856,	'Mydeo',	NULL,	1850,	2),
(857,	'Zoomlounge',	NULL,	1121,	4),
(858,	'Yodoo',	NULL,	1463,	2),
(859,	'Innotype',	NULL,	2029,	1),
(860,	'Tazz',	NULL,	2022,	3),
(861,	'Thoughtstorm',	NULL,	2623,	2),
(862,	'Meevee',	NULL,	1724,	4),
(863,	'Minyx',	NULL,	2216,	3),
(864,	'Leexo',	NULL,	1970,	2),
(865,	'Flipbug',	NULL,	1552,	4),
(866,	'BlogXS',	NULL,	1185,	2),
(867,	'Youfeed',	NULL,	1906,	2),
(868,	'Rhyloo',	NULL,	1016,	3),
(869,	'Chatterpoint',	NULL,	1363,	1),
(870,	'Topicshots',	NULL,	1647,	4),
(871,	'Chatterpoint',	NULL,	1423,	2),
(872,	'Edgeblab',	NULL,	1006,	2),
(873,	'Meejo',	NULL,	2518,	2),
(874,	'Babbleblab',	NULL,	1835,	3),
(875,	'Wikibox',	NULL,	1213,	4),
(876,	'Skynoodle',	NULL,	2077,	3),
(877,	'Gigazoom',	NULL,	1799,	1),
(878,	'Brainverse',	NULL,	1235,	3),
(879,	'Yabox',	NULL,	1064,	2),
(880,	'Bubbletube',	NULL,	2513,	1),
(881,	'Cogidoo',	NULL,	1289,	2),
(882,	'Mydeo',	NULL,	1133,	3),
(883,	'Oba',	NULL,	1471,	4),
(884,	'Kayveo',	NULL,	1824,	1),
(885,	'Skiba',	NULL,	2470,	4),
(886,	'Kimia',	NULL,	2689,	1),
(887,	'Yakitri',	NULL,	1597,	4),
(888,	'Thoughtbeat',	NULL,	1597,	4),
(889,	'Zoonder',	NULL,	1552,	2),
(890,	'Jaloo',	NULL,	1431,	1),
(891,	'Edgeblab',	NULL,	2002,	3),
(892,	'Kwimbee',	NULL,	2138,	4),
(893,	'Wordpedia',	NULL,	1633,	1),
(894,	'Gabtune',	NULL,	1837,	3),
(895,	'Tagchat',	NULL,	2595,	2),
(896,	'Riffwire',	NULL,	2258,	1),
(897,	'Midel',	NULL,	2554,	1),
(898,	'Voonder',	NULL,	2551,	4),
(899,	'Camido',	NULL,	2490,	4),
(900,	'Twitternation',	NULL,	1140,	3),
(901,	'Flipstorm',	NULL,	1975,	3),
(902,	'Ntags',	NULL,	1970,	1),
(903,	'Oozz',	NULL,	2351,	4),
(904,	'Voolia',	NULL,	1866,	2),
(905,	'Riffpath',	NULL,	2287,	1),
(906,	'Minyx',	NULL,	1692,	2),
(907,	'Talane',	NULL,	2052,	1),
(908,	'Kwideo',	NULL,	1115,	4),
(909,	'Dabshots',	NULL,	1958,	2),
(910,	'Eazzy',	NULL,	2523,	2),
(911,	'Kayveo',	NULL,	1886,	1),
(912,	'Jamia',	NULL,	2107,	1),
(913,	'Flashspan',	NULL,	1299,	2),
(914,	'Rhynyx',	NULL,	1853,	1),
(915,	'Jazzy',	NULL,	2611,	4),
(916,	'Edgeify',	NULL,	1415,	4),
(917,	'Shufflester',	NULL,	2192,	3),
(918,	'Fanoodle',	NULL,	1866,	4),
(919,	'Jaxbean',	NULL,	2195,	3),
(920,	'Voonte',	NULL,	1803,	3),
(921,	'Livetube',	NULL,	1975,	2),
(922,	'Yodel',	NULL,	1084,	3),
(923,	'Gabvine',	NULL,	2380,	4),
(924,	'Vidoo',	NULL,	1314,	4),
(925,	'Aimbu',	NULL,	1826,	3),
(926,	'Jetpulse',	NULL,	1772,	3),
(927,	'Vitz',	NULL,	1498,	2),
(928,	'Kwimbee',	NULL,	2192,	3),
(929,	'Riffpedia',	NULL,	2275,	1),
(930,	'Thoughtstorm',	NULL,	1024,	2),
(931,	'Voonte',	NULL,	2153,	1),
(932,	'Dabvine',	NULL,	2679,	1),
(933,	'Dabvine',	NULL,	2607,	1),
(934,	'Yakitri',	NULL,	2630,	3),
(935,	'Edgeblab',	NULL,	1336,	2),
(936,	'Eadel',	NULL,	1771,	2),
(937,	'Plambee',	NULL,	1228,	1),
(938,	'Skynoodle',	NULL,	1225,	3),
(939,	'Cogibox',	NULL,	2233,	2),
(940,	'Thoughtmix',	NULL,	1421,	4),
(941,	'Yozio',	NULL,	2683,	4),
(942,	'Skivee',	NULL,	1247,	4),
(943,	'Gabvine',	NULL,	1050,	4),
(944,	'Mita',	NULL,	2396,	1),
(945,	'Brainbox',	NULL,	1135,	1),
(946,	'Zooxo',	NULL,	1424,	1),
(947,	'Blognation',	NULL,	1027,	2),
(948,	'Tambee',	NULL,	1773,	2),
(949,	'Topicshots',	NULL,	1624,	4),
(950,	'Gigazoom',	NULL,	1683,	3),
(951,	'Thoughtstorm',	NULL,	1987,	2),
(952,	'Devbug',	NULL,	1339,	1),
(953,	'Flashset',	NULL,	1547,	4),
(954,	'Oyope',	NULL,	1971,	3),
(955,	'Dablist',	NULL,	2466,	3),
(956,	'Gevee',	NULL,	2214,	4),
(957,	'Lazz',	NULL,	2307,	4),
(958,	'Devshare',	NULL,	1069,	2),
(959,	'Jayo',	NULL,	1159,	4),
(960,	'Viva',	NULL,	1996,	4),
(961,	'Thoughtblab',	NULL,	2599,	1),
(962,	'Aimbu',	NULL,	2381,	4),
(963,	'Yamia',	NULL,	1645,	1),
(964,	'Plambee',	NULL,	1378,	1),
(965,	'Shuffletag',	NULL,	1967,	1),
(966,	'Bluejam',	NULL,	2246,	2),
(967,	'Shuffletag',	NULL,	2461,	4),
(968,	'Abatz',	NULL,	1374,	3),
(969,	'Youopia',	NULL,	2171,	3),
(970,	'Yabox',	NULL,	2175,	1),
(971,	'Voonix',	NULL,	1967,	1),
(972,	'Babbleblab',	NULL,	2125,	3),
(973,	'Rhycero',	NULL,	1399,	2),
(974,	'Divavu',	NULL,	2015,	4),
(975,	'Kare',	NULL,	1250,	1),
(976,	'Jazzy',	NULL,	1557,	1),
(977,	'Zooxo',	NULL,	2678,	4),
(978,	'Dynazzy',	NULL,	1951,	3),
(979,	'Aibox',	NULL,	2619,	1),
(980,	'Centimia',	NULL,	1403,	4),
(981,	'Jetpulse',	NULL,	2352,	1),
(982,	'Skippad',	NULL,	1213,	1),
(983,	'Thoughtmix',	NULL,	2084,	3),
(984,	'Trunyx',	NULL,	2245,	2),
(985,	'Innojam',	NULL,	2086,	2),
(986,	'Gabspot',	NULL,	1909,	3),
(987,	'Edgeclub',	NULL,	1154,	3),
(988,	'Livetube',	NULL,	1670,	1),
(989,	'Voolia',	NULL,	1076,	4),
(990,	'Linkbuzz',	NULL,	2204,	4),
(991,	'Flashset',	NULL,	1705,	1),
(992,	'Feedbug',	NULL,	2153,	2),
(993,	'Skimia',	NULL,	1282,	2),
(994,	'Tazzy',	NULL,	1081,	4),
(995,	'Centimia',	NULL,	2314,	3),
(996,	'Oba',	NULL,	1229,	1),
(997,	'Gigashots',	NULL,	2140,	2),
(998,	'Dynava',	NULL,	2092,	2),
(999,	'Brainbox',	NULL,	2168,	3),
(1000,	'LiveZ',	NULL,	1383,	1);


INSERT INTO `peserta` (`id`, `nomor`, `nama`, `tanggal_lahir`, `tempat_lahir_id`, `agama_id`, `jenis_kelamin_id`, `sekolah_id`, `alamat`, `alamat_id`) VALUES
(1,	'3452144119',	'Sileas Darbyshire',	'2015-08-31',	2136,	4,	2,	83,	NULL,	1054),
(2,	'3878924534',	'Tully Rigler',	'2018-12-14',	2326,	3,	1,	390,	NULL,	1454),
(3,	'6449084391',	'Melony Cleary',	'2005-09-13',	2335,	2,	1,	238,	NULL,	2651),
(4,	'4215871417',	'Faye Reddy',	'2021-04-08',	2650,	4,	2,	680,	NULL,	1665),
(5,	'7771512682',	'Celina Trevenu',	'2005-09-19',	1600,	3,	2,	226,	NULL,	1780),
(6,	'1418198862',	'Sybille Itzakovitz',	'2019-11-27',	1096,	3,	1,	22,	NULL,	1655),
(7,	'5299231016',	'Egon Osbourn',	'2011-04-15',	1817,	1,	1,	592,	NULL,	1374),
(8,	'6390618905',	'Mill Tabart',	'2023-10-21',	1204,	5,	2,	971,	NULL,	2284),
(9,	'6893770677',	'Patrizia Caush',	'2016-10-10',	2072,	1,	2,	905,	NULL,	2464),
(10,	'8420020044',	'Anselm Billany',	'2023-08-29',	2065,	3,	2,	938,	NULL,	1600),
(11,	'0707970911',	'Rowena Aubri',	'2014-04-27',	2566,	6,	1,	106,	NULL,	1008),
(12,	'3346442357',	'Hetti Nix',	'2005-03-06',	1853,	3,	1,	524,	NULL,	2309),
(13,	'8795443991',	'Jonathon McVeagh',	'2024-04-18',	1999,	2,	1,	203,	NULL,	2089),
(14,	'7767452514',	'Marina Turk',	'2007-09-06',	2094,	1,	1,	967,	NULL,	2294),
(15,	'0913077739',	'Ezekiel Benfield',	'2013-12-29',	2420,	5,	1,	827,	NULL,	2662),
(16,	'5225729169',	'Randell Matyushonok',	'2008-10-07',	1143,	2,	2,	435,	NULL,	1133),
(17,	'6952518878',	'Rogerio Kmicicki',	'2005-04-15',	1990,	4,	1,	741,	NULL,	1431),
(18,	'3930372436',	'Curry Nisco',	'2011-08-13',	1798,	3,	2,	607,	NULL,	1532),
(19,	'7401880431',	'Davida Whetland',	'2009-01-05',	2447,	2,	2,	708,	NULL,	2344),
(20,	'7807670436',	'Demetrius Firth',	'2005-01-11',	1291,	3,	2,	649,	NULL,	1318),
(21,	'3611588741',	'Em MacIlurick',	'2010-01-11',	2329,	4,	1,	584,	NULL,	1038),
(22,	'7891371423',	'Ursula Di Matteo',	'2008-01-14',	1695,	1,	2,	476,	NULL,	2469),
(23,	'6059989659',	'Arlinda Beckers',	'2022-10-18',	1331,	4,	1,	85,	NULL,	1529),
(24,	'9097178053',	'Kendell Wickwarth',	'2009-01-20',	1919,	6,	1,	926,	NULL,	1831),
(25,	'8924232983',	'Vilhelmina Fagence',	'2010-04-05',	1547,	3,	1,	119,	NULL,	1179),
(26,	'6579944560',	'Ivory Daniells',	'2015-08-30',	2464,	3,	1,	91,	NULL,	1717),
(27,	'2796396207',	'Benedetto Kilbey',	'2016-03-26',	1613,	3,	1,	486,	NULL,	1574),
(28,	'6517090975',	'Verge Pitkeathley',	'2010-01-18',	2241,	2,	2,	954,	NULL,	1624),
(29,	'3283005915',	'Quincy Jehaes',	'2005-07-14',	1448,	1,	2,	508,	NULL,	1504),
(30,	'9176600424',	'Forest Simioli',	'2022-01-06',	1936,	4,	1,	264,	NULL,	2462),
(31,	'3168033367',	'Chelsy Gaythwaite',	'2005-01-16',	2466,	1,	1,	275,	NULL,	2168),
(32,	'0273963236',	'Joana Siberry',	'2007-10-26',	1030,	5,	1,	702,	NULL,	1750),
(33,	'4937585169',	'Ellerey Cleife',	'2016-03-09',	1202,	1,	2,	702,	NULL,	2625),
(34,	'5526431606',	'Kasey Frick',	'2005-03-04',	1540,	2,	1,	754,	NULL,	2497),
(35,	'8070142057',	'Kaye Oldfield-Cherry',	'2008-09-30',	1976,	2,	1,	659,	NULL,	1483),
(36,	'1195672144',	'Susi Steventon',	'2023-09-11',	1785,	3,	1,	973,	NULL,	2211),
(37,	'5374704362',	'Veriee Ginnelly',	'2011-06-04',	1570,	2,	1,	328,	NULL,	1833),
(38,	'3109093197',	'Millisent Eagger',	'2019-12-10',	2135,	3,	2,	977,	NULL,	1271),
(39,	'9521003731',	'Robin Mattheus',	'2003-03-16',	2689,	6,	1,	609,	NULL,	1463),
(40,	'2061361498',	'Hallie Lintott',	'2004-05-09',	1694,	1,	1,	633,	NULL,	1082),
(41,	'3520491982',	'Nikita Blethin',	'2009-03-22',	2535,	6,	2,	988,	NULL,	2206),
(42,	'0881357995',	'Herculie Eric',	'2004-12-03',	1317,	5,	1,	719,	NULL,	1182),
(43,	'3940914304',	'Helyn Whitrod',	'2017-05-13',	2511,	5,	1,	370,	NULL,	1385),
(44,	'5417508020',	'Bob Trenam',	'2011-01-25',	1821,	4,	2,	408,	NULL,	1735),
(45,	'0282241906',	'Ricard Founds',	'2019-12-10',	1014,	2,	2,	422,	NULL,	1553),
(46,	'5652640979',	'Lil Nellen',	'2010-03-21',	2049,	6,	1,	410,	NULL,	1037),
(47,	'4205057652',	'Faye Brodhead',	'2017-07-16',	1695,	5,	1,	150,	NULL,	1602),
(48,	'9659255667',	'Jeniffer Livard',	'2003-05-24',	1736,	1,	1,	612,	NULL,	1392),
(49,	'9438522441',	'Korry Wilkerson',	'2023-10-25',	2015,	2,	1,	9,	NULL,	2676),
(50,	'2983742555',	'Salim Izchaki',	'2008-09-09',	1588,	6,	1,	531,	NULL,	2277),
(51,	'6520912158',	'Harley Leirmonth',	'2005-03-21',	1277,	5,	1,	766,	NULL,	1654),
(52,	'7782413028',	'Winston Mitchiner',	'2013-07-20',	1814,	1,	2,	150,	NULL,	1487),
(53,	'5066134875',	'Heywood Scobie',	'2011-06-23',	2255,	3,	1,	328,	NULL,	2461),
(54,	'1758716193',	'Vergil McQuillan',	'2010-07-09',	1823,	2,	1,	510,	NULL,	1872),
(55,	'5258653935',	'Buffy Spiby',	'2018-09-30',	1171,	5,	1,	47,	NULL,	2184),
(56,	'1405903139',	'Hershel Corbet',	'2019-11-22',	1920,	4,	2,	87,	NULL,	2436),
(57,	'4735216421',	'Price Full',	'2013-12-30',	2258,	6,	1,	343,	NULL,	2034),
(58,	'6371843028',	'Page Ivanchov',	'2005-06-16',	1575,	5,	2,	667,	NULL,	1033),
(59,	'9585192950',	'Jourdan Boots',	'2012-09-20',	1891,	6,	1,	808,	NULL,	2556),
(60,	'3986313257',	'Claudina Stainland',	'2003-01-10',	1443,	6,	2,	8,	NULL,	1774),
(61,	'2673393366',	'Helyn Lebrun',	'2010-05-11',	1300,	2,	2,	712,	NULL,	1343),
(62,	'9711828073',	'Jacob Proffitt',	'2022-10-14',	2090,	2,	1,	109,	NULL,	1191),
(63,	'2409974694',	'Bobinette Raigatt',	'2008-11-28',	1363,	4,	1,	8,	NULL,	1754),
(64,	'3567635050',	'Gregoire Pepin',	'2020-01-15',	1373,	1,	2,	72,	NULL,	1602),
(65,	'2625470275',	'Almira Brealey',	'2013-07-11',	2525,	1,	2,	775,	NULL,	1725),
(66,	'6070032055',	'Jamison Roderigo',	'2021-07-21',	1615,	1,	2,	196,	NULL,	2109),
(67,	'9893251206',	'Thornton Skull',	'2009-10-14',	1060,	2,	2,	44,	NULL,	1497),
(68,	'9051904746',	'Hyacinth Snozzwell',	'2014-12-24',	2203,	2,	2,	676,	NULL,	1738),
(69,	'3480642098',	'Carter Simonian',	'2007-06-14',	2650,	1,	2,	754,	NULL,	1131),
(70,	'4949348493',	'Reid Bredee',	'2011-10-03',	1137,	1,	2,	813,	NULL,	2577),
(71,	'3802416023',	'Angy Soughton',	'2011-03-25',	2375,	4,	2,	384,	NULL,	1295),
(72,	'1262855713',	'Mora Ponten',	'2004-04-15',	2361,	5,	2,	878,	NULL,	1875),
(73,	'5226696205',	'Lelia Koeppe',	'2014-11-13',	1769,	4,	2,	880,	NULL,	2291),
(74,	'1702029638',	'Davy Pochet',	'2022-09-17',	1065,	1,	1,	241,	NULL,	1277),
(75,	'1993316558',	'Pasquale Pavyer',	'2018-09-24',	2056,	1,	1,	108,	NULL,	1902),
(76,	'7122242293',	'Hansiain Dobbings',	'2016-10-28',	1597,	6,	2,	545,	NULL,	1274),
(77,	'1217088377',	'Colette Ladds',	'2012-12-09',	2459,	1,	1,	245,	NULL,	1974),
(78,	'1790653797',	'Ray Alvy',	'2014-10-21',	2371,	2,	1,	956,	NULL,	1816),
(79,	'7021851537',	'Barnie Feragh',	'2021-03-31',	2629,	3,	1,	112,	NULL,	2585),
(80,	'1461993644',	'Nicola Orans',	'2022-08-12',	1057,	4,	2,	405,	NULL,	1156),
(81,	'1541862171',	'Gipsy Batthew',	'2018-11-01',	1177,	3,	1,	933,	NULL,	1456),
(82,	'6863283719',	'Kaycee Thurstan',	'2003-12-23',	2219,	3,	2,	470,	NULL,	1079),
(83,	'6488354140',	'Prescott Woffinden',	'2018-09-17',	1581,	6,	2,	81,	NULL,	1118),
(84,	'0897877063',	'Rachele Kasting',	'2024-06-23',	1751,	2,	2,	414,	NULL,	1694),
(85,	'6499758590',	'Federica Doughartie',	'2023-11-02',	2245,	4,	2,	971,	NULL,	1666),
(86,	'4807071858',	'Francis Boness',	'2012-09-27',	1946,	2,	2,	705,	NULL,	1165),
(87,	'9267507893',	'Tasha Balk',	'2017-10-18',	1504,	1,	1,	739,	NULL,	1963),
(88,	'5278285672',	'Rance Farryann',	'2024-08-02',	2229,	2,	1,	465,	NULL,	2129),
(89,	'2681141117',	'Emyle Cholerton',	'2018-07-08',	2529,	1,	1,	210,	NULL,	1794),
(90,	'6116630324',	'Kylen Kegg',	'2019-08-11',	1252,	4,	1,	775,	NULL,	1277),
(91,	'2641066513',	'Brenda Bonick',	'2012-10-02',	2046,	6,	2,	431,	NULL,	2107),
(92,	'0574447741',	'Alleen Halvosen',	'2020-12-28',	1834,	1,	1,	423,	NULL,	2500),
(93,	'1547109955',	'Harlen Notton',	'2022-11-11',	2564,	1,	2,	872,	NULL,	1916),
(94,	'3828053408',	'Felicia Nudds',	'2019-03-08',	1650,	5,	2,	406,	NULL,	2134),
(95,	'7936341889',	'Rosamond Crooks',	'2022-09-22',	1704,	4,	2,	67,	NULL,	2233),
(96,	'2202807667',	'Lowell Wyer',	'2008-04-24',	1813,	1,	2,	879,	NULL,	1496),
(97,	'1687298548',	'Pennie Garlette',	'2012-11-07',	1437,	3,	2,	95,	NULL,	1214),
(98,	'3217503287',	'Linn Moyer',	'2009-01-29',	1623,	2,	1,	890,	NULL,	2558),
(99,	'0520004256',	'Fianna Hukin',	'2005-09-23',	2482,	2,	1,	666,	NULL,	2596),
(100,	'2071084810',	'Babb Testin',	'2014-07-25',	2073,	4,	1,	70,	NULL,	1012),
(101,	'7186047122',	'Sam Everall',	'2009-08-15',	2351,	4,	2,	212,	NULL,	1972),
(102,	'0108497747',	'Philipa Clara',	'2006-09-13',	1918,	2,	2,	228,	NULL,	2518),
(103,	'2860659382',	'Orelle Langland',	'2016-11-30',	2273,	5,	1,	139,	NULL,	2542),
(104,	'7856609591',	'Sibylla Berard',	'2013-06-17',	2218,	4,	2,	507,	NULL,	1197),
(105,	'1325376337',	'Nicoli Byram',	'2008-06-03',	1479,	2,	1,	403,	NULL,	1750),
(106,	'8387851000',	'Willette Gianolo',	'2019-03-11',	1243,	5,	1,	300,	NULL,	2015),
(107,	'8158825311',	'Ade Pentlow',	'2012-01-10',	1514,	6,	1,	554,	NULL,	1216),
(108,	'2116901952',	'Sylvia Mouland',	'2005-01-31',	2085,	5,	2,	891,	NULL,	1306),
(109,	'9596944797',	'Brandice McConachie',	'2010-02-27',	1153,	2,	1,	118,	NULL,	1744),
(110,	'7858830457',	'Nikolai Youthead',	'2011-04-18',	1760,	4,	2,	525,	NULL,	1171),
(111,	'0712376720',	'Giovanni Baldry',	'2013-06-09',	1683,	1,	1,	915,	NULL,	1921),
(112,	'2208866827',	'Kennett Fealey',	'2023-06-29',	1048,	4,	2,	150,	NULL,	2343),
(113,	'0468290745',	'Lloyd Deares',	'2017-11-30',	2454,	2,	1,	208,	NULL,	2174),
(114,	'2767017562',	'Edd Szymanski',	'2019-09-16',	1438,	4,	1,	87,	NULL,	2649),
(115,	'0880894822',	'Mal Dugan',	'2017-11-07',	1499,	4,	1,	904,	NULL,	2305),
(116,	'6569754904',	'Abe McQuade',	'2011-02-03',	2290,	2,	1,	740,	NULL,	1362),
(117,	'0276829301',	'Dana Pettifor',	'2013-02-05',	2083,	4,	1,	71,	NULL,	2007),
(118,	'1722910968',	'Maria Sher',	'2019-07-05',	1856,	1,	2,	783,	NULL,	1421),
(119,	'6702453094',	'Niels Sausman',	'2014-12-06',	1561,	3,	2,	498,	NULL,	2591),
(120,	'9413603065',	'Eugenius Errichi',	'2016-10-27',	1111,	4,	1,	83,	NULL,	2686),
(121,	'8177213016',	'Ainslie Livard',	'2011-02-06',	1731,	6,	2,	848,	NULL,	1011),
(122,	'2419491211',	'Sybilla Ferschke',	'2012-07-24',	2019,	2,	1,	768,	NULL,	1684),
(123,	'0944304990',	'Nanon Oakwood',	'2011-06-02',	1100,	6,	2,	383,	NULL,	1328),
(124,	'5445520323',	'Gil Jacobi',	'2008-11-17',	1693,	4,	1,	385,	NULL,	1665),
(125,	'6848483494',	'Ronica Dimberline',	'2011-06-14',	1606,	1,	2,	882,	NULL,	1426),
(126,	'6227153117',	'Gerta Kellegher',	'2024-05-07',	2004,	6,	2,	257,	NULL,	1624),
(127,	'0431214344',	'Grace Hallstone',	'2024-01-20',	2534,	6,	1,	95,	NULL,	1558),
(128,	'5663792570',	'Marlin Shearn',	'2008-12-06',	2050,	6,	2,	45,	NULL,	1972),
(129,	'0154731927',	'Meggy Wreak',	'2016-10-02',	2415,	4,	1,	823,	NULL,	1696),
(130,	'2492579972',	'Jud Lemar',	'2010-07-14',	2076,	6,	1,	720,	NULL,	1174),
(131,	'8339253999',	'Geoffrey Ricket',	'2014-03-12',	1415,	3,	2,	412,	NULL,	1482),
(132,	'5576123042',	'Christian Alcorn',	'2023-01-12',	1866,	1,	1,	465,	NULL,	2308),
(133,	'0731390520',	'Dedie Feavers',	'2005-09-09',	1870,	2,	1,	859,	NULL,	2379),
(134,	'7130588888',	'Belita Pohl',	'2023-09-13',	1358,	1,	1,	780,	NULL,	1946),
(135,	'8640018669',	'Decca Varker',	'2021-02-02',	2650,	3,	2,	186,	NULL,	2028),
(136,	'4740137275',	'Ivy Calven',	'2021-02-14',	2106,	6,	1,	563,	NULL,	1551),
(137,	'5148098953',	'Bennie Boam',	'2007-06-15',	2473,	4,	1,	915,	NULL,	2017),
(138,	'6751341113',	'Meta Whylie',	'2018-09-10',	2015,	6,	2,	356,	NULL,	1844),
(139,	'0011227923',	'Swen Batalle',	'2021-03-01',	1285,	2,	1,	573,	NULL,	1251),
(140,	'8412980999',	'Gene Kemwall',	'2019-01-23',	2304,	3,	1,	981,	NULL,	1763),
(141,	'0931949084',	'Brenna Blinder',	'2024-02-29',	1276,	4,	1,	931,	NULL,	2394),
(142,	'5487202877',	'Dacy Pauncefoot',	'2018-10-19',	1684,	3,	1,	731,	NULL,	2210),
(143,	'7626643917',	'Reggy Summerill',	'2008-02-06',	1769,	5,	1,	964,	NULL,	1206),
(144,	'3834663344',	'Smitty Camier',	'2011-03-18',	2125,	4,	1,	934,	NULL,	2032),
(145,	'9850651245',	'Giraldo Grimshaw',	'2015-11-30',	2347,	6,	1,	295,	NULL,	2100),
(146,	'1773053655',	'Chlo Coey',	'2017-02-25',	2227,	4,	1,	962,	NULL,	1410),
(147,	'6354063583',	'Brucie Conen',	'2009-03-01',	1404,	3,	2,	174,	NULL,	1296),
(148,	'6272796943',	'Renaud Philipeau',	'2007-09-22',	2434,	4,	2,	389,	NULL,	2522),
(149,	'6526552234',	'Adrienne Torre',	'2016-12-09',	2039,	2,	1,	91,	NULL,	2047),
(150,	'3253759806',	'Giorgio Nuschke',	'2020-07-07',	1511,	4,	1,	765,	NULL,	2504),
(151,	'1527123693',	'Cele Bear',	'2005-02-15',	2135,	4,	1,	68,	NULL,	2375),
(152,	'2220752615',	'Alexa Caldecourt',	'2016-07-27',	2545,	2,	2,	182,	NULL,	1069),
(153,	'9182671583',	'Arlena Walch',	'2012-09-19',	1010,	1,	2,	69,	NULL,	2302),
(154,	'3616100267',	'Hildagard Munns',	'2004-09-10',	1918,	5,	1,	333,	NULL,	1759),
(155,	'2511313545',	'Matilde Babar',	'2008-10-01',	2333,	1,	1,	932,	NULL,	1984),
(156,	'9737239598',	'Udell Stallebrass',	'2005-07-12',	2491,	2,	1,	807,	NULL,	2349),
(157,	'6505902651',	'Andre Fenner',	'2006-05-21',	2565,	6,	2,	606,	NULL,	1864),
(158,	'7355394622',	'Nonie Spat',	'2021-08-04',	2464,	1,	2,	89,	NULL,	1420),
(159,	'5250074731',	'Drucill Drance',	'2020-11-23',	1090,	6,	2,	478,	NULL,	2029),
(160,	'5219180258',	'Karim Padrick',	'2022-12-20',	1129,	5,	1,	587,	NULL,	2178),
(161,	'3604875269',	'Aarika Wilkenson',	'2003-11-25',	1678,	2,	1,	233,	NULL,	1675),
(162,	'8749395254',	'Nona Selcraig',	'2003-01-16',	1650,	6,	2,	179,	NULL,	2057),
(163,	'7320130688',	'Bank Critcher',	'2009-12-29',	2423,	4,	2,	269,	NULL,	2312),
(164,	'9876530933',	'Kendra Knibley',	'2020-09-16',	1693,	4,	1,	215,	NULL,	2443),
(165,	'5515907183',	'Milka Villa',	'2014-01-04',	1436,	1,	2,	830,	NULL,	1816),
(166,	'9806352726',	'Fitzgerald Ucceli',	'2015-07-14',	1078,	4,	2,	780,	NULL,	1927),
(167,	'0870899325',	'Noemi Close',	'2011-05-20',	1791,	3,	1,	55,	NULL,	1362),
(168,	'5812682666',	'Linea Bucknill',	'2010-11-30',	1826,	5,	2,	325,	NULL,	1087),
(169,	'2835743537',	'Zarah Maruska',	'2013-01-08',	2416,	5,	2,	509,	NULL,	1395),
(170,	'5432287617',	'Darbee Kincla',	'2015-09-04',	2232,	4,	2,	508,	NULL,	1736),
(171,	'2602677868',	'Cassondra Kerry',	'2019-03-02',	1044,	2,	1,	7,	NULL,	1853),
(172,	'7232827059',	'Katheryn ducarme',	'2005-03-15',	2017,	4,	1,	485,	NULL,	2059),
(173,	'0938587110',	'Tadeo Ravens',	'2020-10-25',	2193,	6,	2,	665,	NULL,	1592),
(174,	'0278551890',	'Guntar Tremelling',	'2014-07-28',	2201,	1,	2,	637,	NULL,	1945),
(175,	'2637313994',	'Siffre Begg',	'2013-04-20',	2258,	6,	2,	541,	NULL,	2280),
(176,	'0735055955',	'Denney Nassau',	'2016-01-06',	2640,	2,	1,	34,	NULL,	1071),
(177,	'6407553334',	'Victoir Averall',	'2023-12-04',	1812,	5,	2,	549,	NULL,	1243),
(178,	'1647706858',	'Adelice Weldrake',	'2006-07-25',	1229,	6,	2,	835,	NULL,	1146),
(179,	'8927471318',	'Deedee Madgett',	'2009-05-29',	2127,	2,	1,	79,	NULL,	2661),
(180,	'7487185834',	'Viva Mallen',	'2014-07-22',	2654,	3,	1,	784,	NULL,	1094),
(181,	'8516044750',	'Shirline Brunetti',	'2008-06-11',	2375,	6,	1,	833,	NULL,	2165),
(182,	'6273538948',	'Sunshine Watmore',	'2014-08-21',	1581,	2,	2,	372,	NULL,	1916),
(183,	'0698099575',	'Haywood Croker',	'2019-12-27',	1578,	3,	1,	201,	NULL,	1958),
(184,	'6504396035',	'Lyn Paylor',	'2016-11-05',	1270,	5,	1,	178,	NULL,	1747),
(185,	'0448179164',	'Shandra Hoggan',	'2016-03-13',	2651,	4,	2,	507,	NULL,	1769),
(186,	'4197792484',	'Jacinthe McLenaghan',	'2014-04-02',	2142,	1,	1,	422,	NULL,	1430),
(187,	'5462409125',	'Pail Andreu',	'2014-12-09',	1799,	4,	2,	22,	NULL,	2217),
(188,	'3383708683',	'Irina Vasenkov',	'2023-10-27',	2674,	5,	1,	205,	NULL,	1457),
(189,	'8806035274',	'Davin Gissop',	'2020-06-25',	1617,	6,	1,	996,	NULL,	1332),
(190,	'7577564192',	'Pearle Petrozzi',	'2016-07-30',	1344,	3,	2,	815,	NULL,	1310),
(191,	'7950337354',	'Maximilien Bramwich',	'2015-01-12',	2121,	6,	2,	895,	NULL,	1141),
(192,	'4987326477',	'Matti Borell',	'2007-04-22',	1935,	1,	1,	561,	NULL,	1367),
(193,	'0082463638',	'Nathan Lowdwell',	'2019-08-06',	1063,	5,	2,	990,	NULL,	2327),
(194,	'6106965900',	'Debbi Durman',	'2007-01-25',	1937,	5,	2,	331,	NULL,	2397),
(195,	'9374206293',	'Ramona McNellis',	'2013-09-10',	2660,	2,	1,	359,	NULL,	2497),
(196,	'0833170538',	'Merola Poxson',	'2022-02-28',	1438,	5,	1,	334,	NULL,	2527),
(197,	'2578347131',	'Mercy Rubica',	'2003-10-28',	1755,	6,	2,	693,	NULL,	2165),
(198,	'8543700957',	'Shoshanna Mulliner',	'2014-05-17',	1723,	1,	1,	767,	NULL,	2629),
(199,	'1712274864',	'Gardiner Clorley',	'2016-11-08',	2371,	3,	1,	358,	NULL,	2599),
(200,	'0938820311',	'Marie-ann Twigley',	'2023-08-26',	1985,	3,	2,	217,	NULL,	1884),
(201,	'5655495694',	'Harlin Freer',	'2016-06-28',	2066,	2,	2,	77,	NULL,	2285),
(202,	'7884246406',	'Kiele Yakovliv',	'2014-07-23',	1837,	3,	2,	180,	NULL,	1098),
(203,	'0670815810',	'Margalo Linke',	'2017-06-14',	2583,	1,	1,	11,	NULL,	1947),
(204,	'2033709930',	'Shelby MacMaykin',	'2023-04-30',	1244,	4,	2,	895,	NULL,	1234),
(205,	'4084162809',	'Kitti Verlinden',	'2010-08-06',	1238,	4,	1,	279,	NULL,	1629),
(206,	'2886397385',	'Angelita Pirot',	'2008-07-11',	2665,	6,	1,	780,	NULL,	1105),
(207,	'6669592760',	'Kirby Cleary',	'2005-05-23',	1585,	2,	1,	996,	NULL,	1987),
(208,	'3849165035',	'Levi Kropach',	'2018-10-08',	1903,	2,	1,	828,	NULL,	2031),
(209,	'6677966534',	'Dewie Saint',	'2020-03-03',	1631,	2,	1,	330,	NULL,	1081),
(210,	'9034764478',	'Jesus Yitzhak',	'2008-01-31',	1470,	2,	2,	653,	NULL,	1849),
(211,	'9172442328',	'Kenny Spurritt',	'2017-02-10',	1434,	2,	1,	409,	NULL,	1108),
(212,	'6676220784',	'Maudie Tilford',	'2005-09-03',	2563,	4,	1,	128,	NULL,	2393),
(213,	'8089642233',	'Nicolette Szymonowicz',	'2008-07-10',	1618,	2,	1,	381,	NULL,	1011),
(214,	'7336448127',	'Kennan Child',	'2022-01-04',	2313,	5,	1,	408,	NULL,	1310),
(215,	'8430729542',	'Hewie Mallabund',	'2011-06-02',	2075,	4,	1,	311,	NULL,	2108),
(216,	'4123498329',	'Myrwyn Drinkel',	'2009-12-19',	2697,	6,	1,	264,	NULL,	1393),
(217,	'1391302443',	'Agnese Biddlestone',	'2006-11-06',	2608,	3,	2,	776,	NULL,	1365),
(218,	'9870023118',	'Patricio Goodliff',	'2009-03-25',	2015,	5,	2,	772,	NULL,	2066),
(219,	'1903083443',	'Jobi Scobbie',	'2004-09-04',	1202,	1,	1,	684,	NULL,	2161),
(220,	'6200393168',	'Nerissa Guerrero',	'2013-10-27',	2231,	5,	1,	600,	NULL,	1064),
(221,	'6945009289',	'Rick Bragge',	'2014-10-14',	2168,	4,	1,	466,	NULL,	2118),
(222,	'7892582339',	'Larine Tabourin',	'2011-05-02',	1457,	2,	2,	855,	NULL,	1068),
(223,	'3516340754',	'Cherye Aupol',	'2014-03-25',	1779,	6,	2,	868,	NULL,	1523),
(224,	'3893075658',	'Elbertine Zarfai',	'2011-05-06',	1545,	1,	2,	720,	NULL,	2083),
(225,	'4106564483',	'Gena Furnival',	'2003-01-15',	1040,	5,	1,	314,	NULL,	2578),
(226,	'1649975686',	'Auberon Lambeth',	'2003-12-25',	1732,	2,	2,	856,	NULL,	2154),
(227,	'2908649675',	'Cassondra Bittlestone',	'2010-02-05',	1633,	4,	2,	256,	NULL,	2005),
(228,	'8831141880',	'Kaitlin Simison',	'2022-12-18',	2294,	1,	1,	692,	NULL,	1797),
(229,	'4748819057',	'Felipe Sherrock',	'2022-09-04',	1234,	5,	1,	778,	NULL,	2198),
(230,	'6918467867',	'Ange Turvie',	'2003-01-08',	2286,	5,	1,	419,	NULL,	1964),
(231,	'7497859021',	'Jamie Huckerby',	'2022-12-28',	2116,	2,	1,	920,	NULL,	2345),
(232,	'7712314675',	'Merrill Coper',	'2003-04-10',	1581,	2,	1,	83,	NULL,	2601),
(233,	'6642234839',	'Isabelle Doyle',	'2011-06-13',	1618,	1,	1,	355,	NULL,	1319),
(234,	'8716315022',	'Roselle Tash',	'2018-06-25',	1246,	5,	1,	918,	NULL,	2328),
(235,	'3049511427',	'Aubine Erskine Sandys',	'2023-12-31',	1430,	5,	1,	870,	NULL,	1955),
(236,	'2527059031',	'Oswell Crilley',	'2024-01-10',	1561,	3,	1,	102,	NULL,	2421),
(237,	'6423092346',	'April Britton',	'2003-05-09',	1291,	3,	1,	127,	NULL,	2517),
(238,	'1935901036',	'Rana Cranstone',	'2019-10-21',	1461,	6,	1,	885,	NULL,	2127),
(239,	'7137299482',	'Patrice Janda',	'2009-07-14',	1150,	5,	1,	926,	NULL,	1320),
(240,	'3696201383',	'Cordell Neggrini',	'2024-08-30',	1874,	3,	2,	958,	NULL,	2264),
(241,	'7535452531',	'Phyllys Heckner',	'2007-05-01',	1903,	5,	2,	254,	NULL,	1914),
(242,	'4932541635',	'Dari Mollatt',	'2017-02-27',	1500,	1,	1,	782,	NULL,	1429),
(243,	'8215721850',	'Collen Adamovitch',	'2016-04-13',	1403,	4,	1,	88,	NULL,	2585),
(244,	'6092007290',	'Tammie Bickerstaff',	'2007-04-18',	1347,	2,	2,	617,	NULL,	1593),
(245,	'1075663512',	'Donny Elfitt',	'2016-07-06',	1087,	3,	1,	208,	NULL,	1143),
(246,	'2527118437',	'Moritz Sanz',	'2022-03-24',	1970,	5,	2,	626,	NULL,	1910),
(247,	'8331426479',	'Luisa Francklin',	'2024-08-25',	2690,	6,	1,	737,	NULL,	1372),
(248,	'9144962894',	'Dolores Worrill',	'2007-05-04',	2673,	5,	2,	57,	NULL,	1535),
(249,	'2189082080',	'Ben Waldram',	'2015-02-21',	2000,	6,	1,	948,	NULL,	1298),
(250,	'4977492404',	'Klarrisa Winslow',	'2016-11-03',	1967,	1,	1,	869,	NULL,	1279),
(251,	'5327648338',	'Isak Abel',	'2011-09-11',	1375,	3,	1,	21,	NULL,	2454),
(252,	'3517560650',	'Hunt Breagan',	'2012-10-29',	1550,	1,	1,	208,	NULL,	2315),
(253,	'6096145787',	'Marie-ann Wicks',	'2011-02-01',	1267,	3,	2,	474,	NULL,	2642),
(254,	'4548905804',	'Courtnay O\' Dooley',	'2009-06-28',	2270,	5,	2,	457,	NULL,	1611),
(255,	'1185963367',	'Jaime Ansill',	'2006-03-20',	1089,	5,	1,	473,	NULL,	2354),
(256,	'7904946629',	'Sheffy Matoshin',	'2013-12-20',	2371,	1,	1,	66,	NULL,	2141),
(257,	'1990549055',	'Florencia Fitzsymonds',	'2006-07-24',	2022,	4,	1,	16,	NULL,	2443),
(258,	'7252073068',	'Minnnie Curless',	'2009-02-02',	1172,	2,	1,	64,	NULL,	2471),
(259,	'6930518492',	'Jaclin Climpson',	'2015-01-21',	1616,	6,	1,	109,	NULL,	1631),
(260,	'5707207686',	'Kristy McGarahan',	'2020-03-11',	1434,	5,	1,	85,	NULL,	1056),
(261,	'9580365237',	'Dave Borrie',	'2022-10-06',	1765,	3,	2,	875,	NULL,	1173),
(262,	'1304549135',	'Lindy Garred',	'2004-01-25',	1092,	4,	1,	290,	NULL,	1068),
(263,	'8720501854',	'Britta Clemenzi',	'2023-09-01',	1515,	5,	2,	521,	NULL,	2203),
(264,	'2136331647',	'Codie Pau',	'2010-08-15',	1186,	3,	2,	157,	NULL,	2311),
(265,	'9685820600',	'Aubry Lipson',	'2009-04-17',	1271,	1,	1,	138,	NULL,	1480),
(266,	'1637900686',	'Tobias Cleve',	'2020-01-07',	2322,	3,	1,	892,	NULL,	1071),
(267,	'9171452435',	'Tom Casewell',	'2014-12-24',	2126,	1,	1,	511,	NULL,	1972),
(268,	'2773231031',	'Benny Garlic',	'2016-02-24',	2319,	5,	1,	460,	NULL,	2560),
(269,	'7397597688',	'Joane Elvin',	'2024-04-22',	2182,	2,	1,	519,	NULL,	2097),
(270,	'8501536253',	'Lauryn Toller',	'2012-02-28',	2239,	4,	2,	207,	NULL,	2439),
(271,	'1020692812',	'Wyatt Yashin',	'2008-09-05',	1074,	3,	1,	857,	NULL,	1367),
(272,	'4368896769',	'Jock Regenhardt',	'2013-05-19',	1512,	6,	2,	188,	NULL,	1289),
(273,	'0813736234',	'Lynnell Imlen',	'2006-10-03',	1415,	3,	1,	241,	NULL,	2470),
(274,	'2804514145',	'Terry McInally',	'2016-08-08',	1625,	6,	2,	956,	NULL,	1029),
(275,	'9613740163',	'Wainwright Anthonies',	'2006-12-13',	1898,	6,	2,	1000,	NULL,	1923),
(276,	'2956702874',	'Roi Wiffler',	'2017-04-09',	2529,	1,	2,	7,	NULL,	2676),
(277,	'7938428477',	'Lettie Laffranconi',	'2011-06-17',	1358,	6,	2,	371,	NULL,	1144),
(278,	'6022354919',	'Blondell Mohring',	'2007-09-30',	2624,	2,	2,	676,	NULL,	2335),
(279,	'6051439382',	'Dasya Hammerson',	'2012-10-22',	1212,	4,	1,	898,	NULL,	2401),
(280,	'2212726686',	'Amalle Sabben',	'2019-02-22',	2023,	3,	2,	716,	NULL,	1512),
(281,	'7713780726',	'Vannie Broschke',	'2011-10-11',	1140,	1,	1,	971,	NULL,	2280),
(282,	'7367172042',	'Amie Greep',	'2024-07-24',	1866,	4,	2,	708,	NULL,	1899),
(283,	'5665863475',	'Lew Gorring',	'2008-11-22',	2631,	5,	2,	557,	NULL,	1580),
(284,	'9952823649',	'Salem Agnew',	'2018-10-12',	1133,	3,	1,	632,	NULL,	1386),
(285,	'0224751808',	'Pippa Verity',	'2015-12-03',	1976,	6,	1,	501,	NULL,	2516),
(286,	'6730602295',	'Murdock Wanden',	'2022-02-08',	1002,	6,	2,	673,	NULL,	1911),
(287,	'8888344020',	'Matt Danis',	'2019-04-22',	2244,	5,	2,	266,	NULL,	2669),
(288,	'5348581216',	'Silvana McCrudden',	'2006-10-27',	2573,	1,	1,	472,	NULL,	1641),
(289,	'5886857893',	'Candide Pietzner',	'2015-02-16',	2110,	6,	2,	433,	NULL,	2184),
(290,	'7699391829',	'Farly Main',	'2007-04-20',	1006,	4,	2,	906,	NULL,	1473),
(291,	'5632612783',	'Jordan Gratton',	'2018-02-15',	2662,	1,	1,	408,	NULL,	2148),
(292,	'3039502034',	'Aryn Karsh',	'2011-02-12',	1046,	3,	1,	517,	NULL,	1866),
(293,	'0046882707',	'Vaughan Ryder',	'2020-04-19',	2244,	2,	2,	215,	NULL,	1541),
(294,	'1238368794',	'Fawne Imos',	'2013-04-12',	1216,	2,	2,	308,	NULL,	1242),
(295,	'1596204621',	'Frasier MacCoughan',	'2019-05-07',	1870,	2,	2,	286,	NULL,	1291),
(296,	'9891577902',	'Dela Bellchamber',	'2013-09-29',	2241,	1,	2,	258,	NULL,	2531),
(297,	'8721712077',	'Emili Altree',	'2019-10-08',	1108,	4,	2,	159,	NULL,	1835),
(298,	'4051300943',	'Calvin Osbourn',	'2012-02-18',	1224,	6,	2,	975,	NULL,	1961),
(299,	'0911830871',	'Sydelle Leggis',	'2015-04-19',	2195,	6,	1,	166,	NULL,	1627),
(300,	'0259751324',	'Maryanne Fairclough',	'2006-02-22',	1131,	5,	1,	785,	NULL,	2270),
(301,	'5236998565',	'Patricio Frederick',	'2020-02-17',	1368,	3,	2,	112,	NULL,	1563),
(302,	'1739415388',	'Devina Weale',	'2004-04-24',	1670,	1,	1,	771,	NULL,	1963),
(303,	'9218895257',	'Theodoric Daud',	'2019-05-22',	2238,	4,	1,	828,	NULL,	1403),
(304,	'2214331662',	'Joellen Howels',	'2004-05-10',	1508,	6,	1,	135,	NULL,	1760),
(305,	'4419996986',	'Jammal O\' Dornan',	'2006-01-08',	1288,	6,	1,	169,	NULL,	1813),
(306,	'3661656589',	'Ludovika Koenen',	'2004-12-16',	1385,	5,	1,	506,	NULL,	2699),
(307,	'8117975416',	'Rustin Brandrick',	'2019-10-10',	2097,	5,	2,	285,	NULL,	1758),
(308,	'8651962665',	'Gill Eilles',	'2021-04-23',	2654,	5,	1,	499,	NULL,	1551),
(309,	'0281032289',	'Ekaterina Lukacs',	'2017-10-20',	1294,	6,	2,	782,	NULL,	1113),
(310,	'4440887546',	'Jamil Bagshawe',	'2006-03-13',	1834,	1,	1,	672,	NULL,	1240),
(311,	'0713554843',	'Avivah Cowoppe',	'2009-09-27',	2013,	6,	1,	885,	NULL,	2268),
(312,	'1872785204',	'Carma Slopier',	'2020-07-29',	2278,	4,	2,	222,	NULL,	1840),
(313,	'8386682310',	'Teresina Comino',	'2003-03-28',	1030,	3,	1,	525,	NULL,	2188),
(314,	'4491828180',	'Sheila-kathryn Ruppel',	'2019-08-07',	2004,	1,	1,	228,	NULL,	2109),
(315,	'4333447208',	'Rafi Elvy',	'2019-12-02',	1858,	2,	2,	189,	NULL,	1210),
(316,	'9576764963',	'Ynes Hodge',	'2009-07-26',	1515,	3,	1,	462,	NULL,	1934),
(317,	'9244366630',	'Meggi Darrigrand',	'2016-10-22',	1747,	5,	1,	995,	NULL,	1651),
(318,	'0320882616',	'Lanette Tomaskunas',	'2014-03-06',	1608,	6,	2,	583,	NULL,	2107),
(319,	'6147401769',	'Cob Stile',	'2017-10-03',	1383,	3,	2,	870,	NULL,	1997),
(320,	'9188397467',	'Parke Buffy',	'2015-10-10',	1906,	6,	1,	179,	NULL,	1493),
(321,	'2365941907',	'Lock Filkin',	'2023-03-18',	1707,	3,	1,	492,	NULL,	1195),
(322,	'4947768266',	'Raimund Melmar',	'2004-11-03',	1025,	6,	1,	893,	NULL,	2013),
(323,	'2675151963',	'Marlon Gough',	'2024-09-02',	2339,	3,	2,	483,	NULL,	1600),
(324,	'1816353566',	'Wenonah Bradick',	'2021-12-25',	1008,	5,	1,	641,	NULL,	1621),
(325,	'1740227409',	'Fawne Burnep',	'2016-08-10',	1286,	6,	1,	99,	NULL,	1670),
(326,	'5612667337',	'Sollie Kilgrew',	'2020-12-01',	2243,	3,	1,	42,	NULL,	2457),
(327,	'4663612997',	'Con Sparrow',	'2017-11-23',	2616,	1,	1,	629,	NULL,	1907),
(328,	'8886064853',	'Hanni Singleton',	'2013-08-14',	1293,	2,	2,	721,	NULL,	1614),
(329,	'6410146132',	'Jacklyn Drewitt',	'2012-12-04',	1431,	3,	1,	705,	NULL,	2110),
(330,	'1925338967',	'Noella Purchase',	'2018-04-10',	1449,	6,	1,	344,	NULL,	2693),
(331,	'9176288501',	'Lenette Lacroutz',	'2008-11-13',	2293,	4,	1,	498,	NULL,	2163),
(332,	'7727339814',	'Gwyn Bruffell',	'2019-08-07',	1292,	4,	1,	412,	NULL,	2445),
(333,	'5154983629',	'Suzy Querree',	'2015-10-06',	1036,	3,	1,	215,	NULL,	1422),
(334,	'3932247124',	'Andreas Olliver',	'2014-08-31',	1258,	4,	1,	225,	NULL,	1854),
(335,	'5067516372',	'Germana Cicchinelli',	'2007-06-03',	1280,	3,	1,	504,	NULL,	1024),
(336,	'2984547586',	'Raddie Enterlein',	'2023-06-17',	2198,	3,	2,	127,	NULL,	2464),
(337,	'6145758120',	'Cullan Hazael',	'2002-12-12',	1452,	2,	1,	443,	NULL,	1293),
(338,	'8636602785',	'Ethelyn Borrott',	'2020-07-09',	1505,	1,	1,	710,	NULL,	2273),
(339,	'6357588962',	'Colin Shervington',	'2017-09-02',	1037,	4,	1,	77,	NULL,	1443),
(340,	'4067086083',	'Ronald Stegel',	'2014-02-03',	2696,	1,	2,	630,	NULL,	1521),
(341,	'4122354641',	'Tabina Kimmince',	'2020-05-05',	1542,	4,	1,	825,	NULL,	1711),
(342,	'2074327862',	'Susanne Bachellier',	'2019-09-01',	1387,	6,	2,	493,	NULL,	1886),
(343,	'0193128411',	'Margaretha Gibb',	'2022-10-11',	1851,	4,	2,	449,	NULL,	1522),
(344,	'3589312416',	'Kate Keattch',	'2012-08-06',	1810,	1,	2,	346,	NULL,	1140),
(345,	'2310966037',	'Ursola De Cruce',	'2012-11-26',	2373,	5,	1,	806,	NULL,	1790),
(346,	'6540603134',	'Ashli Dodwell',	'2019-03-16',	1203,	1,	1,	635,	NULL,	1322),
(347,	'7557464168',	'Tarrance Beckford',	'2016-10-26',	2121,	5,	1,	868,	NULL,	1665),
(348,	'9829197573',	'Deanna Goare',	'2011-12-17',	1974,	2,	2,	373,	NULL,	1828),
(349,	'4812697646',	'Rooney Stalley',	'2008-01-11',	1282,	2,	2,	757,	NULL,	1147),
(350,	'4594881335',	'Junie Caiger',	'2003-03-01',	1398,	5,	2,	749,	NULL,	1561),
(351,	'8411723720',	'Sherlock Withrop',	'2013-06-21',	1344,	5,	1,	783,	NULL,	1873),
(352,	'8352407414',	'Roch Ryott',	'2011-06-25',	1626,	6,	2,	521,	NULL,	1675),
(353,	'1862761574',	'Prescott McOrkil',	'2005-02-03',	1697,	1,	1,	519,	NULL,	1729),
(354,	'3765918962',	'Zacherie Bogaert',	'2005-05-15',	2444,	1,	2,	762,	NULL,	1824),
(355,	'7829125171',	'Candide Maffioletti',	'2018-02-25',	2476,	6,	1,	437,	NULL,	1144),
(356,	'4044585075',	'Erika Jaksic',	'2021-02-12',	1097,	1,	2,	443,	NULL,	1228),
(357,	'8899406103',	'Jillie McCauley',	'2005-10-07',	1529,	4,	1,	160,	NULL,	2557),
(358,	'0244911754',	'Gerrie Ganiclef',	'2010-06-22',	2508,	1,	1,	330,	NULL,	2169),
(359,	'7387970165',	'Cassandra Southan',	'2008-01-31',	2473,	6,	2,	524,	NULL,	1061),
(360,	'2028959177',	'Elenore Caff',	'2003-06-13',	1232,	2,	2,	847,	NULL,	1265),
(361,	'5907702036',	'Hubert Voller',	'2009-06-08',	1493,	4,	1,	71,	NULL,	1832),
(362,	'0931981883',	'Xylia Littell',	'2022-02-28',	2385,	2,	2,	976,	NULL,	2101),
(363,	'4696256251',	'Rachael Bocking',	'2008-08-03',	1972,	1,	1,	366,	NULL,	1976),
(364,	'0461920360',	'Shayla Podbury',	'2005-12-06',	1418,	4,	1,	460,	NULL,	1835),
(365,	'0750562080',	'Donny Vasyukhnov',	'2022-05-11',	1709,	5,	1,	388,	NULL,	2293),
(366,	'0705581373',	'Marylou Sherington',	'2016-04-27',	1294,	2,	2,	578,	NULL,	1440),
(367,	'8811303664',	'Catie Handmore',	'2012-10-23',	1432,	5,	1,	950,	NULL,	2570),
(368,	'6629297598',	'Rosemarie Rosina',	'2004-10-18',	2086,	1,	1,	491,	NULL,	2576),
(369,	'9286281803',	'Luz Caller',	'2021-01-19',	1851,	2,	1,	743,	NULL,	2379),
(370,	'5885293147',	'Randolph Rimell',	'2008-11-06',	1062,	1,	2,	424,	NULL,	1196),
(371,	'3654263720',	'Nelle Turvie',	'2007-08-03',	1028,	2,	2,	518,	NULL,	1950),
(372,	'9792269673',	'Ilene Coopland',	'2010-09-07',	1976,	6,	1,	454,	NULL,	1629),
(373,	'2759292924',	'Doloritas Bewsy',	'2008-08-07',	2681,	2,	1,	897,	NULL,	1627),
(374,	'0759727821',	'Janifer Martinon',	'2013-11-14',	2053,	2,	1,	771,	NULL,	2326),
(375,	'2146092920',	'Berty Korneluk',	'2011-12-31',	2607,	5,	2,	863,	NULL,	2353),
(376,	'5878835878',	'Lorry Lettice',	'2018-11-11',	1222,	4,	1,	792,	NULL,	2115),
(377,	'5875220104',	'Dorothee Unger',	'2016-09-28',	2285,	1,	2,	932,	NULL,	1624),
(378,	'6539562594',	'Piotr Veart',	'2006-07-21',	1536,	2,	2,	285,	NULL,	1271),
(379,	'5806473554',	'Bellina Syddie',	'2010-02-09',	2558,	2,	1,	378,	NULL,	1600),
(380,	'6798588395',	'Lynelle Gegay',	'2013-10-30',	1447,	4,	2,	61,	NULL,	1567),
(381,	'5376814947',	'Bailie McCathie',	'2023-04-23',	1320,	5,	2,	361,	NULL,	1916),
(382,	'0471025062',	'Bobbye Rocca',	'2006-09-03',	2239,	1,	2,	578,	NULL,	2242),
(383,	'4741268926',	'Roselle Collington',	'2014-01-21',	1823,	5,	2,	967,	NULL,	1171),
(384,	'4874758436',	'Ericka Shall',	'2021-10-04',	2030,	5,	1,	9,	NULL,	1666),
(385,	'6927300546',	'Britteny Unstead',	'2006-08-27',	1967,	5,	2,	205,	NULL,	1019),
(386,	'1136455094',	'Juline Hegge',	'2011-12-10',	2683,	6,	1,	117,	NULL,	1664),
(387,	'1274754968',	'Wrennie De Souza',	'2006-04-14',	1642,	5,	1,	299,	NULL,	1766),
(388,	'7050056472',	'Dinah Palatini',	'2023-06-07',	1149,	4,	2,	342,	NULL,	2115),
(389,	'4935663790',	'Shermie Reboulet',	'2003-01-01',	1802,	4,	1,	716,	NULL,	2421),
(390,	'6366892695',	'Chadwick Hogben',	'2024-06-15',	2655,	3,	1,	158,	NULL,	1773),
(391,	'5111661751',	'Waneta Blaxlande',	'2006-07-27',	1655,	3,	1,	77,	NULL,	2319),
(392,	'2276198265',	'Bibi Dowyer',	'2011-09-15',	1549,	2,	2,	575,	NULL,	1491),
(393,	'1343170257',	'Gareth Gotts',	'2005-06-21',	2126,	5,	2,	52,	NULL,	1216),
(394,	'8449848997',	'Hymie Worsfold',	'2015-06-06',	2413,	5,	2,	275,	NULL,	1675),
(395,	'3564123156',	'Rachele Espinal',	'2017-07-10',	1223,	2,	1,	981,	NULL,	1543),
(396,	'3034591977',	'Timmi Beadham',	'2004-02-21',	2493,	5,	2,	125,	NULL,	2500),
(397,	'2194759506',	'Julia Bogie',	'2022-09-14',	2144,	4,	2,	163,	NULL,	1832),
(398,	'8481015644',	'Peyter Gaven',	'2005-03-19',	2666,	2,	1,	996,	NULL,	2253),
(399,	'9764153402',	'Malcolm Rangell',	'2004-07-15',	1674,	4,	2,	337,	NULL,	2337),
(400,	'5072342395',	'Waneta Mc Dermid',	'2003-12-19',	2214,	4,	1,	639,	NULL,	2369),
(401,	'1819313077',	'Barth Keppie',	'2019-12-24',	2699,	2,	1,	687,	NULL,	2545),
(402,	'6780213578',	'Bard Imms',	'2003-02-02',	1503,	5,	2,	129,	NULL,	2174),
(403,	'2824046538',	'Pru Cazereau',	'2019-09-30',	1331,	1,	2,	430,	NULL,	2231),
(404,	'2138297276',	'Rooney Sheivels',	'2011-11-24',	1669,	3,	1,	431,	NULL,	1463),
(405,	'2380266468',	'Lambert Slyde',	'2021-07-28',	2340,	3,	2,	888,	NULL,	1485),
(406,	'6867579132',	'Willetta Stannus',	'2006-05-29',	2407,	6,	1,	489,	NULL,	2044),
(407,	'8761496855',	'Bronny Cogzell',	'2017-08-19',	1684,	3,	1,	545,	NULL,	2372),
(408,	'3880544174',	'Callie Bottom',	'2004-01-08',	1441,	2,	1,	983,	NULL,	1976),
(409,	'2785196333',	'Brnaba Brixey',	'2005-11-16',	1587,	6,	1,	914,	NULL,	1618),
(410,	'9913822807',	'Enrico Croad',	'2011-06-09',	1838,	6,	2,	594,	NULL,	1637),
(411,	'4578284913',	'Shaun Goodyear',	'2015-03-29',	1227,	4,	1,	365,	NULL,	1169),
(412,	'3590202343',	'Donaugh Sarah',	'2020-03-14',	1906,	5,	1,	231,	NULL,	2083),
(413,	'4368693558',	'Lucky Asif',	'2012-02-22',	2178,	1,	1,	878,	NULL,	2453),
(414,	'1652374035',	'Stu Seamer',	'2012-04-04',	1089,	4,	1,	914,	NULL,	2690),
(415,	'8222519603',	'Gypsy Swafford',	'2002-12-22',	1833,	2,	2,	717,	NULL,	1863),
(416,	'8236134172',	'Dov Hawse',	'2004-07-10',	1298,	2,	1,	229,	NULL,	1146),
(417,	'7476664078',	'Talbot Haps',	'2005-09-12',	2050,	4,	2,	367,	NULL,	2659),
(418,	'4944958226',	'Bradly Holywell',	'2010-09-15',	2555,	2,	2,	650,	NULL,	1168),
(419,	'9775108675',	'Cris Allridge',	'2004-10-16',	2578,	2,	1,	229,	NULL,	1025),
(420,	'8467923954',	'Claire Leijs',	'2018-10-19',	2125,	4,	2,	79,	NULL,	2027),
(421,	'1222000474',	'Ivy Burgisi',	'2005-01-28',	1373,	4,	2,	420,	NULL,	2318),
(422,	'4709427208',	'Zorina Cauldwell',	'2003-05-11',	1896,	5,	2,	46,	NULL,	2657),
(423,	'5803490202',	'Flossie Dossett',	'2011-04-14',	1596,	3,	2,	945,	NULL,	1799),
(424,	'4930482984',	'Chryste Walklott',	'2023-10-19',	1388,	5,	1,	450,	NULL,	2669),
(425,	'8448311310',	'Dickie Ginity',	'2020-05-03',	2313,	3,	1,	572,	NULL,	2305),
(426,	'7024176687',	'Sawyer Clorley',	'2007-06-22',	1494,	1,	2,	894,	NULL,	1134),
(427,	'3190257299',	'Artair Baugham',	'2009-11-09',	2282,	4,	2,	116,	NULL,	1453),
(428,	'2477405713',	'Fedora Bettison',	'2014-03-31',	1500,	4,	1,	364,	NULL,	1920),
(429,	'1722304618',	'Neddy Groome',	'2006-12-24',	1139,	4,	2,	925,	NULL,	2011),
(430,	'3870617276',	'Tiebout Pedrielli',	'2021-09-24',	2003,	6,	2,	478,	NULL,	1922),
(431,	'9564810094',	'Cammi Robison',	'2015-09-10',	1562,	2,	1,	304,	NULL,	2106),
(432,	'8310698879',	'Aubrey Midgely',	'2009-01-11',	1171,	2,	2,	476,	NULL,	2383),
(433,	'3592921258',	'Waylin Pettecrew',	'2021-04-28',	1480,	5,	1,	927,	NULL,	1983),
(434,	'8390157918',	'Maxim Tortoishell',	'2006-08-25',	2462,	4,	2,	157,	NULL,	1708),
(435,	'9056875523',	'Prince Onraet',	'2022-04-10',	1884,	6,	2,	315,	NULL,	1618),
(436,	'6708265818',	'Tracie Redmire',	'2023-10-24',	1626,	6,	1,	795,	NULL,	2147),
(437,	'3126487432',	'Heida Isitt',	'2008-04-13',	2350,	6,	2,	606,	NULL,	1378),
(438,	'2023567971',	'Tiphani Fairburne',	'2016-04-26',	2427,	4,	2,	44,	NULL,	1549),
(439,	'0362142769',	'Gussi von Hagt',	'2011-04-04',	2576,	1,	2,	158,	NULL,	2000),
(440,	'2314142292',	'Leo Mintoft',	'2012-12-19',	1692,	1,	2,	676,	NULL,	2356),
(441,	'2833097158',	'Roldan McConnulty',	'2005-12-26',	2366,	2,	1,	265,	NULL,	1823),
(442,	'3592672428',	'Wilburt Gammack',	'2006-11-20',	1912,	5,	2,	689,	NULL,	2394),
(443,	'8008797029',	'Cam Balthasar',	'2008-08-30',	1316,	4,	1,	603,	NULL,	1972),
(444,	'6542869506',	'Lizbeth Trimby',	'2015-02-19',	1040,	3,	2,	493,	NULL,	2646),
(445,	'6361115321',	'Sigmund Talby',	'2006-06-09',	1052,	6,	2,	513,	NULL,	2540),
(446,	'3839608155',	'Luther Tewkesbury.',	'2004-05-23',	2407,	1,	2,	594,	NULL,	1165),
(447,	'5598098148',	'Christie Hanssmann',	'2014-02-05',	1133,	4,	1,	998,	NULL,	1178),
(448,	'0709345526',	'Margareta Galletly',	'2013-08-11',	2157,	6,	2,	943,	NULL,	1501),
(449,	'4846142302',	'Lyndsie Manders',	'2010-08-30',	2258,	3,	2,	1000,	NULL,	1212),
(450,	'6621907516',	'Rafe Binder',	'2006-08-16',	2491,	1,	1,	64,	NULL,	2266),
(451,	'5762185885',	'Arlyne Gladdolph',	'2023-10-16',	1657,	3,	2,	497,	NULL,	1102),
(452,	'0981207367',	'Bethena Ormesher',	'2020-10-08',	2069,	1,	1,	109,	NULL,	1069),
(453,	'8719205201',	'Ettore Woolger',	'2010-02-24',	1748,	3,	1,	553,	NULL,	1218),
(454,	'4179359324',	'Brenn Mc Combe',	'2010-03-10',	1775,	6,	2,	655,	NULL,	1094),
(455,	'7638529863',	'Sianna Ruane',	'2013-02-04',	2185,	6,	2,	427,	NULL,	1680),
(456,	'1704311462',	'Salomon Bramsom',	'2017-08-31',	1866,	2,	2,	44,	NULL,	1730),
(457,	'4851142374',	'Odell Gerrels',	'2015-11-11',	2393,	1,	1,	810,	NULL,	1271),
(458,	'0841768048',	'Tabbitha Meineck',	'2005-12-22',	1531,	1,	2,	753,	NULL,	2684),
(459,	'8384338213',	'Cecile Joseland',	'2021-10-25',	2248,	2,	1,	485,	NULL,	1921),
(460,	'5505043380',	'Karlik Meacher',	'2023-08-31',	1076,	6,	1,	935,	NULL,	2283),
(461,	'7535724205',	'Tremain Tiltman',	'2024-06-01',	2326,	6,	1,	976,	NULL,	1949),
(462,	'1719132070',	'Idalina Denk',	'2024-03-12',	2671,	2,	1,	411,	NULL,	1081),
(463,	'0973595523',	'Sapphira Blackburn',	'2003-07-25',	1102,	2,	1,	506,	NULL,	2636),
(464,	'5297731852',	'Bobby Casier',	'2023-06-14',	1253,	6,	2,	403,	NULL,	1087),
(465,	'3861303515',	'Tallou Marl',	'2017-02-18',	2482,	6,	2,	410,	NULL,	1631),
(466,	'2989252363',	'Rodolfo Aldgate',	'2021-03-24',	1033,	4,	2,	369,	NULL,	1404),
(467,	'4165000701',	'Violetta Rayment',	'2008-01-30',	1127,	4,	1,	235,	NULL,	1327),
(468,	'3978587475',	'Evonne Beckinsall',	'2019-03-25',	2060,	4,	1,	353,	NULL,	1141),
(469,	'7053275027',	'Garrett Fleay',	'2023-05-30',	1700,	5,	2,	933,	NULL,	1817),
(470,	'6617712609',	'Tootsie Weddup',	'2021-10-18',	2204,	4,	1,	823,	NULL,	1245),
(471,	'5501870479',	'Caesar Fairbrother',	'2012-09-22',	1482,	5,	1,	687,	NULL,	2266),
(472,	'9410765293',	'Onfroi Ricciardello',	'2008-02-13',	1369,	5,	1,	843,	NULL,	1631),
(473,	'2551436281',	'Brita Hannond',	'2010-01-31',	1078,	1,	1,	726,	NULL,	1691),
(474,	'3121829270',	'Darline Vina',	'2008-07-12',	2210,	3,	1,	843,	NULL,	1110),
(475,	'0379725061',	'Cordell Gerrietz',	'2020-01-12',	1883,	4,	2,	368,	NULL,	2129),
(476,	'1093301589',	'Opaline Bathurst',	'2003-12-27',	1705,	2,	1,	220,	NULL,	1399),
(477,	'0972001700',	'Rosalind Aslin',	'2010-03-11',	2126,	3,	2,	813,	NULL,	2065),
(478,	'4389010816',	'Fannie Spini',	'2021-12-22',	1208,	4,	1,	932,	NULL,	1237),
(479,	'6273265224',	'Murielle Cornelisse',	'2016-12-06',	1436,	2,	1,	717,	NULL,	1472),
(480,	'9753585918',	'Maggie Long',	'2011-07-25',	1733,	2,	1,	608,	NULL,	1023),
(481,	'6787513623',	'Verine Pleuman',	'2024-01-06',	2006,	2,	1,	734,	NULL,	1912),
(482,	'2335811002',	'Byrann Clem',	'2020-05-02',	2488,	3,	1,	16,	NULL,	2202),
(483,	'6133326107',	'Sylvia Hubbucks',	'2024-02-26',	2641,	1,	1,	292,	NULL,	2458),
(484,	'4443937706',	'Rube Cholonin',	'2019-05-31',	2086,	1,	1,	332,	NULL,	1192),
(485,	'0311287905',	'Rowan Ord',	'2011-09-04',	1344,	1,	2,	355,	NULL,	2434),
(486,	'8385404503',	'Shaine O\'Donegan',	'2016-03-22',	1381,	3,	2,	706,	NULL,	2313),
(487,	'2970732807',	'Katey Spaule',	'2019-09-06',	1027,	3,	1,	215,	NULL,	2515),
(488,	'6497667482',	'Tab Tinton',	'2024-07-18',	1559,	6,	1,	252,	NULL,	1512),
(489,	'8544537898',	'Keslie Rodger',	'2014-07-19',	1503,	2,	2,	34,	NULL,	2406),
(490,	'0898569451',	'Wenona Frawley',	'2011-02-06',	2270,	3,	2,	400,	NULL,	1689),
(491,	'3725224293',	'Stanly Donn',	'2012-09-02',	1183,	2,	1,	536,	NULL,	2490),
(492,	'4315682853',	'Vinny Sautter',	'2009-04-03',	1206,	6,	1,	998,	NULL,	1885),
(493,	'4712796626',	'Frannie Alston',	'2009-04-13',	2687,	5,	2,	579,	NULL,	1601),
(494,	'0163990239',	'Marthena Ballham',	'2017-12-17',	2049,	1,	1,	756,	NULL,	1777),
(495,	'4313018026',	'Euell Busch',	'2006-10-10',	2545,	2,	2,	959,	NULL,	2415),
(496,	'4636368681',	'Marti Steet',	'2005-05-13',	2554,	5,	1,	357,	NULL,	1498),
(497,	'3365328394',	'Nanny Trembley',	'2016-03-01',	2039,	4,	1,	89,	NULL,	1684),
(498,	'5995722735',	'Karla Tinner',	'2016-06-11',	1732,	1,	2,	338,	NULL,	1717),
(499,	'3693746044',	'Guinevere Sprankling',	'2019-07-17',	2041,	6,	2,	581,	NULL,	2652),
(500,	'0539194190',	'Harriot O\'Crotty',	'2006-01-09',	1808,	2,	1,	706,	NULL,	1141),
(501,	'8075033280',	'Jedd MacTeggart',	'2023-11-29',	2559,	6,	1,	33,	NULL,	1465),
(502,	'8384670064',	'Romonda McNelis',	'2011-11-12',	2665,	3,	1,	220,	NULL,	2176),
(503,	'6025809984',	'Inglis Obispo',	'2014-02-21',	1146,	3,	2,	649,	NULL,	2242),
(504,	'4116909548',	'Mignon Szwarc',	'2005-06-08',	1992,	1,	2,	233,	NULL,	1606),
(505,	'1395133700',	'Clementia Sulter',	'2008-12-26',	2653,	1,	2,	579,	NULL,	2503),
(506,	'5825378111',	'Falito Warlton',	'2022-05-16',	2271,	6,	1,	329,	NULL,	1379),
(507,	'0825067634',	'Meyer Eakle',	'2003-01-12',	2327,	4,	1,	806,	NULL,	1070),
(508,	'4493883138',	'Ike Brewitt',	'2007-04-27',	1081,	2,	2,	131,	NULL,	1999),
(509,	'9362104148',	'Jeremie Lundbech',	'2010-03-16',	1327,	4,	1,	444,	NULL,	2156),
(510,	'7612643448',	'Onofredo Hellikes',	'2017-06-30',	2032,	6,	1,	434,	NULL,	1354),
(511,	'4115217065',	'Ogdan Eagan',	'2024-01-30',	2179,	6,	2,	445,	NULL,	2240),
(512,	'4861159822',	'Monro Nacci',	'2003-02-26',	1579,	5,	2,	370,	NULL,	2042),
(513,	'3570685454',	'Danette Darth',	'2016-01-11',	1412,	4,	1,	150,	NULL,	2387),
(514,	'5742622589',	'Philipa McTerlagh',	'2004-05-02',	1859,	1,	1,	149,	NULL,	1071),
(515,	'1633967719',	'Francoise Phelit',	'2017-06-22',	2414,	1,	2,	460,	NULL,	1858),
(516,	'6173695081',	'Eleen Brafield',	'2008-01-19',	2692,	6,	2,	681,	NULL,	2383),
(517,	'6767746754',	'Griffin Ferreri',	'2015-03-26',	1727,	6,	2,	262,	NULL,	1516),
(518,	'0631104399',	'Godiva Tinsley',	'2006-02-12',	2243,	5,	2,	505,	NULL,	2175),
(519,	'8642795468',	'Ellary Hammerson',	'2007-09-22',	2084,	4,	1,	783,	NULL,	1777),
(520,	'7795431399',	'Nealon Broose',	'2023-11-19',	1688,	3,	1,	406,	NULL,	1457),
(521,	'3432539096',	'Idalia Pernell',	'2022-12-05',	1172,	3,	1,	939,	NULL,	1541),
(522,	'7601806006',	'Amelita Greder',	'2024-01-09',	2221,	5,	2,	415,	NULL,	1927),
(523,	'0401744558',	'Leicester Nornable',	'2006-10-13',	2374,	1,	1,	783,	NULL,	1855),
(524,	'2128575893',	'Carlee Leaton',	'2010-02-17',	1504,	1,	2,	990,	NULL,	1869),
(525,	'3923529805',	'Conroy Grima',	'2018-11-17',	1012,	3,	2,	218,	NULL,	1747),
(526,	'7016944646',	'Shellie Jennens',	'2024-05-20',	2636,	1,	1,	357,	NULL,	1908),
(527,	'0459262246',	'Shirlee Urling',	'2016-11-21',	1344,	1,	1,	1000,	NULL,	2105),
(528,	'1597922862',	'Galvin Goulder',	'2010-07-27',	2251,	5,	1,	708,	NULL,	1895),
(529,	'5762212076',	'Jacenta Matveyev',	'2021-02-11',	2590,	2,	2,	86,	NULL,	1757),
(530,	'2908967499',	'Napoleon Hovington',	'2011-11-22',	1403,	1,	1,	992,	NULL,	2059),
(531,	'6693915590',	'Bartholomeus Gamlyn',	'2016-04-16',	2601,	4,	1,	381,	NULL,	1630),
(532,	'6363741181',	'Montague Mansion',	'2007-02-21',	1381,	1,	1,	948,	NULL,	2511),
(533,	'6704705937',	'Benjy Meert',	'2012-06-09',	1567,	5,	1,	511,	NULL,	1893),
(534,	'7275776316',	'Tracee Gianettini',	'2007-12-20',	2572,	4,	1,	910,	NULL,	1321),
(535,	'7241785517',	'Venita O\'Lunney',	'2023-07-23',	2289,	2,	1,	69,	NULL,	2503),
(536,	'1749316390',	'Roscoe MacBean',	'2007-01-23',	2458,	1,	2,	399,	NULL,	2449),
(537,	'0134864735',	'Alyce O\'Farrell',	'2006-01-22',	2172,	3,	1,	522,	NULL,	2135),
(538,	'7681947353',	'Chet Oldacre',	'2024-04-23',	2471,	5,	1,	117,	NULL,	2086),
(539,	'3651393984',	'Cindelyn McGilvra',	'2017-09-23',	1134,	4,	1,	250,	NULL,	1875),
(540,	'6234493696',	'Nigel Cantos',	'2022-12-18',	1749,	1,	1,	528,	NULL,	2129),
(541,	'0858721864',	'Blisse Hearnshaw',	'2011-07-12',	1508,	5,	1,	608,	NULL,	1554),
(542,	'2037070543',	'Sadie Hannan',	'2011-08-14',	2569,	5,	2,	67,	NULL,	1906),
(543,	'8013647714',	'Vick Staniford',	'2020-03-30',	1428,	3,	1,	800,	NULL,	2231),
(544,	'5773721228',	'Welbie Hanny',	'2015-09-03',	1375,	5,	2,	500,	NULL,	1103),
(545,	'8739628183',	'Idalia Martyntsev',	'2009-03-15',	1713,	3,	2,	285,	NULL,	1321),
(546,	'5174942359',	'Delila Kenington',	'2019-11-05',	1982,	1,	2,	171,	NULL,	1797),
(547,	'6630299825',	'Normie Buffey',	'2011-08-31',	1644,	6,	2,	59,	NULL,	2530),
(548,	'3058647565',	'Dill Hayto',	'2011-06-29',	2046,	3,	2,	890,	NULL,	1548),
(549,	'5210447995',	'Sidonia Trusty',	'2006-12-09',	2586,	1,	2,	653,	NULL,	2390),
(550,	'6692053552',	'Wilfred Easby',	'2018-01-02',	2580,	6,	1,	725,	NULL,	1224),
(551,	'3282416024',	'Raphaela Spread',	'2016-10-18',	1896,	2,	1,	312,	NULL,	2642),
(552,	'7806114629',	'Jeniece Sabate',	'2019-10-11',	1681,	2,	2,	226,	NULL,	1467),
(553,	'1294401696',	'Gerianne Pedroli',	'2015-01-10',	1475,	2,	2,	411,	NULL,	2228),
(554,	'6658909776',	'Adelina Sharpous',	'2009-01-17',	2541,	3,	1,	63,	NULL,	1458),
(555,	'6607393780',	'Winnah Witty',	'2023-11-19',	1057,	4,	1,	615,	NULL,	2191),
(556,	'3199397387',	'Alastair Pashba',	'2009-11-06',	1654,	3,	2,	847,	NULL,	1356),
(557,	'7766059665',	'Charo Fromont',	'2015-09-29',	1603,	1,	1,	761,	NULL,	2022),
(558,	'9458720664',	'Lorry Scotson',	'2015-08-06',	2408,	5,	1,	268,	NULL,	1769),
(559,	'6631625203',	'Addison Coyne',	'2013-08-28',	1763,	1,	1,	419,	NULL,	1617),
(560,	'6964120688',	'Reyna Timpany',	'2013-01-18',	1087,	3,	1,	758,	NULL,	1982),
(561,	'4787354884',	'Zonnya Slocomb',	'2010-03-13',	2526,	6,	1,	664,	NULL,	1627),
(562,	'1905568959',	'Ilyssa O\'Hare',	'2005-12-01',	2413,	3,	2,	475,	NULL,	1734),
(563,	'0820852562',	'Denney Curedell',	'2024-07-20',	1486,	4,	2,	44,	NULL,	1336),
(564,	'8556902340',	'Cassandry Shugg',	'2011-01-21',	2332,	4,	2,	96,	NULL,	1711),
(565,	'3319758705',	'Shannon Grishagin',	'2005-03-30',	1112,	4,	1,	709,	NULL,	1418),
(566,	'2291548190',	'Leta Limpertz',	'2017-07-13',	2623,	6,	2,	130,	NULL,	2256),
(567,	'1544089031',	'Hugues Ellson',	'2015-11-26',	1331,	2,	1,	854,	NULL,	1467),
(568,	'0072587768',	'Carroll Crowcroft',	'2018-03-31',	1182,	6,	1,	863,	NULL,	1146),
(569,	'3514593523',	'Adela MacNeachtain',	'2020-09-29',	1847,	5,	2,	745,	NULL,	1016),
(570,	'5595509481',	'Skipton Anton',	'2023-04-19',	2333,	5,	2,	83,	NULL,	2544),
(571,	'1347676600',	'Ezra Quade',	'2017-11-02',	1448,	4,	2,	909,	NULL,	2330),
(572,	'6039726415',	'Ringo Sacchetti',	'2010-07-02',	1044,	5,	1,	107,	NULL,	2032),
(573,	'4474955218',	'Jeffry Grieve',	'2015-07-13',	2369,	1,	1,	481,	NULL,	1347),
(574,	'8159271379',	'Mel Gernier',	'2011-05-07',	2542,	2,	2,	388,	NULL,	2049),
(575,	'0370729080',	'Bride Bener',	'2004-01-31',	2283,	1,	2,	556,	NULL,	2647),
(576,	'7271444777',	'Stevena Haycock',	'2022-02-27',	1113,	6,	2,	748,	NULL,	2377),
(577,	'0139148973',	'Dolph Carson',	'2009-07-06',	2589,	3,	2,	498,	NULL,	2385),
(578,	'9656142942',	'Adria Malinowski',	'2020-09-03',	1369,	6,	2,	945,	NULL,	1864),
(579,	'6939536388',	'Hilary Rawlins',	'2009-11-21',	1603,	1,	1,	67,	NULL,	1191),
(580,	'6374148290',	'Ax Allchorn',	'2020-12-26',	1800,	1,	2,	34,	NULL,	2398),
(581,	'7610210749',	'Gertruda Darragh',	'2013-05-27',	2009,	5,	2,	351,	NULL,	2372),
(582,	'6380906630',	'Jereme Dodsworth',	'2005-03-12',	2027,	1,	1,	206,	NULL,	1821),
(583,	'8103087971',	'Richmound Dalziel',	'2017-05-08',	2459,	4,	2,	225,	NULL,	2232),
(584,	'6974532881',	'Anett Legrave',	'2021-08-17',	1731,	4,	1,	819,	NULL,	2281),
(585,	'4172334822',	'Terri Penman',	'2011-03-24',	2038,	2,	1,	183,	NULL,	2636),
(586,	'4419950056',	'Lyndy Pietersma',	'2013-10-15',	1352,	4,	2,	850,	NULL,	2230),
(587,	'4768592295',	'Carly Lockyear',	'2020-09-29',	1907,	1,	1,	515,	NULL,	2255),
(588,	'0114400938',	'Carleton Maycock',	'2019-06-10',	1644,	1,	2,	638,	NULL,	1689),
(589,	'1038062497',	'Loleta Simonich',	'2019-07-11',	2542,	4,	1,	295,	NULL,	2063),
(590,	'1898459940',	'Hannah Say',	'2003-01-09',	2090,	6,	2,	985,	NULL,	1296),
(591,	'8288826407',	'Evyn Paolone',	'2017-01-05',	1465,	2,	1,	14,	NULL,	1401),
(592,	'1247622797',	'Wilfred Powney',	'2010-05-06',	1997,	2,	2,	998,	NULL,	2204),
(593,	'3148964306',	'Cyb Forst',	'2003-07-04',	1411,	6,	2,	193,	NULL,	2508),
(594,	'5886669183',	'Moira MacElharge',	'2013-01-19',	1097,	1,	1,	576,	NULL,	2177),
(595,	'0374731756',	'Dieter Rollingson',	'2020-08-01',	2194,	2,	2,	254,	NULL,	1879),
(596,	'5368466749',	'Kathryne Backe',	'2021-06-11',	1550,	4,	2,	646,	NULL,	1836),
(597,	'8321334229',	'Midge Coolbear',	'2018-01-20',	1611,	5,	1,	625,	NULL,	2541),
(598,	'3689123844',	'Robb Rigglesford',	'2008-04-07',	2392,	5,	1,	950,	NULL,	2668),
(599,	'5044588970',	'Dorothee Garrity',	'2010-10-16',	1220,	6,	2,	924,	NULL,	1039),
(600,	'7161888352',	'Rollins Vivyan',	'2005-07-23',	2273,	2,	1,	935,	NULL,	1651),
(601,	'2671558201',	'Ebenezer Blakeslee',	'2015-04-24',	1269,	1,	1,	616,	NULL,	1338),
(602,	'7595357861',	'Inez Falkus',	'2022-07-15',	2092,	2,	2,	106,	NULL,	1113),
(603,	'7006003504',	'Ophelia Beamont',	'2013-11-26',	2407,	2,	2,	562,	NULL,	1360),
(604,	'4836595347',	'Xenia Beardshall',	'2022-04-29',	2271,	5,	1,	528,	NULL,	1640),
(605,	'6361479684',	'Tome Janus',	'2009-11-12',	2540,	6,	1,	947,	NULL,	1241),
(606,	'4527860364',	'Lian Matityahu',	'2024-02-14',	1136,	6,	2,	483,	NULL,	2641),
(607,	'5481523566',	'Raddy Lattka',	'2024-01-23',	1761,	4,	1,	235,	NULL,	1694),
(608,	'2523474956',	'Harlen Olivetti',	'2022-10-04',	2276,	6,	2,	66,	NULL,	2059),
(609,	'9155386393',	'Dayna Bracknell',	'2023-03-19',	1986,	1,	2,	111,	NULL,	1963),
(610,	'9040151849',	'Vere Cainey',	'2012-11-22',	1165,	1,	1,	904,	NULL,	2403),
(611,	'8239295509',	'Amie Braemer',	'2016-12-10',	1728,	1,	1,	378,	NULL,	1024),
(612,	'4220298177',	'Rosene Kirsopp',	'2013-07-27',	1294,	5,	1,	799,	NULL,	1767),
(613,	'4632308498',	'Dorella Binnall',	'2004-04-17',	1694,	2,	1,	953,	NULL,	2659),
(614,	'1381083064',	'Megan Fenech',	'2021-04-01',	1389,	6,	2,	411,	NULL,	1517),
(615,	'7602396065',	'Elston Dessent',	'2013-08-18',	1481,	3,	2,	46,	NULL,	2313),
(616,	'5238868863',	'Em Friary',	'2008-01-04',	2041,	5,	1,	670,	NULL,	2049),
(617,	'8296349108',	'Frannie Sapson',	'2009-12-31',	1702,	5,	2,	251,	NULL,	2108),
(618,	'9728692641',	'Giovanni Manjin',	'2016-11-22',	2392,	4,	2,	282,	NULL,	2629),
(619,	'4310205445',	'Dasha Thunnercliff',	'2010-07-26',	1550,	2,	1,	84,	NULL,	1194),
(620,	'8070749636',	'Tabbitha Pennrington',	'2008-07-30',	1469,	2,	2,	536,	NULL,	2307),
(621,	'0395586267',	'Anestassia McEntegart',	'2009-06-06',	1278,	1,	2,	311,	NULL,	2018),
(622,	'3085825452',	'Goddart Skures',	'2009-12-30',	2102,	4,	1,	370,	NULL,	2555),
(623,	'8204412215',	'Oneida Goodison',	'2017-07-09',	1537,	2,	1,	454,	NULL,	1879),
(624,	'3612307223',	'Avery Kitchingman',	'2016-05-07',	1412,	1,	2,	681,	NULL,	2686),
(625,	'0979313554',	'Leupold Gomar',	'2018-06-06',	2263,	2,	1,	977,	NULL,	1020),
(626,	'6941173505',	'Kassi Lillegard',	'2004-06-25',	1338,	6,	1,	817,	NULL,	2451),
(627,	'0035986514',	'Genovera Smallshaw',	'2023-07-08',	1526,	4,	2,	851,	NULL,	2698),
(628,	'3585319378',	'Celka Higford',	'2014-06-04',	1070,	5,	1,	848,	NULL,	1628),
(629,	'3666829279',	'Kikelia Abrahamsohn',	'2016-05-25',	2344,	1,	1,	648,	NULL,	1588),
(630,	'3667021240',	'Erl Suller',	'2023-05-16',	1579,	4,	2,	175,	NULL,	1877),
(631,	'6589498105',	'Bren Jonson',	'2013-01-30',	2499,	4,	1,	346,	NULL,	1533),
(632,	'1868419592',	'Georgine MacNockater',	'2022-06-14',	1238,	2,	2,	70,	NULL,	1789),
(633,	'6246611133',	'Maridel Flode',	'2024-07-28',	2054,	1,	1,	546,	NULL,	2229),
(634,	'6601995185',	'Consalve Fritter',	'2015-03-27',	1578,	3,	2,	456,	NULL,	2382),
(635,	'6272454597',	'Boyd Eye',	'2010-08-24',	1328,	4,	2,	65,	NULL,	2343),
(636,	'2415431532',	'Shawna Rosas',	'2011-12-01',	1813,	4,	2,	876,	NULL,	1517),
(637,	'6200640963',	'Hugo Squibe',	'2008-05-26',	2065,	4,	1,	28,	NULL,	1489),
(638,	'1958282081',	'Crysta Myott',	'2008-01-12',	2141,	5,	2,	744,	NULL,	2402),
(639,	'0780162188',	'Simonne Fliege',	'2018-07-16',	1244,	1,	1,	39,	NULL,	1947),
(640,	'7954725669',	'Elora Gerold',	'2005-07-23',	1678,	4,	1,	550,	NULL,	1576),
(641,	'6564813791',	'Blaine Liebrecht',	'2011-05-23',	1928,	4,	2,	322,	NULL,	1700),
(642,	'7704921193',	'Charlotta Heasley',	'2021-10-08',	2666,	2,	2,	777,	NULL,	2191),
(643,	'5724098946',	'Cory Fantonetti',	'2006-03-02',	1593,	4,	1,	94,	NULL,	1741),
(644,	'7923603561',	'Jervis Surgeon',	'2018-10-25',	1254,	2,	2,	496,	NULL,	1431),
(645,	'4859455746',	'Deane Rudge',	'2018-02-16',	2330,	5,	2,	434,	NULL,	2018),
(646,	'6966734896',	'Viviana Spybey',	'2016-06-24',	1384,	3,	2,	153,	NULL,	1299),
(647,	'9809831560',	'Pauline Hatch',	'2008-11-28',	2077,	2,	2,	462,	NULL,	2300),
(648,	'8468128430',	'Jemimah Osanne',	'2009-10-19',	1800,	5,	2,	642,	NULL,	1200),
(649,	'6277618997',	'Quintina Bendall',	'2013-11-30',	2143,	2,	1,	776,	NULL,	2207),
(650,	'0153646624',	'Kayley Deeming',	'2013-05-21',	1315,	6,	2,	98,	NULL,	1200),
(651,	'2760955753',	'Kirk Giovanardi',	'2003-08-30',	1061,	6,	1,	867,	NULL,	1958),
(652,	'9571649015',	'Jacklin Franzke',	'2010-01-27',	1781,	1,	2,	165,	NULL,	1833),
(653,	'0663687616',	'Naoma Rosencrantz',	'2015-09-02',	2168,	4,	1,	745,	NULL,	1157),
(654,	'6395344811',	'Rudolph Duffil',	'2006-07-25',	1057,	3,	2,	402,	NULL,	1532),
(655,	'7734212387',	'Cordelia Glasson',	'2006-05-10',	2015,	3,	1,	813,	NULL,	1864),
(656,	'7745665418',	'Timofei Ryley',	'2011-04-05',	1670,	2,	1,	399,	NULL,	1794),
(657,	'7904505614',	'Derk Addenbrooke',	'2012-06-02',	1271,	4,	2,	806,	NULL,	1636),
(658,	'6502198740',	'Kath Macer',	'2015-01-15',	1736,	1,	2,	905,	NULL,	1204),
(659,	'8638658877',	'Marius Coorington',	'2010-02-12',	1798,	6,	1,	683,	NULL,	2585),
(660,	'9606054209',	'Fanechka Christophers',	'2005-07-14',	1823,	3,	1,	62,	NULL,	1520),
(661,	'3352863172',	'Flora Aughton',	'2009-06-23',	2220,	3,	1,	676,	NULL,	1675),
(662,	'2802532294',	'Antonin Idenden',	'2024-06-16',	1902,	5,	2,	282,	NULL,	1553),
(663,	'3295115079',	'Jehu Rehorek',	'2017-04-20',	1894,	3,	1,	663,	NULL,	1326),
(664,	'0542834448',	'Lutero Jobb',	'2008-10-03',	1406,	1,	1,	397,	NULL,	1948),
(665,	'9420925560',	'Heidi Swalwell',	'2016-09-18',	2616,	5,	1,	116,	NULL,	2183),
(666,	'5612112963',	'Truda Reggiani',	'2003-11-21',	1253,	3,	2,	624,	NULL,	2685),
(667,	'1590330366',	'Joli Scallan',	'2017-06-21',	1880,	3,	2,	118,	NULL,	2353),
(668,	'7413912813',	'Shena Dougher',	'2017-02-11',	2030,	5,	1,	606,	NULL,	1059),
(669,	'1089390025',	'Merna Orbon',	'2022-12-13',	1406,	2,	1,	522,	NULL,	2546),
(670,	'5728401163',	'Mahmud Dudenie',	'2007-11-23',	1706,	6,	1,	501,	NULL,	1684),
(671,	'4696142000',	'Hildagarde Carslake',	'2010-12-13',	1925,	4,	1,	802,	NULL,	2489),
(672,	'2756871079',	'Bibby Lackinton',	'2008-08-19',	1478,	3,	2,	364,	NULL,	1140),
(673,	'8211223031',	'Austine Hacard',	'2006-06-12',	2473,	6,	1,	547,	NULL,	2099),
(674,	'3850442810',	'Alley Chisholm',	'2012-06-13',	1913,	4,	2,	696,	NULL,	2542),
(675,	'8559720863',	'Alisander Conring',	'2014-08-22',	1350,	5,	2,	274,	NULL,	1060),
(676,	'8903033639',	'Heinrik Eilles',	'2016-12-20',	1212,	2,	1,	706,	NULL,	1743),
(677,	'6053740640',	'Kerry Conyer',	'2023-07-31',	2592,	5,	1,	532,	NULL,	2003),
(678,	'8378443043',	'Catha Gallgher',	'2016-12-15',	2697,	1,	1,	3,	NULL,	2695),
(679,	'3873158329',	'Brina Bande',	'2010-10-17',	2202,	2,	2,	251,	NULL,	2135),
(680,	'2551308291',	'Charles Jonuzi',	'2009-10-08',	2650,	1,	1,	723,	NULL,	2498),
(681,	'6739353387',	'Frederigo Raynton',	'2015-07-23',	1081,	1,	1,	794,	NULL,	1492),
(682,	'7042174194',	'Constantino Tuckwood',	'2005-12-04',	2347,	4,	2,	502,	NULL,	1114),
(683,	'1092485759',	'Emlynne Bywaters',	'2010-06-06',	2697,	2,	2,	529,	NULL,	1558),
(684,	'9153800435',	'Elfreda Collinette',	'2005-07-09',	1576,	1,	2,	986,	NULL,	1213),
(685,	'0379093537',	'Ephraim Kendrick',	'2014-07-19',	1030,	1,	1,	258,	NULL,	2160),
(686,	'6045158733',	'Elka Dumper',	'2011-04-26',	1257,	1,	1,	624,	NULL,	1549),
(687,	'1797302604',	'Annora Shillan',	'2018-06-16',	2614,	2,	1,	905,	NULL,	2494),
(688,	'8415329784',	'Aurthur Klosser',	'2017-05-15',	2100,	5,	2,	909,	NULL,	2639),
(689,	'1821437853',	'Kettie Karpychev',	'2006-01-15',	1313,	6,	2,	40,	NULL,	1200),
(690,	'2424844291',	'Hurlee Jammet',	'2008-06-20',	1993,	4,	1,	666,	NULL,	2650),
(691,	'9805329054',	'Lorettalorna Jehu',	'2013-07-29',	1514,	1,	1,	827,	NULL,	2195),
(692,	'8245718289',	'Windy Metzke',	'2016-12-30',	1257,	4,	2,	867,	NULL,	1903),
(693,	'8833769461',	'Ronny Losebie',	'2023-08-24',	1275,	1,	1,	836,	NULL,	2560),
(694,	'8676942730',	'Derrick Lehrer',	'2007-02-03',	1250,	4,	1,	359,	NULL,	2417),
(695,	'2347349414',	'Angus Rossiter',	'2015-04-04',	2304,	4,	1,	318,	NULL,	1036),
(696,	'2090187255',	'Darcey Grut',	'2014-08-30',	1992,	5,	2,	324,	NULL,	2211),
(697,	'1774246619',	'Emmalynne Inchan',	'2011-03-28',	1822,	5,	2,	560,	NULL,	1579),
(698,	'6085764596',	'Jeanie Sager',	'2012-11-25',	1216,	1,	1,	497,	NULL,	1955),
(699,	'5383518215',	'Gordie Getty',	'2021-01-15',	1082,	1,	2,	475,	NULL,	1068),
(700,	'9308882375',	'Dennet Etheridge',	'2003-03-23',	1010,	6,	1,	100,	NULL,	2155),
(701,	'8217245746',	'Claudina Teresia',	'2013-04-07',	2685,	4,	1,	677,	NULL,	2039),
(702,	'3485413844',	'Selie Parton',	'2009-08-24',	1586,	3,	1,	759,	NULL,	2214),
(703,	'5531800711',	'Andre Redmond',	'2024-03-22',	1143,	4,	2,	26,	NULL,	1774),
(704,	'6146832944',	'Franklyn Carles',	'2008-12-30',	1714,	5,	1,	393,	NULL,	2505),
(705,	'8575229672',	'Geoff Connealy',	'2024-02-03',	1419,	3,	2,	598,	NULL,	1679),
(706,	'0627493432',	'Sophronia McCullogh',	'2014-03-20',	1065,	1,	2,	67,	NULL,	1303),
(707,	'8361095241',	'Nikolai Polack',	'2005-06-06',	1656,	6,	1,	679,	NULL,	1476),
(708,	'7069007388',	'Sapphira Pesselt',	'2007-03-26',	2409,	2,	2,	672,	NULL,	2652),
(709,	'6158201251',	'Caprice Aggett',	'2020-10-12',	1673,	3,	2,	712,	NULL,	1050),
(710,	'5372996765',	'Radcliffe Alsina',	'2008-03-03',	1673,	2,	2,	918,	NULL,	2250),
(711,	'3953491725',	'Antonella Shelmardine',	'2003-10-30',	1981,	6,	1,	857,	NULL,	2039),
(712,	'2507196009',	'Marcelline Tolworth',	'2010-04-16',	2515,	6,	2,	688,	NULL,	1742),
(713,	'6971345177',	'Jo Jagiela',	'2020-12-26',	1730,	4,	1,	763,	NULL,	2006),
(714,	'3808332425',	'Boy Iban',	'2024-02-05',	1852,	6,	1,	597,	NULL,	1133),
(715,	'9628078127',	'Catriona Furbank',	'2016-12-20',	1106,	6,	2,	583,	NULL,	1478),
(716,	'0664037453',	'Sara Gadsden',	'2005-05-25',	2690,	2,	1,	709,	NULL,	1701),
(717,	'7470926623',	'Phyllis Melburg',	'2021-11-22',	1113,	4,	2,	689,	NULL,	1087),
(718,	'6135600478',	'Edeline Dooney',	'2005-11-12',	2528,	6,	1,	314,	NULL,	1223),
(719,	'5954717311',	'Terry Lowcock',	'2003-07-28',	1555,	5,	2,	508,	NULL,	1159),
(720,	'3650049015',	'Forest Astell',	'2018-04-01',	2678,	6,	1,	239,	NULL,	2259),
(721,	'7040939053',	'Granger Parvin',	'2016-02-24',	2104,	2,	1,	817,	NULL,	1879),
(722,	'5622428904',	'Dody Grestye',	'2021-09-19',	2518,	2,	1,	408,	NULL,	1131),
(723,	'5412917097',	'Papagena Fortune',	'2006-07-17',	1964,	2,	2,	576,	NULL,	1901),
(724,	'8567970881',	'Catherin Tittletross',	'2023-03-26',	2400,	2,	1,	45,	NULL,	1914),
(725,	'6163886852',	'Helli Blacklawe',	'2003-01-28',	2261,	4,	1,	648,	NULL,	2070),
(726,	'4731689740',	'Hali Jouannin',	'2016-10-09',	2124,	5,	2,	603,	NULL,	1310),
(727,	'5600082622',	'Prinz Dicks',	'2014-02-16',	1577,	1,	2,	483,	NULL,	2076),
(728,	'8586410071',	'Goddard Engall',	'2018-03-20',	1364,	6,	2,	430,	NULL,	1735),
(729,	'9868562082',	'Megan Grinishin',	'2019-12-17',	1682,	6,	2,	107,	NULL,	1589),
(730,	'1895865549',	'Mendel MacKomb',	'2016-01-27',	2552,	3,	2,	442,	NULL,	1112),
(731,	'6617223403',	'Jessamyn Tuckley',	'2021-04-19',	2615,	3,	1,	848,	NULL,	2427),
(732,	'0810888920',	'Dixie Pude',	'2006-07-28',	2393,	2,	1,	880,	NULL,	1454),
(733,	'5044326887',	'Roxanna Tracy',	'2007-12-20',	2386,	6,	1,	661,	NULL,	1749),
(734,	'5969209325',	'Fawn Allport',	'2009-04-06',	1508,	5,	1,	303,	NULL,	1301),
(735,	'2787042015',	'Hanna Bouda',	'2023-03-24',	2189,	4,	2,	49,	NULL,	1321),
(736,	'8835508282',	'Merrielle Gillogley',	'2009-11-22',	2189,	3,	2,	68,	NULL,	2690),
(737,	'2108539859',	'Truman Durnin',	'2009-02-16',	1243,	4,	1,	229,	NULL,	2365),
(738,	'4592579895',	'Libbie Cropper',	'2023-01-12',	1405,	5,	1,	655,	NULL,	1848),
(739,	'5918576495',	'Pennie Rule',	'2006-04-04',	1132,	5,	2,	754,	NULL,	1683),
(740,	'0679195106',	'Fanni Hollingshead',	'2006-02-07',	2253,	5,	2,	738,	NULL,	1910),
(741,	'6205787393',	'Keith Peskin',	'2010-10-23',	2462,	3,	1,	208,	NULL,	1462),
(742,	'7455771886',	'Berri Brailey',	'2010-11-13',	2574,	3,	1,	681,	NULL,	1834),
(743,	'5035476847',	'Shaw Paszak',	'2005-12-28',	2144,	3,	1,	987,	NULL,	2397),
(744,	'7533929896',	'Conchita Lucien',	'2022-01-03',	1053,	5,	1,	960,	NULL,	1358),
(745,	'0354603191',	'Shae Anthill',	'2016-08-08',	1205,	4,	2,	283,	NULL,	1896),
(746,	'0113574363',	'Dannie Mabbs',	'2021-06-20',	2144,	3,	2,	243,	NULL,	1352),
(747,	'1120124026',	'Tuck Lofty',	'2005-12-07',	2639,	1,	1,	863,	NULL,	1911),
(748,	'3518615971',	'Malory Heard',	'2020-02-15',	1034,	6,	2,	8,	NULL,	1853),
(749,	'8702706881',	'Gibbie Wagge',	'2013-07-06',	1888,	3,	1,	27,	NULL,	2188),
(750,	'4720655262',	'Jarid Aisthorpe',	'2019-06-20',	1626,	5,	1,	189,	NULL,	2346),
(751,	'9883146191',	'Dalston Persian',	'2005-02-15',	1917,	2,	1,	789,	NULL,	1144),
(752,	'1582744750',	'Kennett Goddard',	'2010-02-08',	1075,	2,	2,	881,	NULL,	1393),
(753,	'8488525044',	'Jules Lacrouts',	'2021-09-29',	2170,	4,	2,	875,	NULL,	1679),
(754,	'6781786024',	'Jonathan Lardge',	'2020-07-25',	2629,	4,	1,	712,	NULL,	2550),
(755,	'7330246611',	'Ericka Wimpress',	'2018-09-25',	1059,	5,	2,	302,	NULL,	2156),
(756,	'3879355797',	'Guy Smooth',	'2009-12-21',	2135,	6,	2,	81,	NULL,	1166),
(757,	'6276403121',	'Upton Butts',	'2014-07-16',	1686,	4,	2,	641,	NULL,	2007),
(758,	'7898759095',	'Harriot Margetson',	'2022-01-03',	1301,	1,	2,	929,	NULL,	2552),
(759,	'8703952673',	'Byram Obal',	'2018-12-09',	1362,	4,	1,	20,	NULL,	1693),
(760,	'5782541202',	'Ruthe Yanukhin',	'2008-01-12',	2470,	3,	1,	242,	NULL,	2601),
(761,	'6306342524',	'Townie Hadeke',	'2021-04-16',	2410,	4,	2,	43,	NULL,	2523),
(762,	'8944481881',	'Kurtis Delahunty',	'2003-05-25',	2259,	2,	1,	111,	NULL,	2176),
(763,	'6850741748',	'Prinz Pendrigh',	'2008-07-17',	2612,	1,	1,	787,	NULL,	1759),
(764,	'3185881389',	'Hervey Snodin',	'2015-01-15',	2671,	4,	2,	187,	NULL,	1051),
(765,	'6004895059',	'Erminie Treen',	'2009-01-24',	1761,	4,	2,	740,	NULL,	2280),
(766,	'8600629187',	'Onofredo Ginglell',	'2013-07-14',	1556,	4,	1,	338,	NULL,	1264),
(767,	'1371249458',	'Odilia Root',	'2008-09-16',	2213,	6,	1,	629,	NULL,	1586),
(768,	'4933116903',	'Kaila Filde',	'2020-09-17',	1577,	5,	2,	701,	NULL,	2030),
(769,	'2738501893',	'Adi Bottini',	'2021-11-22',	1891,	5,	1,	265,	NULL,	1603),
(770,	'1417527315',	'Karola Fierro',	'2016-10-28',	1906,	6,	1,	163,	NULL,	2518),
(771,	'0357185390',	'Paolina Marchington',	'2020-08-28',	1862,	2,	1,	697,	NULL,	1587),
(772,	'8503914387',	'Gustave Borchardt',	'2008-07-10',	1516,	3,	2,	32,	NULL,	1600),
(773,	'9002128924',	'Travers Pitchers',	'2022-06-11',	1613,	6,	1,	144,	NULL,	2235),
(774,	'6061536321',	'Paddy Natte',	'2012-05-24',	2315,	6,	2,	920,	NULL,	2490),
(775,	'6774203361',	'Corabelle Clacey',	'2007-09-18',	2396,	1,	2,	638,	NULL,	1520),
(776,	'0716535513',	'Baird Murfin',	'2014-12-25',	2082,	5,	2,	325,	NULL,	1393),
(777,	'1755277768',	'Jewelle Marrow',	'2005-12-28',	1489,	5,	2,	300,	NULL,	2487),
(778,	'2683997868',	'Torey Coleridge',	'2011-02-22',	2203,	2,	1,	928,	NULL,	1603),
(779,	'0205667694',	'Essa Daugherty',	'2014-04-26',	1771,	6,	1,	393,	NULL,	1765),
(780,	'0241249996',	'Jocelin Borer',	'2010-04-23',	2642,	4,	2,	115,	NULL,	2143),
(781,	'3673273868',	'Erina Ions',	'2010-07-19',	2360,	5,	2,	697,	NULL,	1221),
(782,	'1343275873',	'Umberto Slaght',	'2004-11-16',	1737,	2,	2,	514,	NULL,	1879),
(783,	'1692872966',	'Brinn Haggard',	'2008-12-19',	1306,	5,	2,	558,	NULL,	1692),
(784,	'8494704036',	'Anabelle McBeith',	'2012-09-30',	1481,	4,	2,	701,	NULL,	2682),
(785,	'5950890329',	'Anya Brockwell',	'2003-02-22',	1675,	4,	2,	920,	NULL,	2314),
(786,	'2640837729',	'Dar Punchard',	'2019-10-18',	2579,	5,	2,	104,	NULL,	1418),
(787,	'7147963598',	'Lorelei Snowsill',	'2020-05-26',	1928,	5,	2,	763,	NULL,	2696),
(788,	'4361810850',	'Mikael Pulteneye',	'2014-05-17',	1751,	1,	2,	310,	NULL,	1151),
(789,	'9672108230',	'Kalli Kahn',	'2004-03-19',	1321,	2,	2,	614,	NULL,	2273),
(790,	'0102960518',	'Bunni Langmuir',	'2012-07-15',	1659,	3,	2,	744,	NULL,	1275),
(791,	'8410503727',	'Ilyse Munt',	'2009-04-28',	2367,	3,	2,	14,	NULL,	2649),
(792,	'0999403907',	'Karylin Ceely',	'2015-02-28',	1232,	6,	2,	842,	NULL,	2048),
(793,	'7014889303',	'Leeanne Maitland',	'2016-05-28',	1772,	1,	2,	206,	NULL,	2441),
(794,	'0307082695',	'Roddy Widdop',	'2004-03-28',	1208,	6,	1,	667,	NULL,	2551),
(795,	'5704882757',	'Damien Garlic',	'2012-12-16',	1061,	6,	2,	745,	NULL,	2370),
(796,	'2583457438',	'Griffith Pinnijar',	'2021-06-12',	2390,	5,	1,	441,	NULL,	2480),
(797,	'0461666340',	'Montague Savell',	'2007-05-02',	1422,	3,	1,	597,	NULL,	2476),
(798,	'6682832974',	'Stephie Gini',	'2023-05-12',	2054,	2,	1,	350,	NULL,	2013),
(799,	'1878250213',	'Ursulina MacCartan',	'2009-12-03',	2035,	4,	2,	13,	NULL,	2657),
(800,	'5729914784',	'Mathilda Jochanany',	'2009-11-04',	1807,	4,	1,	16,	NULL,	1361),
(801,	'6690509133',	'Ambrose Farnill',	'2023-10-20',	2066,	6,	2,	417,	NULL,	1085),
(802,	'4947076585',	'Udell Pountney',	'2012-07-27',	2413,	5,	2,	640,	NULL,	1351),
(803,	'7406008007',	'Tansy Tellesson',	'2019-05-16',	2184,	4,	2,	504,	NULL,	1653),
(804,	'8864867821',	'Rolando Tapper',	'2016-08-08',	1271,	2,	1,	802,	NULL,	1119),
(805,	'1222989220',	'Washington Shoorbrooke',	'2021-12-03',	2490,	6,	1,	756,	NULL,	2112),
(806,	'1632380862',	'Krishnah Springham',	'2005-01-24',	1328,	1,	1,	557,	NULL,	1921),
(807,	'6608392826',	'Shalne Vobes',	'2012-06-11',	1718,	6,	1,	53,	NULL,	2192),
(808,	'7111585445',	'Antons McCurlye',	'2023-09-15',	1723,	2,	2,	466,	NULL,	1078),
(809,	'5057069438',	'Amie Ibbeson',	'2017-05-18',	1579,	3,	2,	615,	NULL,	1529),
(810,	'4928178041',	'Borden Echallier',	'2003-11-27',	2431,	4,	2,	147,	NULL,	1842),
(811,	'1251115829',	'Edouard Honack',	'2010-05-03',	2593,	5,	2,	834,	NULL,	1588),
(812,	'8168628241',	'Hillel Videan',	'2016-03-23',	1288,	2,	2,	8,	NULL,	1730),
(813,	'3167378565',	'Gabie Andriulis',	'2013-05-01',	1329,	6,	2,	83,	NULL,	2193),
(814,	'5440685677',	'Yancy Keigher',	'2018-04-23',	2511,	3,	1,	383,	NULL,	2274),
(815,	'6816002873',	'Nealson Kirvell',	'2004-06-27',	1673,	2,	1,	287,	NULL,	1418),
(816,	'1801809550',	'Gilemette Olrenshaw',	'2006-03-19',	1497,	2,	2,	906,	NULL,	2275),
(817,	'6801557203',	'Claiborne Penhall',	'2018-02-26',	1968,	3,	1,	131,	NULL,	2388),
(818,	'6954904953',	'Sammie Fallows',	'2011-11-04',	2084,	5,	1,	786,	NULL,	1473),
(819,	'9776131360',	'Wynn Attlee',	'2013-05-28',	2484,	2,	1,	739,	NULL,	2627),
(820,	'6305223815',	'Sylvester O\'Bradane',	'2005-04-18',	1071,	1,	2,	775,	NULL,	1270),
(821,	'4432440287',	'Claudina Flucks',	'2021-10-10',	2684,	6,	2,	183,	NULL,	1347),
(822,	'6944932253',	'Mar Lipscomb',	'2017-11-30',	1830,	6,	1,	160,	NULL,	2063),
(823,	'9832604265',	'Trudy Seak',	'2004-07-09',	2207,	2,	2,	107,	NULL,	1721),
(824,	'3047221308',	'Wilton Chipman',	'2010-04-15',	2378,	1,	1,	46,	NULL,	2648),
(825,	'0877948704',	'Vernice Dudny',	'2005-11-22',	2269,	2,	1,	887,	NULL,	1414),
(826,	'8551282646',	'Ariadne Scutter',	'2009-02-23',	1691,	1,	1,	169,	NULL,	2158),
(827,	'8266701903',	'Dinnie Lortzing',	'2014-03-17',	1953,	1,	2,	171,	NULL,	2382),
(828,	'0001037846',	'Tabor Sultana',	'2020-04-13',	2677,	4,	2,	855,	NULL,	1742),
(829,	'3090087715',	'Wayland Paolino',	'2021-07-22',	2679,	2,	1,	530,	NULL,	1932),
(830,	'3979139948',	'Anitra Aylen',	'2023-05-11',	2168,	2,	1,	572,	NULL,	2213),
(831,	'9122515003',	'Olivie Toretta',	'2009-11-04',	1879,	6,	1,	388,	NULL,	2294),
(832,	'0916044297',	'Leticia Camell',	'2020-08-10',	1647,	5,	2,	49,	NULL,	1850),
(833,	'4620756865',	'Nisse Colten',	'2020-05-29',	1354,	5,	1,	895,	NULL,	1473),
(834,	'2980698520',	'Renee de Grey',	'2018-07-26',	1283,	4,	2,	921,	NULL,	1017),
(835,	'9774589254',	'Jesselyn Cushworth',	'2014-04-30',	2234,	3,	1,	446,	NULL,	2094),
(836,	'7418158599',	'Nicoli Elsmor',	'2023-08-13',	2344,	4,	1,	262,	NULL,	2207),
(837,	'2814103571',	'Sarajane Wonfar',	'2016-04-10',	1338,	2,	1,	583,	NULL,	1235),
(838,	'3979569543',	'Melany Suddick',	'2007-07-31',	2453,	1,	2,	300,	NULL,	2687),
(839,	'1611244188',	'Ricard Giovannelli',	'2005-11-09',	2566,	2,	2,	464,	NULL,	2404),
(840,	'9499830618',	'Niko Gietz',	'2016-04-12',	2549,	3,	1,	750,	NULL,	2163),
(841,	'8432642185',	'Fred Joe',	'2006-04-18',	1331,	5,	1,	592,	NULL,	1015),
(842,	'4580115708',	'Judy Mordaunt',	'2019-07-08',	1291,	5,	2,	753,	NULL,	1725),
(843,	'5242501626',	'Benni Dyke',	'2008-04-29',	1188,	3,	1,	512,	NULL,	1159),
(844,	'5553269059',	'Ariadne Esmead',	'2016-04-19',	1732,	5,	1,	82,	NULL,	2646),
(845,	'7905476464',	'Pryce Kingcott',	'2018-05-23',	2079,	6,	1,	462,	NULL,	2531),
(846,	'5269361280',	'Bartholemy Feldberg',	'2020-11-27',	1639,	4,	2,	630,	NULL,	1263),
(847,	'7157678632',	'Carson Gerrill',	'2017-09-04',	1136,	3,	1,	980,	NULL,	1471),
(848,	'6775149735',	'Claudetta Jayme',	'2024-08-11',	2165,	1,	2,	655,	NULL,	2335),
(849,	'4851219865',	'Jacobo Midlar',	'2014-10-20',	2467,	6,	2,	992,	NULL,	1432),
(850,	'1761985825',	'Abigael Bentham3',	'2018-09-25',	2327,	4,	2,	370,	NULL,	2216),
(851,	'9147412968',	'Donnamarie Van den Hof',	'2020-02-27',	2500,	5,	1,	745,	NULL,	2637),
(852,	'8478089551',	'Emalee Gouck',	'2020-12-20',	1243,	4,	2,	876,	NULL,	2070),
(853,	'8657165961',	'Hedvige Sier',	'2019-05-05',	2009,	1,	2,	434,	NULL,	2353),
(854,	'6158106267',	'Idaline Goney',	'2023-04-25',	1239,	1,	1,	47,	NULL,	1240),
(855,	'4654663606',	'Jamil Grigolon',	'2018-10-31',	2236,	1,	1,	403,	NULL,	1656),
(856,	'9726316219',	'Bard Pieroni',	'2020-07-10',	2537,	6,	1,	633,	NULL,	1928),
(857,	'0557433606',	'Jennilee Everix',	'2022-09-26',	1327,	6,	2,	211,	NULL,	1096),
(858,	'3458138285',	'Russell Driver',	'2015-03-28',	1479,	5,	1,	33,	NULL,	2021),
(859,	'4622919524',	'Marice Claffey',	'2022-12-19',	1318,	2,	1,	328,	NULL,	1515),
(860,	'1620682699',	'Norbie Felten',	'2021-01-10',	1797,	2,	1,	198,	NULL,	1397),
(861,	'6645303106',	'Rosene Tidcomb',	'2009-05-06',	2412,	2,	1,	993,	NULL,	2272),
(862,	'0694223107',	'Garrot Eliaz',	'2005-05-03',	1744,	4,	1,	278,	NULL,	2653),
(863,	'3141908923',	'Irving Everwin',	'2011-06-13',	2501,	1,	1,	508,	NULL,	2121),
(864,	'1631809032',	'Pierrette Dowgill',	'2004-06-17',	2182,	5,	1,	263,	NULL,	2064),
(865,	'1117164004',	'Conn Walewski',	'2015-07-13',	2192,	5,	1,	105,	NULL,	2264),
(866,	'1656057549',	'Wallie Record',	'2003-04-03',	1381,	5,	1,	433,	NULL,	1745),
(867,	'6954432946',	'Devy Dowden',	'2011-11-22',	1023,	6,	1,	404,	NULL,	1338),
(868,	'1631519107',	'Farand Brawn',	'2024-09-03',	1351,	2,	2,	477,	NULL,	2324),
(869,	'3922549462',	'Ivonne Baudrey',	'2014-09-17',	1346,	5,	2,	249,	NULL,	1334),
(870,	'2983882853',	'Serena Espadater',	'2017-03-26',	2136,	2,	1,	760,	NULL,	2612),
(871,	'8964712056',	'Bernardina Sevitt',	'2019-03-03',	1440,	2,	1,	472,	NULL,	2219),
(872,	'5561370235',	'Darsey Hatzar',	'2013-01-15',	2302,	1,	2,	843,	NULL,	2564),
(873,	'2559137410',	'Robby O\' Mullan',	'2024-04-14',	1750,	2,	2,	169,	NULL,	1150),
(874,	'2007787229',	'Alonso Simonett',	'2008-02-14',	2581,	6,	1,	19,	NULL,	2008),
(875,	'8419539511',	'Chariot Comber',	'2003-01-29',	1214,	5,	1,	32,	NULL,	2659),
(876,	'8733857024',	'Cristobal Olkowicz',	'2011-07-11',	1658,	2,	2,	482,	NULL,	2693),
(877,	'7335028140',	'Abbi Chevolleau',	'2013-01-06',	2519,	6,	2,	409,	NULL,	1546),
(878,	'9682357098',	'Merell Gundry',	'2011-09-29',	2500,	6,	2,	688,	NULL,	2071),
(879,	'2460351682',	'Artemus Wordsworth',	'2017-10-02',	1999,	3,	1,	800,	NULL,	1515),
(880,	'2602706116',	'Gusty De Winton',	'2004-04-16',	1965,	2,	2,	665,	NULL,	2526),
(881,	'7101163815',	'Phelia Fritschmann',	'2014-09-12',	2190,	1,	2,	297,	NULL,	2219),
(882,	'3057030890',	'Amii Payle',	'2005-09-08',	2323,	6,	2,	693,	NULL,	1856),
(883,	'0164479481',	'Eleen Wingrove',	'2024-04-09',	2232,	3,	1,	103,	NULL,	1774),
(884,	'4445059994',	'Dayna Jutson',	'2011-04-16',	1238,	2,	1,	743,	NULL,	1554),
(885,	'0118767607',	'Barbi Josephson',	'2004-11-15',	1192,	4,	1,	670,	NULL,	2383),
(886,	'9839698427',	'Alex Quimby',	'2019-03-10',	1173,	5,	1,	762,	NULL,	1676),
(887,	'0672426250',	'Shane Nancekivell',	'2022-08-30',	2641,	4,	1,	37,	NULL,	2048),
(888,	'2815650959',	'Karlee Costello',	'2009-05-22',	1447,	1,	2,	157,	NULL,	2624),
(889,	'4744405576',	'Lurleen Tumilson',	'2006-03-19',	1971,	3,	1,	495,	NULL,	1261),
(890,	'8818453998',	'Loni Westley',	'2007-01-25',	2361,	3,	1,	661,	NULL,	1546),
(891,	'0518125599',	'Gilli Emptage',	'2015-12-31',	1587,	5,	1,	840,	NULL,	1788),
(892,	'7164804125',	'Dion Oleksiak',	'2007-04-16',	2359,	4,	2,	805,	NULL,	1116),
(893,	'2805799747',	'Yvonne Copper',	'2004-02-05',	2543,	3,	1,	537,	NULL,	1285),
(894,	'3019278309',	'Amie Droghan',	'2006-11-18',	2411,	3,	2,	766,	NULL,	1873),
(895,	'8455399392',	'Ki Hallgate',	'2005-05-12',	2007,	2,	2,	947,	NULL,	1444),
(896,	'4373826145',	'Carlie Bending',	'2015-09-09',	1100,	2,	1,	689,	NULL,	1224),
(897,	'4226964810',	'Kennie De Bellis',	'2007-12-02',	1520,	4,	2,	386,	NULL,	2698),
(898,	'3923596677',	'Bondon Canland',	'2015-05-22',	1411,	6,	1,	876,	NULL,	1851),
(899,	'1500561045',	'Donielle Spur',	'2019-11-16',	2583,	3,	2,	914,	NULL,	2146),
(900,	'1067435972',	'Lovell Tuxwell',	'2003-08-29',	1884,	1,	2,	221,	NULL,	1968),
(901,	'9219564645',	'Adda Grimwood',	'2017-05-03',	2376,	3,	1,	463,	NULL,	1180),
(902,	'6269682010',	'Arman Peirazzi',	'2015-06-14',	1607,	6,	2,	203,	NULL,	2570),
(903,	'6132370668',	'Sherm Matis',	'2007-12-01',	1005,	3,	1,	678,	NULL,	2665),
(904,	'3750906734',	'Kimberly Blaxter',	'2023-11-08',	2680,	4,	1,	254,	NULL,	2251),
(905,	'1471215199',	'Leena Luckes',	'2014-01-25',	1815,	6,	2,	5,	NULL,	1609),
(906,	'3750777004',	'Oliviero Raye',	'2021-02-10',	2026,	1,	2,	752,	NULL,	1887),
(907,	'8962236540',	'Xever McArte',	'2021-02-26',	1420,	4,	1,	720,	NULL,	1206),
(908,	'4268314911',	'Enrika Moody',	'2004-10-21',	1923,	1,	2,	989,	NULL,	1607),
(909,	'1368028209',	'Carissa Parkyn',	'2009-07-10',	1087,	2,	2,	958,	NULL,	1276),
(910,	'6463065781',	'Tull Dunbobin',	'2021-02-13',	1014,	5,	1,	446,	NULL,	1970),
(911,	'2319921427',	'Quinta Shearman',	'2020-10-07',	2304,	6,	1,	537,	NULL,	2356),
(912,	'4822103889',	'Angelico Souley',	'2022-03-03',	2220,	6,	1,	424,	NULL,	1216),
(913,	'2364447623',	'Felipa Leonard',	'2015-06-12',	1165,	1,	1,	991,	NULL,	1371),
(914,	'7605250207',	'Briggs Mabone',	'2023-05-02',	1564,	4,	1,	930,	NULL,	2169),
(915,	'8273609243',	'Giraud Lipman',	'2017-03-12',	1861,	5,	1,	68,	NULL,	1502),
(916,	'4334897886',	'Cecilla Jonathon',	'2019-06-02',	1383,	4,	2,	705,	NULL,	1571),
(917,	'9310668636',	'Romonda O\'Shiels',	'2012-11-27',	1575,	3,	1,	928,	NULL,	2362),
(918,	'5503893018',	'Anton Eudall',	'2017-08-18',	2087,	3,	1,	208,	NULL,	2173),
(919,	'7642826281',	'Chas Sherer',	'2011-12-28',	1657,	2,	1,	884,	NULL,	1873),
(920,	'0735193991',	'Kristien Sharer',	'2006-03-15',	2099,	5,	1,	365,	NULL,	2237),
(921,	'8016182259',	'Johnette Signorelli',	'2024-04-28',	1553,	1,	2,	387,	NULL,	2494),
(922,	'0676821510',	'Juliana Ast',	'2016-09-11',	1682,	4,	1,	208,	NULL,	1653),
(923,	'4809509893',	'Sandy Fandrich',	'2021-10-15',	1043,	5,	2,	890,	NULL,	2516),
(924,	'2078940461',	'Vonni Banasiak',	'2009-03-21',	1314,	4,	1,	303,	NULL,	2162),
(925,	'1029000263',	'Patty Lyster',	'2021-06-04',	2082,	5,	1,	778,	NULL,	1772),
(926,	'4577808528',	'Tandi Le Marchant',	'2018-01-03',	1859,	2,	1,	985,	NULL,	1902),
(927,	'6556287741',	'Rhianon Barstow',	'2016-12-20',	1531,	2,	2,	307,	NULL,	1534),
(928,	'6774323383',	'Ardeen Goady',	'2003-06-13',	1628,	4,	1,	436,	NULL,	2531),
(929,	'2268558789',	'Costa Swires',	'2014-09-09',	1083,	3,	1,	384,	NULL,	1319),
(930,	'4743121515',	'Thorny Whybray',	'2018-06-16',	1603,	4,	1,	4,	NULL,	2041),
(931,	'0173025668',	'Saudra Twitchings',	'2022-12-20',	1712,	6,	1,	81,	NULL,	2244),
(932,	'3136537378',	'Reinhold Coggings',	'2003-11-23',	2279,	5,	1,	982,	NULL,	2335),
(933,	'3858603805',	'Phillipp Purchall',	'2017-04-15',	2486,	3,	2,	743,	NULL,	1839),
(934,	'8112487766',	'Teresita Nary',	'2014-11-01',	2576,	5,	1,	193,	NULL,	1456),
(935,	'4082116958',	'Dayle Tetther',	'2008-06-24',	1192,	2,	1,	315,	NULL,	2491),
(936,	'4097515896',	'Brendan Raith',	'2017-07-14',	2392,	5,	2,	960,	NULL,	2521),
(937,	'9869143121',	'Gwen Sunter',	'2004-03-01',	2177,	4,	1,	677,	NULL,	1292),
(938,	'2541863055',	'Marlon Duplock',	'2018-08-07',	2160,	3,	2,	508,	NULL,	1018),
(939,	'6057393783',	'Lola Haberjam',	'2015-11-21',	1722,	4,	1,	665,	NULL,	1607),
(940,	'1866180428',	'Susana Catchpole',	'2017-07-07',	2189,	1,	2,	725,	NULL,	2671),
(941,	'9048990971',	'Daveta Chaters',	'2008-08-28',	2212,	4,	2,	864,	NULL,	1192),
(942,	'9494708636',	'Marielle Rollinshaw',	'2003-02-19',	1380,	1,	2,	502,	NULL,	1629),
(943,	'1753456932',	'Kaitlyn Forster',	'2003-12-28',	1411,	1,	2,	783,	NULL,	1971),
(944,	'4026100480',	'Wang Volkes',	'2014-06-08',	2172,	4,	1,	918,	NULL,	2331),
(945,	'1069914061',	'Robby Attwool',	'2022-12-03',	1590,	2,	1,	343,	NULL,	1122),
(946,	'9155803318',	'Rora Orring',	'2011-07-08',	1640,	2,	1,	473,	NULL,	2123),
(947,	'7442585191',	'Irina Rimour',	'2012-10-13',	2229,	1,	1,	453,	NULL,	2148),
(948,	'5438711542',	'Heywood Emblin',	'2021-09-29',	2059,	2,	1,	9,	NULL,	1036),
(949,	'7977868555',	'Fenelia Blagden',	'2023-08-09',	2319,	3,	1,	608,	NULL,	2335),
(950,	'8647725778',	'Kathryne Goodison',	'2007-04-17',	2163,	3,	1,	881,	NULL,	1998),
(951,	'1210662876',	'Dawna Antonacci',	'2003-11-17',	1653,	3,	2,	320,	NULL,	1374),
(952,	'3175461735',	'Gretna O\'Cannan',	'2006-11-20',	1040,	4,	2,	264,	NULL,	2517),
(953,	'1001083741',	'Annabell Van der Velde',	'2012-08-07',	2682,	2,	1,	670,	NULL,	2214),
(954,	'9616912917',	'Claudie Haile',	'2003-06-28',	2679,	5,	1,	32,	NULL,	1220),
(955,	'9585160110',	'Stevie Raysdale',	'2005-02-12',	2554,	2,	2,	530,	NULL,	2647),
(956,	'1904624847',	'Kelly Le Barre',	'2022-03-07',	1435,	1,	1,	406,	NULL,	1895),
(957,	'1181611016',	'Zedekiah Kislingbury',	'2003-09-08',	1151,	6,	2,	231,	NULL,	2663),
(958,	'3966647486',	'Hi Von Gladbach',	'2003-03-27',	1106,	3,	2,	650,	NULL,	1076),
(959,	'9084606574',	'Cristobal Perrycost',	'2020-05-23',	1484,	1,	1,	55,	NULL,	1569),
(960,	'2520617942',	'Quinton Gomes',	'2015-03-12',	1033,	2,	1,	524,	NULL,	2156),
(961,	'2034475852',	'Giraldo Romei',	'2008-12-01',	2620,	2,	1,	931,	NULL,	1264),
(962,	'1317454960',	'Gilbert McDool',	'2010-10-15',	1119,	1,	2,	440,	NULL,	2204),
(963,	'9239930469',	'Meryl Pattenden',	'2022-03-20',	1751,	5,	1,	418,	NULL,	1776),
(964,	'3021593070',	'Gisele Etherton',	'2008-02-27',	2363,	6,	2,	607,	NULL,	2287),
(965,	'7005711068',	'Barny Leheude',	'2021-11-26',	1295,	1,	1,	559,	NULL,	1360),
(966,	'6156276920',	'Flynn Ritchie',	'2012-06-09',	1859,	3,	1,	455,	NULL,	1758),
(967,	'4169970322',	'Hube Lackmann',	'2019-04-20',	1122,	1,	1,	887,	NULL,	2136),
(968,	'9136878898',	'Berny Rowet',	'2012-05-19',	2215,	4,	2,	421,	NULL,	1539),
(969,	'2892860571',	'Rufe Whittlesey',	'2003-12-29',	1291,	3,	2,	459,	NULL,	2147),
(970,	'3295922950',	'Quentin Ramsdale',	'2004-04-19',	1753,	3,	1,	675,	NULL,	1152),
(971,	'9998042097',	'Fidel Dearnaley',	'2013-02-19',	1733,	5,	2,	173,	NULL,	1946),
(972,	'7784328214',	'Llywellyn Sawers',	'2010-11-17',	2081,	1,	2,	176,	NULL,	1984),
(973,	'7337563272',	'Renate Beckford',	'2011-10-02',	1666,	6,	1,	590,	NULL,	1300),
(974,	'9061359635',	'Kirsteni Skures',	'2011-11-21',	2617,	3,	1,	545,	NULL,	1943),
(975,	'7282023778',	'Alexina Daltrey',	'2006-10-12',	2665,	5,	1,	109,	NULL,	1340),
(976,	'0714515167',	'Mattias Scholey',	'2016-10-25',	2268,	6,	1,	58,	NULL,	1958),
(977,	'9272902444',	'Kinsley Loxley',	'2008-04-29',	1621,	4,	1,	105,	NULL,	2006),
(978,	'6138751892',	'David Zecchinelli',	'2006-07-10',	2225,	6,	2,	384,	NULL,	2700),
(979,	'7560243045',	'Karalee Fillary',	'2015-01-14',	1901,	6,	1,	879,	NULL,	1691),
(980,	'8373685634',	'Brooke Gornall',	'2021-04-01',	2635,	4,	1,	514,	NULL,	2654),
(981,	'3929068567',	'Matthiew Gillooly',	'2010-05-03',	2038,	5,	2,	451,	NULL,	1023),
(982,	'2306324913',	'Gaven Goodreid',	'2010-12-14',	2237,	1,	2,	978,	NULL,	1455),
(983,	'3624805762',	'Tory Wetherell',	'2007-08-05',	1153,	4,	1,	965,	NULL,	1356),
(984,	'7726083395',	'Bearnard Brennenstuhl',	'2023-04-12',	2068,	5,	2,	922,	NULL,	1324),
(985,	'3837002497',	'Katina Bainbridge',	'2015-03-09',	2288,	5,	1,	827,	NULL,	1373),
(986,	'2428176587',	'Thea Corben',	'2018-01-23',	2181,	2,	1,	249,	NULL,	2031),
(987,	'0304631744',	'Horatia Swadden',	'2004-04-07',	2650,	1,	1,	638,	NULL,	2214),
(988,	'0864094965',	'Tory Pavier',	'2013-09-22',	2212,	2,	2,	646,	NULL,	2282),
(989,	'3898151611',	'Shamus Luna',	'2022-10-24',	2432,	6,	2,	486,	NULL,	1163),
(990,	'9040055327',	'Laurens Redding',	'2011-02-15',	1353,	5,	2,	11,	NULL,	2609),
(991,	'8579073561',	'Tersina Hobbing',	'2017-06-28',	1263,	4,	1,	820,	NULL,	2639),
(992,	'0306252201',	'Darcy Stenners',	'2010-11-16',	1409,	1,	2,	824,	NULL,	1408),
(993,	'3600515195',	'Annemarie Brearley',	'2019-10-26',	2196,	4,	2,	507,	NULL,	2537),
(994,	'6601701424',	'Clio Thurling',	'2003-03-24',	2569,	1,	2,	945,	NULL,	1605),
(995,	'9397883356',	'Hagan Dillingham',	'2007-09-06',	1157,	1,	2,	843,	NULL,	1033),
(996,	'0651754267',	'Diena Janiak',	'2007-07-28',	1793,	5,	1,	329,	NULL,	1453),
(997,	'5520033463',	'Winthrop Gaylor',	'2013-12-11',	2652,	1,	1,	687,	NULL,	2427),
(998,	'2702569161',	'Henri Bewshea',	'2016-10-12',	1130,	2,	1,	54,	NULL,	2173),
(999,	'3687023419',	'Alie Tapping',	'2014-01-24',	2500,	6,	2,	518,	NULL,	2580),
(1000,	'9242500356',	'Debor Lyles',	'2014-01-19',	1554,	1,	2,	214,	NULL,	1140);

INSERT INTO `mata_uji` (`id`, `nama`) VALUES
('BHS',	'Bahasa Indonesia'),
('ING',	'Bahasa Inggris'),
('IPA',	'Ilmu Pengetahuan Alam'),
('IPS',	'Ilmu Pengetahuan Sosial'),
('MAT',	'Matematika');




INSERT INTO `ortu_peserta` (`id`, `peserta_id`, `nama`, `pekerjaan_ortu_id`, `pendidikan_ortu_id`, `penghasilan_ortu_id`, `jenis_ortu_id`) VALUES
(1,	1,	'Trefor',	7,	7,	1,	1),
(2,	2,	'Alejoa',	5,	2,	4,	1),
(3,	3,	'Arlen',	6,	7,	1,	1),
(4,	4,	'Wolfgang',	5,	6,	6,	1),
(5,	5,	'Burtie',	4,	2,	8,	1),
(6,	6,	'Shannan',	5,	5,	2,	1),
(7,	7,	'Thain',	10,	5,	2,	1),
(8,	8,	'Cecilio',	7,	5,	5,	1),
(9,	9,	'Norby',	4,	2,	5,	1),
(10,	10,	'Cristian',	10,	1,	6,	1),
(11,	11,	'Mitchel',	10,	2,	2,	1),
(12,	12,	'Harp',	2,	2,	7,	1),
(13,	13,	'Pierce',	4,	5,	8,	1),
(14,	14,	'Ganny',	3,	5,	4,	1),
(15,	15,	'Solly',	10,	3,	4,	1),
(16,	16,	'Brantley',	8,	2,	3,	1),
(17,	17,	'Edd',	5,	6,	2,	1),
(18,	18,	'Slade',	8,	3,	1,	1),
(19,	19,	'Albrecht',	9,	3,	7,	1),
(20,	20,	'Gardie',	2,	5,	2,	1),
(21,	21,	'Jarrid',	2,	1,	4,	1),
(22,	22,	'Arron',	5,	4,	6,	1),
(23,	23,	'Barrie',	7,	1,	1,	1),
(24,	24,	'Obadiah',	3,	1,	4,	1),
(25,	25,	'Gunther',	9,	4,	7,	1),
(26,	26,	'Reid',	4,	3,	4,	1),
(27,	27,	'Brewer',	1,	1,	4,	1),
(28,	28,	'Donal',	6,	4,	4,	1),
(29,	29,	'Robinet',	8,	4,	6,	1),
(30,	30,	'Morey',	3,	1,	4,	1),
(31,	31,	'Pasquale',	8,	2,	8,	1),
(32,	32,	'Arte',	5,	3,	4,	1),
(33,	33,	'Ole',	9,	4,	5,	1),
(34,	34,	'Terry',	5,	1,	8,	1),
(35,	35,	'Brent',	10,	3,	8,	1),
(36,	36,	'Umberto',	1,	5,	8,	1),
(37,	37,	'Yule',	3,	6,	7,	1),
(38,	38,	'Gustave',	1,	4,	1,	1),
(39,	39,	'Gabriele',	5,	4,	1,	1),
(40,	40,	'Casper',	7,	2,	3,	1),
(41,	41,	'Lorens',	5,	6,	3,	1),
(42,	42,	'Josiah',	6,	7,	1,	1),
(43,	43,	'Orazio',	6,	3,	5,	1),
(44,	44,	'Nickolai',	5,	6,	4,	1),
(45,	45,	'Ambrosi',	2,	5,	2,	1),
(46,	46,	'Hanson',	10,	4,	4,	1),
(47,	47,	'Godfry',	6,	3,	5,	1),
(48,	48,	'Rainer',	1,	7,	8,	1),
(49,	49,	'Hartwell',	5,	7,	4,	1),
(50,	50,	'Roderich',	1,	2,	2,	1),
(51,	51,	'Teodorico',	7,	2,	7,	1),
(52,	52,	'Stanislas',	1,	6,	8,	1),
(53,	53,	'Algernon',	6,	7,	5,	1),
(54,	54,	'Ashbey',	6,	6,	1,	1),
(55,	55,	'Haskel',	10,	3,	1,	1),
(56,	56,	'Cornelius',	10,	6,	1,	1),
(57,	57,	'Carny',	9,	7,	2,	1),
(58,	58,	'Howey',	6,	6,	2,	1),
(59,	59,	'Buck',	3,	6,	3,	1),
(60,	60,	'Demetrius',	5,	1,	7,	1),
(61,	61,	'Jeromy',	9,	2,	2,	1),
(62,	62,	'Andie',	1,	7,	1,	1),
(63,	63,	'Maddie',	4,	2,	8,	1),
(64,	64,	'Georas',	6,	1,	4,	1),
(65,	65,	'Herc',	6,	7,	5,	1),
(66,	66,	'Felice',	6,	3,	6,	1),
(67,	67,	'Cecilio',	4,	3,	1,	1),
(68,	68,	'Hunfredo',	5,	3,	2,	1),
(69,	69,	'Dalli',	3,	6,	1,	1),
(70,	70,	'Griz',	6,	1,	6,	1),
(71,	71,	'Stavro',	4,	3,	5,	1),
(72,	72,	'Glenden',	9,	3,	8,	1),
(73,	73,	'Patton',	1,	6,	1,	1),
(74,	74,	'Hunt',	2,	5,	5,	1),
(75,	75,	'Yves',	6,	4,	3,	1),
(76,	76,	'Freeland',	7,	7,	5,	1),
(77,	77,	'Ivan',	7,	5,	5,	1),
(78,	78,	'Baxie',	5,	2,	4,	1),
(79,	79,	'Steffen',	10,	6,	6,	1),
(80,	80,	'Dame',	3,	5,	3,	1),
(81,	81,	'Humfrid',	10,	1,	3,	1),
(82,	82,	'Meir',	3,	1,	4,	1),
(83,	83,	'Glendon',	8,	3,	6,	1),
(84,	84,	'Munroe',	8,	5,	4,	1),
(85,	85,	'Burnaby',	1,	1,	2,	1),
(86,	86,	'Crawford',	7,	6,	2,	1),
(87,	87,	'Lin',	10,	5,	7,	1),
(88,	88,	'Bram',	1,	1,	5,	1),
(89,	89,	'Weylin',	5,	6,	3,	1),
(90,	90,	'Marlow',	7,	4,	6,	1),
(91,	91,	'Nikolas',	3,	6,	6,	1),
(92,	92,	'Hall',	7,	2,	3,	1),
(93,	93,	'Granny',	6,	4,	2,	1),
(94,	94,	'Waylon',	3,	7,	4,	1),
(95,	95,	'Ezechiel',	4,	6,	4,	1),
(96,	96,	'Bren',	5,	6,	6,	1),
(97,	97,	'Lev',	2,	4,	1,	1),
(98,	98,	'Armin',	1,	1,	7,	1),
(99,	99,	'Jedidiah',	6,	3,	7,	1),
(100,	100,	'Elmer',	7,	4,	3,	1),
(101,	101,	'Shep',	7,	7,	5,	1),
(102,	102,	'Gallard',	1,	3,	6,	1),
(103,	103,	'Thaine',	6,	4,	6,	1),
(104,	104,	'Ozzie',	4,	7,	6,	1),
(105,	105,	'Torre',	9,	2,	1,	1),
(106,	106,	'Hasty',	6,	4,	3,	1),
(107,	107,	'Roderick',	5,	3,	1,	1),
(108,	108,	'Elias',	5,	6,	1,	1),
(109,	109,	'Ellerey',	10,	4,	3,	1),
(110,	110,	'Neale',	8,	1,	1,	1),
(111,	111,	'Kain',	10,	1,	2,	1),
(112,	112,	'Sayres',	10,	2,	8,	1),
(113,	113,	'Far',	10,	7,	1,	1),
(114,	114,	'Augustine',	6,	7,	1,	1),
(115,	115,	'Odell',	3,	4,	5,	1),
(116,	116,	'Ward',	2,	6,	5,	1),
(117,	117,	'Millard',	1,	6,	1,	1),
(118,	118,	'Othello',	10,	3,	3,	1),
(119,	119,	'Braden',	1,	6,	8,	1),
(120,	120,	'Stafford',	6,	3,	1,	1),
(121,	121,	'Hillery',	10,	6,	8,	1),
(122,	122,	'Irv',	1,	5,	6,	1),
(123,	123,	'Jard',	1,	2,	1,	1),
(124,	124,	'August',	5,	2,	8,	1),
(125,	125,	'Tonnie',	8,	7,	8,	1),
(126,	126,	'Royce',	10,	6,	3,	1),
(127,	127,	'Aaron',	8,	6,	3,	1),
(128,	128,	'Raimund',	10,	6,	6,	1),
(129,	129,	'Adlai',	10,	2,	1,	1),
(130,	130,	'Leo',	1,	5,	8,	1),
(131,	131,	'Carlo',	3,	5,	6,	1),
(132,	132,	'Chas',	8,	6,	1,	1),
(133,	133,	'Christoffer',	2,	3,	1,	1),
(134,	134,	'Lindsey',	4,	7,	3,	1),
(135,	135,	'Torrence',	6,	7,	5,	1),
(136,	136,	'Emmett',	7,	2,	1,	1),
(137,	137,	'Raymund',	10,	5,	8,	1),
(138,	138,	'Waring',	5,	5,	7,	1),
(139,	139,	'Marcus',	2,	6,	4,	1),
(140,	140,	'Abelard',	2,	2,	6,	1),
(141,	141,	'Leroi',	6,	4,	4,	1),
(142,	142,	'Tadeas',	7,	7,	5,	1),
(143,	143,	'Maximilian',	8,	4,	1,	1),
(144,	144,	'Waiter',	7,	5,	2,	1),
(145,	145,	'Ailbert',	7,	5,	3,	1),
(146,	146,	'Cleavland',	4,	4,	6,	1),
(147,	147,	'Brooks',	8,	1,	5,	1),
(148,	148,	'Dill',	5,	2,	4,	1),
(149,	149,	'Octavius',	9,	4,	5,	1),
(150,	150,	'Hughie',	9,	1,	8,	1),
(151,	151,	'Scott',	3,	4,	4,	1),
(152,	152,	'Mitchael',	2,	4,	8,	1),
(153,	153,	'Foster',	3,	5,	7,	1),
(154,	154,	'Darren',	3,	5,	1,	1),
(155,	155,	'Sonnie',	6,	3,	5,	1),
(156,	156,	'Pip',	1,	7,	6,	1),
(157,	157,	'Cal',	5,	6,	5,	1),
(158,	158,	'Byron',	9,	2,	5,	1),
(159,	159,	'Frasquito',	10,	1,	4,	1),
(160,	160,	'De witt',	4,	2,	5,	1),
(161,	161,	'Cletis',	8,	7,	5,	1),
(162,	162,	'Finlay',	2,	5,	3,	1),
(163,	163,	'Lefty',	4,	2,	7,	1),
(164,	164,	'Foss',	3,	3,	8,	1),
(165,	165,	'Nobie',	7,	6,	1,	1),
(166,	166,	'Briggs',	1,	7,	7,	1),
(167,	167,	'Dominick',	7,	5,	4,	1),
(168,	168,	'Antonius',	3,	1,	2,	1),
(169,	169,	'Maje',	1,	7,	2,	1),
(170,	170,	'Giavani',	10,	1,	3,	1),
(171,	171,	'Bartlett',	5,	2,	8,	1),
(172,	172,	'Jimmie',	9,	7,	3,	1),
(173,	173,	'Lauritz',	1,	2,	7,	1),
(174,	174,	'Joshia',	6,	1,	3,	1),
(175,	175,	'Jefferson',	8,	5,	8,	1),
(176,	176,	'Ken',	5,	3,	6,	1),
(177,	177,	'Jabez',	8,	2,	4,	1),
(178,	178,	'Cecil',	1,	3,	1,	1),
(179,	179,	'Mead',	4,	1,	7,	1),
(180,	180,	'Sherwynd',	3,	1,	4,	1),
(181,	181,	'Decca',	10,	6,	5,	1),
(182,	182,	'Pattin',	9,	2,	2,	1),
(183,	183,	'Tyrus',	2,	2,	8,	1),
(184,	184,	'Bert',	5,	7,	5,	1),
(185,	185,	'Rock',	3,	2,	6,	1),
(186,	186,	'Kean',	9,	2,	1,	1),
(187,	187,	'Franklin',	2,	2,	4,	1),
(188,	188,	'Cole',	9,	2,	6,	1),
(189,	189,	'Clerc',	7,	3,	6,	1),
(190,	190,	'Arnoldo',	3,	2,	6,	1),
(191,	191,	'Haywood',	7,	1,	3,	1),
(192,	192,	'Maxim',	2,	6,	4,	1),
(193,	193,	'Cad',	10,	7,	4,	1),
(194,	194,	'Eduardo',	5,	2,	8,	1),
(195,	195,	'Carling',	2,	4,	5,	1),
(196,	196,	'Fidel',	7,	1,	3,	1),
(197,	197,	'Kinsley',	3,	7,	6,	1),
(198,	198,	'Daren',	7,	3,	6,	1),
(199,	199,	'Felizio',	6,	2,	7,	1),
(200,	200,	'Ebenezer',	2,	6,	8,	1),
(201,	201,	'Ragnar',	7,	1,	6,	1),
(202,	202,	'Mead',	7,	7,	4,	1),
(203,	203,	'Hartwell',	5,	3,	1,	1),
(204,	204,	'Syd',	1,	7,	8,	1),
(205,	205,	'Jerald',	1,	6,	2,	1),
(206,	206,	'Thaddus',	8,	7,	3,	1),
(207,	207,	'Nobe',	4,	2,	4,	1),
(208,	208,	'Araldo',	6,	1,	7,	1),
(209,	209,	'Sergent',	10,	6,	5,	1),
(210,	210,	'Marshal',	6,	5,	6,	1),
(211,	211,	'Wallache',	10,	2,	7,	1),
(212,	212,	'Egbert',	3,	6,	1,	1),
(213,	213,	'Raimondo',	5,	1,	6,	1),
(214,	214,	'Cris',	3,	1,	3,	1),
(215,	215,	'Turner',	10,	4,	2,	1),
(216,	216,	'Leland',	5,	1,	4,	1),
(217,	217,	'Bernie',	2,	6,	1,	1),
(218,	218,	'Ernest',	8,	2,	8,	1),
(219,	219,	'Lind',	2,	6,	1,	1),
(220,	220,	'Troy',	5,	6,	2,	1),
(221,	221,	'Ignaz',	1,	2,	1,	1),
(222,	222,	'Asa',	5,	6,	3,	1),
(223,	223,	'Paten',	2,	3,	7,	1),
(224,	224,	'Tobe',	1,	4,	7,	1),
(225,	225,	'Merill',	1,	5,	2,	1),
(226,	226,	'Osgood',	4,	7,	4,	1),
(227,	227,	'Bartie',	9,	1,	8,	1),
(228,	228,	'Robers',	8,	1,	7,	1),
(229,	229,	'Rickert',	1,	3,	4,	1),
(230,	230,	'Antonius',	5,	7,	3,	1),
(231,	231,	'Troy',	10,	6,	8,	1),
(232,	232,	'Cullen',	10,	3,	7,	1),
(233,	233,	'Judah',	3,	5,	4,	1),
(234,	234,	'Vin',	3,	2,	2,	1),
(235,	235,	'Emmett',	8,	5,	8,	1),
(236,	236,	'Flory',	2,	6,	2,	1),
(237,	237,	'Wade',	1,	4,	3,	1),
(238,	238,	'Torin',	6,	4,	7,	1),
(239,	239,	'Leonhard',	4,	5,	2,	1),
(240,	240,	'Levin',	7,	3,	2,	1),
(241,	241,	'Caryl',	9,	7,	6,	1),
(242,	242,	'Byrom',	7,	2,	5,	1),
(243,	243,	'Paulo',	1,	6,	5,	1),
(244,	244,	'Alec',	8,	1,	3,	1),
(245,	245,	'Emilio',	10,	4,	4,	1),
(246,	246,	'Taddeusz',	6,	7,	7,	1),
(247,	247,	'Elbert',	2,	6,	6,	1),
(248,	248,	'Ethan',	8,	1,	4,	1),
(249,	249,	'Hube',	4,	1,	5,	1),
(250,	250,	'Sherman',	6,	7,	6,	1),
(251,	251,	'Thibaud',	4,	4,	1,	1),
(252,	252,	'Ambrosius',	9,	3,	7,	1),
(253,	253,	'Dario',	1,	4,	1,	1),
(254,	254,	'Mickey',	2,	7,	1,	1),
(255,	255,	'Gale',	10,	1,	5,	1),
(256,	256,	'Brennen',	7,	4,	8,	1),
(257,	257,	'Sheff',	10,	2,	1,	1),
(258,	258,	'Ware',	10,	3,	2,	1),
(259,	259,	'Hurlee',	1,	6,	6,	1),
(260,	260,	'Ricky',	8,	3,	5,	1),
(261,	261,	'Noll',	2,	2,	4,	1),
(262,	262,	'Kingston',	3,	1,	1,	1),
(263,	263,	'Skippie',	4,	5,	6,	1),
(264,	264,	'Colby',	4,	4,	1,	1),
(265,	265,	'Duane',	9,	7,	1,	1),
(266,	266,	'Tait',	3,	6,	6,	1),
(267,	267,	'Augustine',	10,	1,	1,	1),
(268,	268,	'Coleman',	5,	2,	3,	1),
(269,	269,	'Jeffie',	3,	7,	8,	1),
(270,	270,	'Dion',	6,	2,	4,	1),
(271,	271,	'Tracie',	3,	4,	3,	1),
(272,	272,	'Berny',	8,	2,	8,	1),
(273,	273,	'Farly',	2,	4,	4,	1),
(274,	274,	'Rabi',	7,	6,	6,	1),
(275,	275,	'Radcliffe',	5,	5,	1,	1),
(276,	276,	'Karney',	2,	7,	1,	1),
(277,	277,	'Travis',	7,	6,	3,	1),
(278,	278,	'Hillard',	2,	7,	8,	1),
(279,	279,	'Cassie',	10,	7,	6,	1),
(280,	280,	'Alwyn',	2,	1,	6,	1),
(281,	281,	'Remington',	3,	6,	2,	1),
(282,	282,	'Bevan',	1,	1,	2,	1),
(283,	283,	'Teodorico',	6,	1,	5,	1),
(284,	284,	'Fair',	9,	3,	4,	1),
(285,	285,	'Broderick',	10,	7,	4,	1),
(286,	286,	'Sammy',	6,	6,	2,	1),
(287,	287,	'Alex',	3,	1,	6,	1),
(288,	288,	'Zebedee',	6,	7,	1,	1),
(289,	289,	'Elvis',	5,	3,	4,	1),
(290,	290,	'Olav',	3,	1,	8,	1),
(291,	291,	'Jermaine',	9,	1,	5,	1),
(292,	292,	'Isidoro',	5,	3,	4,	1),
(293,	293,	'Nichols',	9,	6,	2,	1),
(294,	294,	'Bald',	7,	4,	6,	1),
(295,	295,	'Pate',	6,	6,	6,	1),
(296,	296,	'Patrizius',	1,	3,	5,	1),
(297,	297,	'Jeffy',	9,	3,	5,	1),
(298,	298,	'Abdul',	4,	2,	8,	1),
(299,	299,	'Raynor',	10,	1,	1,	1),
(300,	300,	'Barthel',	3,	4,	8,	1),
(301,	301,	'Shurlock',	2,	6,	4,	1),
(302,	302,	'Osmond',	1,	7,	7,	1),
(303,	303,	'Oren',	10,	7,	6,	1),
(304,	304,	'Tally',	8,	1,	6,	1),
(305,	305,	'Olenolin',	9,	3,	4,	1),
(306,	306,	'Townie',	3,	2,	3,	1),
(307,	307,	'Lorrie',	2,	1,	7,	1),
(308,	308,	'Brion',	5,	6,	1,	1),
(309,	309,	'Eldridge',	7,	6,	6,	1),
(310,	310,	'Charley',	2,	2,	8,	1),
(311,	311,	'Gearalt',	7,	5,	2,	1),
(312,	312,	'Lief',	7,	5,	8,	1),
(313,	313,	'Prinz',	9,	1,	7,	1),
(314,	314,	'Dani',	7,	6,	6,	1),
(315,	315,	'Nev',	6,	7,	7,	1),
(316,	316,	'Burt',	5,	2,	6,	1),
(317,	317,	'Cori',	7,	7,	5,	1),
(318,	318,	'Rex',	1,	2,	6,	1),
(319,	319,	'Smitty',	8,	6,	8,	1),
(320,	320,	'Lorrie',	3,	5,	2,	1),
(321,	321,	'Kit',	7,	5,	2,	1),
(322,	322,	'Spense',	8,	2,	7,	1),
(323,	323,	'Che',	7,	7,	2,	1),
(324,	324,	'Lezley',	10,	4,	6,	1),
(325,	325,	'Mar',	6,	1,	2,	1),
(326,	326,	'Udall',	8,	5,	2,	1),
(327,	327,	'Bevin',	5,	7,	3,	1),
(328,	328,	'Harris',	8,	2,	4,	1),
(329,	329,	'Gordy',	5,	1,	8,	1),
(330,	330,	'Taddeusz',	1,	3,	3,	1),
(331,	331,	'Nikolai',	9,	1,	3,	1),
(332,	332,	'Maurise',	3,	7,	1,	1),
(333,	333,	'Cale',	8,	5,	8,	1),
(334,	334,	'Forester',	8,	4,	1,	1),
(335,	335,	'Hunter',	9,	7,	6,	1),
(336,	336,	'Isaak',	7,	1,	2,	1),
(337,	337,	'Pip',	8,	3,	1,	1),
(338,	338,	'Eddie',	5,	6,	1,	1),
(339,	339,	'Emmanuel',	2,	3,	3,	1),
(340,	340,	'Johnny',	1,	2,	7,	1),
(341,	341,	'Errick',	9,	6,	5,	1),
(342,	342,	'Aristotle',	6,	2,	7,	1),
(343,	343,	'Mikkel',	2,	3,	3,	1),
(344,	344,	'Frannie',	5,	5,	2,	1),
(345,	345,	'Cob',	9,	4,	4,	1),
(346,	346,	'Feliks',	4,	7,	6,	1),
(347,	347,	'Ramsay',	2,	7,	5,	1),
(348,	348,	'Baird',	6,	3,	2,	1),
(349,	349,	'Ad',	3,	3,	3,	1),
(350,	350,	'Lucias',	8,	6,	3,	1),
(351,	351,	'Travis',	1,	7,	7,	1),
(352,	352,	'Lauren',	4,	4,	1,	1),
(353,	353,	'Hi',	4,	2,	2,	1),
(354,	354,	'Robers',	9,	4,	8,	1),
(355,	355,	'Ulrich',	9,	7,	3,	1),
(356,	356,	'Lem',	10,	4,	5,	1),
(357,	357,	'Ricardo',	1,	1,	6,	1),
(358,	358,	'Sky',	3,	4,	1,	1),
(359,	359,	'Gibb',	5,	5,	5,	1),
(360,	360,	'Davin',	7,	2,	7,	1),
(361,	361,	'Erny',	3,	5,	1,	1),
(362,	362,	'Ewell',	9,	4,	6,	1),
(363,	363,	'Orland',	8,	3,	6,	1),
(364,	364,	'Franciskus',	4,	5,	2,	1),
(365,	365,	'Vernon',	3,	6,	7,	1),
(366,	366,	'Lodovico',	8,	5,	2,	1),
(367,	367,	'Delbert',	1,	7,	4,	1),
(368,	368,	'Ingmar',	8,	1,	3,	1),
(369,	369,	'Lorens',	3,	6,	3,	1),
(370,	370,	'Julius',	6,	7,	2,	1),
(371,	371,	'Austin',	6,	1,	4,	1),
(372,	372,	'Cosmo',	7,	7,	4,	1),
(373,	373,	'Artemas',	8,	2,	2,	1),
(374,	374,	'Vic',	9,	4,	8,	1),
(375,	375,	'Shepherd',	8,	7,	1,	1),
(376,	376,	'Tyrus',	5,	1,	4,	1),
(377,	377,	'Sydney',	9,	6,	1,	1),
(378,	378,	'Walton',	10,	7,	7,	1),
(379,	379,	'Darnall',	1,	5,	6,	1),
(380,	380,	'Sibyl',	3,	1,	5,	1),
(381,	381,	'Nefen',	1,	7,	7,	1),
(382,	382,	'Luce',	7,	6,	3,	1),
(383,	383,	'Brewer',	8,	4,	7,	1),
(384,	384,	'Baird',	3,	4,	3,	1),
(385,	385,	'Fredrick',	8,	1,	1,	1),
(386,	386,	'Winny',	1,	5,	5,	1),
(387,	387,	'Stillmann',	5,	5,	1,	1),
(388,	388,	'Nikolos',	8,	3,	6,	1),
(389,	389,	'Roland',	4,	4,	3,	1),
(390,	390,	'Willie',	9,	3,	2,	1),
(391,	391,	'Liam',	5,	5,	6,	1),
(392,	392,	'Whitman',	2,	6,	3,	1),
(393,	393,	'Maxwell',	2,	5,	7,	1),
(394,	394,	'Hermon',	5,	4,	6,	1),
(395,	395,	'Harp',	10,	3,	2,	1),
(396,	396,	'Efrem',	5,	3,	4,	1),
(397,	397,	'Daren',	3,	3,	2,	1),
(398,	398,	'Marietta',	9,	5,	8,	1),
(399,	399,	'Major',	9,	3,	6,	1),
(400,	400,	'Pall',	3,	3,	6,	1),
(401,	401,	'Dennison',	4,	7,	4,	1),
(402,	402,	'Sylvester',	2,	4,	6,	1),
(403,	403,	'Husein',	8,	7,	4,	1),
(404,	404,	'Emmery',	3,	7,	4,	1),
(405,	405,	'Hoyt',	8,	6,	1,	1),
(406,	406,	'Gannon',	9,	5,	7,	1),
(407,	407,	'Carl',	2,	7,	5,	1),
(408,	408,	'Ermanno',	3,	7,	3,	1),
(409,	409,	'Judah',	4,	5,	2,	1),
(410,	410,	'Ravid',	1,	7,	5,	1),
(411,	411,	'Bale',	10,	5,	1,	1),
(412,	412,	'Mychal',	3,	1,	3,	1),
(413,	413,	'Jareb',	4,	4,	7,	1),
(414,	414,	'Fransisco',	9,	3,	2,	1),
(415,	415,	'Orton',	5,	7,	5,	1),
(416,	416,	'Chuck',	10,	5,	8,	1),
(417,	417,	'Devlen',	10,	6,	1,	1),
(418,	418,	'Truman',	6,	6,	3,	1),
(419,	419,	'Bevon',	6,	6,	4,	1),
(420,	420,	'Sayer',	2,	3,	1,	1),
(421,	421,	'Deck',	3,	1,	6,	1),
(422,	422,	'Onofredo',	10,	5,	4,	1),
(423,	423,	'Ivar',	10,	2,	8,	1),
(424,	424,	'Ty',	4,	2,	6,	1),
(425,	425,	'Caddric',	3,	3,	8,	1),
(426,	426,	'Johann',	4,	4,	4,	1),
(427,	427,	'Wilbert',	8,	3,	4,	1),
(428,	428,	'Quillan',	8,	4,	6,	1),
(429,	429,	'Arny',	1,	3,	1,	1),
(430,	430,	'Orran',	3,	1,	5,	1),
(431,	431,	'Daron',	6,	5,	4,	1),
(432,	432,	'August',	2,	3,	6,	1),
(433,	433,	'Vincent',	7,	6,	3,	1),
(434,	434,	'Ferrell',	7,	6,	4,	1),
(435,	435,	'Bink',	7,	1,	3,	1),
(436,	436,	'Felicio',	9,	5,	2,	1),
(437,	437,	'Fabian',	2,	6,	5,	1),
(438,	438,	'Aleksandr',	2,	4,	6,	1),
(439,	439,	'Dolf',	3,	2,	8,	1),
(440,	440,	'Fielding',	10,	1,	8,	1),
(441,	441,	'Vidovic',	7,	3,	7,	1),
(442,	442,	'North',	6,	2,	8,	1),
(443,	443,	'Alfons',	8,	1,	5,	1),
(444,	444,	'Winifield',	1,	3,	8,	1),
(445,	445,	'Keene',	9,	7,	1,	1),
(446,	446,	'Jerad',	1,	2,	1,	1),
(447,	447,	'David',	3,	6,	6,	1),
(448,	448,	'Pietro',	9,	7,	5,	1),
(449,	449,	'Murdock',	4,	1,	2,	1),
(450,	450,	'Marchall',	4,	4,	2,	1),
(451,	451,	'Hendrik',	4,	1,	8,	1),
(452,	452,	'Stacy',	2,	7,	4,	1),
(453,	453,	'Inness',	8,	2,	7,	1),
(454,	454,	'Eamon',	2,	6,	4,	1),
(455,	455,	'Aaron',	1,	1,	2,	1),
(456,	456,	'Irwinn',	9,	7,	3,	1),
(457,	457,	'Arnuad',	1,	7,	4,	1),
(458,	458,	'Johannes',	2,	2,	3,	1),
(459,	459,	'Terrel',	1,	6,	4,	1),
(460,	460,	'Tymothy',	7,	5,	6,	1),
(461,	461,	'Waylon',	9,	1,	7,	1),
(462,	462,	'Ibrahim',	5,	4,	6,	1),
(463,	463,	'Wyndham',	6,	5,	2,	1),
(464,	464,	'Vasily',	3,	3,	6,	1),
(465,	465,	'Mikey',	6,	4,	6,	1),
(466,	466,	'Sylas',	1,	1,	8,	1),
(467,	467,	'Jephthah',	9,	7,	5,	1),
(468,	468,	'Innis',	2,	2,	6,	1),
(469,	469,	'Kippy',	2,	1,	1,	1),
(470,	470,	'Mace',	1,	7,	3,	1),
(471,	471,	'Nataniel',	10,	5,	7,	1),
(472,	472,	'Fields',	6,	5,	2,	1),
(473,	473,	'Wyn',	3,	5,	8,	1),
(474,	474,	'Cletus',	7,	6,	3,	1),
(475,	475,	'Allen',	10,	1,	5,	1),
(476,	476,	'Tulley',	2,	1,	2,	1),
(477,	477,	'Noam',	9,	2,	8,	1),
(478,	478,	'Christiano',	1,	6,	3,	1),
(479,	479,	'Mar',	2,	1,	5,	1),
(480,	480,	'Jarret',	9,	7,	8,	1),
(481,	481,	'Woodman',	4,	2,	8,	1),
(482,	482,	'Antin',	10,	2,	5,	1),
(483,	483,	'Isidoro',	9,	1,	1,	1),
(484,	484,	'Arlen',	7,	7,	1,	1),
(485,	485,	'Kienan',	3,	3,	8,	1),
(486,	486,	'Yvon',	7,	7,	8,	1),
(487,	487,	'Pyotr',	5,	2,	7,	1),
(488,	488,	'Halsey',	5,	4,	8,	1),
(489,	489,	'Everett',	4,	4,	5,	1),
(490,	490,	'Clair',	9,	6,	2,	1),
(491,	491,	'Benoit',	9,	7,	1,	1),
(492,	492,	'Arnold',	5,	5,	2,	1),
(493,	493,	'Demetri',	4,	7,	5,	1),
(494,	494,	'Andrus',	9,	1,	5,	1),
(495,	495,	'Ezekiel',	1,	7,	2,	1),
(496,	496,	'Mort',	3,	3,	5,	1),
(497,	497,	'Panchito',	1,	5,	5,	1),
(498,	498,	'Alf',	10,	1,	5,	1),
(499,	499,	'Teodorico',	9,	6,	4,	1),
(500,	500,	'Danie',	10,	6,	5,	1),
(501,	501,	'Truman',	8,	1,	8,	1),
(502,	502,	'Remington',	10,	3,	3,	1),
(503,	503,	'Barron',	4,	2,	6,	1),
(504,	504,	'Royce',	4,	7,	8,	1),
(505,	505,	'Frederic',	3,	4,	4,	1),
(506,	506,	'Basile',	7,	7,	3,	1),
(507,	507,	'Sheffield',	1,	3,	7,	1),
(508,	508,	'Dominic',	2,	1,	8,	1),
(509,	509,	'Quill',	4,	1,	4,	1),
(510,	510,	'Noak',	3,	6,	5,	1),
(511,	511,	'Courtnay',	1,	5,	8,	1),
(512,	512,	'Cozmo',	9,	2,	2,	1),
(513,	513,	'Ozzie',	9,	5,	5,	1),
(514,	514,	'Thoma',	6,	6,	5,	1),
(515,	515,	'Myrwyn',	5,	6,	3,	1),
(516,	516,	'Thorndike',	5,	3,	5,	1),
(517,	517,	'Raddie',	3,	1,	2,	1),
(518,	518,	'Webster',	4,	2,	1,	1),
(519,	519,	'Pete',	4,	3,	8,	1),
(520,	520,	'Enoch',	9,	4,	4,	1),
(521,	521,	'Aron',	6,	6,	8,	1),
(522,	522,	'Pen',	2,	1,	3,	1),
(523,	523,	'Son',	2,	3,	7,	1),
(524,	524,	'Lyman',	3,	5,	8,	1),
(525,	525,	'Gerhardt',	7,	5,	2,	1),
(526,	526,	'Egor',	8,	2,	4,	1),
(527,	527,	'Layton',	5,	6,	1,	1),
(528,	528,	'Trueman',	3,	6,	5,	1),
(529,	529,	'Maximilian',	2,	4,	4,	1),
(530,	530,	'Hewet',	6,	1,	8,	1),
(531,	531,	'Jules',	6,	4,	1,	1),
(532,	532,	'Artemas',	5,	7,	7,	1),
(533,	533,	'Mortimer',	5,	6,	6,	1),
(534,	534,	'Nicolis',	9,	2,	2,	1),
(535,	535,	'Lonnie',	10,	4,	4,	1),
(536,	536,	'Earl',	1,	3,	2,	1),
(537,	537,	'Griswold',	10,	5,	2,	1),
(538,	538,	'Kane',	7,	3,	7,	1),
(539,	539,	'Zebulen',	7,	1,	4,	1),
(540,	540,	'Crichton',	4,	2,	8,	1),
(541,	541,	'Maury',	9,	5,	6,	1),
(542,	542,	'Far',	9,	2,	8,	1),
(543,	543,	'Fernando',	10,	7,	8,	1),
(544,	544,	'Galvan',	6,	1,	1,	1),
(545,	545,	'Beale',	3,	5,	4,	1),
(546,	546,	'Aguistin',	4,	5,	4,	1),
(547,	547,	'Ben',	3,	4,	7,	1),
(548,	548,	'Willy',	4,	3,	5,	1),
(549,	549,	'Neal',	8,	1,	7,	1),
(550,	550,	'Paige',	3,	6,	2,	1),
(551,	551,	'Staffard',	1,	3,	7,	1),
(552,	552,	'Ulises',	7,	4,	6,	1),
(553,	553,	'Lemuel',	4,	5,	3,	1),
(554,	554,	'Maddie',	2,	5,	3,	1),
(555,	555,	'Arty',	6,	7,	1,	1),
(556,	556,	'Yvon',	1,	6,	8,	1),
(557,	557,	'Abel',	10,	1,	8,	1),
(558,	558,	'Abelard',	3,	6,	4,	1),
(559,	559,	'Bruno',	7,	5,	6,	1),
(560,	560,	'Zollie',	6,	4,	1,	1),
(561,	561,	'Irwinn',	1,	6,	1,	1),
(562,	562,	'Case',	7,	5,	2,	1),
(563,	563,	'Isac',	8,	2,	7,	1),
(564,	564,	'Ferd',	8,	6,	2,	1),
(565,	565,	'Rourke',	2,	3,	7,	1),
(566,	566,	'Norbie',	7,	3,	1,	1),
(567,	567,	'Fabio',	10,	5,	1,	1),
(568,	568,	'Jordon',	9,	3,	1,	1),
(569,	569,	'Pembroke',	9,	6,	6,	1),
(570,	570,	'Cullin',	9,	3,	8,	1),
(571,	571,	'Reinhard',	10,	2,	2,	1),
(572,	572,	'Skelly',	5,	3,	1,	1),
(573,	573,	'Jo',	3,	5,	7,	1),
(574,	574,	'Hagan',	8,	6,	8,	1),
(575,	575,	'Calv',	9,	2,	6,	1),
(576,	576,	'Padget',	10,	4,	6,	1),
(577,	577,	'Gregory',	1,	6,	5,	1),
(578,	578,	'Joshuah',	5,	3,	2,	1),
(579,	579,	'Hobey',	10,	5,	3,	1),
(580,	580,	'Burgess',	7,	6,	8,	1),
(581,	581,	'James',	3,	2,	6,	1),
(582,	582,	'Douglas',	3,	4,	6,	1),
(583,	583,	'Petr',	6,	5,	5,	1),
(584,	584,	'Putnem',	3,	1,	5,	1),
(585,	585,	'Elijah',	5,	1,	5,	1),
(586,	586,	'Trace',	6,	5,	5,	1),
(587,	587,	'Pietro',	1,	6,	3,	1),
(588,	588,	'Frederico',	9,	7,	8,	1),
(589,	589,	'Bartholemy',	1,	5,	2,	1),
(590,	590,	'Krishna',	6,	5,	8,	1),
(591,	591,	'Nappie',	1,	7,	1,	1),
(592,	592,	'Clayson',	5,	2,	1,	1),
(593,	593,	'Berk',	6,	2,	5,	1),
(594,	594,	'Roy',	8,	3,	3,	1),
(595,	595,	'Lanny',	9,	6,	7,	1),
(596,	596,	'Bradley',	9,	2,	4,	1),
(597,	597,	'Carney',	5,	4,	1,	1),
(598,	598,	'Kiley',	1,	1,	2,	1),
(599,	599,	'Patton',	4,	3,	1,	1),
(600,	600,	'Moshe',	10,	3,	7,	1),
(601,	601,	'Xavier',	3,	3,	6,	1),
(602,	602,	'Oswell',	5,	5,	6,	1),
(603,	603,	'Nickolai',	2,	4,	8,	1),
(604,	604,	'Woodie',	9,	4,	8,	1),
(605,	605,	'Gal',	1,	3,	7,	1),
(606,	606,	'Rutger',	6,	5,	3,	1),
(607,	607,	'Jeramey',	2,	2,	5,	1),
(608,	608,	'Abie',	9,	4,	1,	1),
(609,	609,	'Ralf',	1,	3,	6,	1),
(610,	610,	'Lodovico',	10,	2,	3,	1),
(611,	611,	'Darius',	7,	4,	7,	1),
(612,	612,	'Garrard',	8,	2,	4,	1),
(613,	613,	'Bordy',	1,	1,	1,	1),
(614,	614,	'Cad',	7,	6,	4,	1),
(615,	615,	'Malachi',	4,	7,	8,	1),
(616,	616,	'Harold',	10,	5,	6,	1),
(617,	617,	'Ira',	6,	6,	6,	1),
(618,	618,	'Arel',	5,	3,	1,	1),
(619,	619,	'Chadwick',	7,	3,	7,	1),
(620,	620,	'Aube',	8,	1,	2,	1),
(621,	621,	'Grantley',	7,	6,	8,	1),
(622,	622,	'Patsy',	6,	6,	4,	1),
(623,	623,	'Marvin',	7,	4,	5,	1),
(624,	624,	'Matias',	3,	6,	6,	1),
(625,	625,	'Graeme',	7,	1,	5,	1),
(626,	626,	'Cosme',	3,	4,	3,	1),
(627,	627,	'Filippo',	9,	7,	1,	1),
(628,	628,	'Arvin',	4,	4,	6,	1),
(629,	629,	'Wayne',	1,	5,	7,	1),
(630,	630,	'Chane',	9,	3,	6,	1),
(631,	631,	'Christoforo',	3,	5,	2,	1),
(632,	632,	'Filberto',	4,	7,	7,	1),
(633,	633,	'Oran',	9,	6,	8,	1),
(634,	634,	'Killian',	3,	4,	5,	1),
(635,	635,	'Zared',	1,	4,	7,	1),
(636,	636,	'Price',	7,	5,	8,	1),
(637,	637,	'Truman',	5,	7,	8,	1),
(638,	638,	'Raimondo',	1,	7,	5,	1),
(639,	639,	'Packston',	10,	5,	8,	1),
(640,	640,	'Siffre',	10,	1,	5,	1),
(641,	641,	'Wang',	6,	1,	4,	1),
(642,	642,	'Cary',	9,	7,	5,	1),
(643,	643,	'Albrecht',	7,	2,	1,	1),
(644,	644,	'Nick',	10,	7,	6,	1),
(645,	645,	'Arlin',	10,	1,	6,	1),
(646,	646,	'Cord',	4,	5,	8,	1),
(647,	647,	'Clive',	4,	3,	1,	1),
(648,	648,	'Burty',	7,	6,	3,	1),
(649,	649,	'Brucie',	9,	3,	5,	1),
(650,	650,	'Vinny',	4,	4,	6,	1),
(651,	651,	'Bill',	8,	2,	5,	1),
(652,	652,	'Hurleigh',	7,	6,	4,	1),
(653,	653,	'Chrisy',	5,	2,	3,	1),
(654,	654,	'Giles',	4,	3,	2,	1),
(655,	655,	'Salomone',	9,	4,	1,	1),
(656,	656,	'Gibbie',	4,	3,	6,	1),
(657,	657,	'Grange',	8,	4,	3,	1),
(658,	658,	'Jermaine',	10,	6,	7,	1),
(659,	659,	'Lin',	10,	6,	6,	1),
(660,	660,	'Mikel',	1,	3,	5,	1),
(661,	661,	'Yehudit',	10,	1,	1,	1),
(662,	662,	'Reinaldos',	4,	7,	5,	1),
(663,	663,	'Gordy',	6,	4,	5,	1),
(664,	664,	'Brigg',	5,	6,	2,	1),
(665,	665,	'Stacy',	7,	6,	1,	1),
(666,	666,	'Chrisy',	4,	1,	3,	1),
(667,	667,	'Kristoforo',	2,	7,	5,	1),
(668,	668,	'Isadore',	8,	3,	3,	1),
(669,	669,	'Chane',	9,	4,	7,	1),
(670,	670,	'Eldredge',	4,	4,	1,	1),
(671,	671,	'Patten',	6,	5,	1,	1),
(672,	672,	'Thorndike',	8,	6,	8,	1),
(673,	673,	'Harp',	4,	6,	6,	1),
(674,	674,	'Filbert',	2,	1,	7,	1),
(675,	675,	'Sandro',	3,	1,	5,	1),
(676,	676,	'Bradly',	8,	2,	7,	1),
(677,	677,	'Bryan',	3,	2,	5,	1),
(678,	678,	'Barron',	5,	6,	7,	1),
(679,	679,	'Lefty',	2,	5,	3,	1),
(680,	680,	'Abdel',	10,	1,	2,	1),
(681,	681,	'Ferguson',	8,	4,	4,	1),
(682,	682,	'Zeb',	9,	1,	8,	1),
(683,	683,	'Brnaba',	9,	1,	2,	1),
(684,	684,	'Ivar',	9,	6,	7,	1),
(685,	685,	'Nicky',	9,	5,	1,	1),
(686,	686,	'Rowney',	8,	6,	8,	1),
(687,	687,	'Dex',	6,	5,	3,	1),
(688,	688,	'Keene',	1,	6,	4,	1),
(689,	689,	'Leroy',	5,	7,	6,	1),
(690,	690,	'Yancey',	3,	6,	2,	1),
(691,	691,	'Leonard',	4,	3,	3,	1),
(692,	692,	'Duke',	8,	7,	7,	1),
(693,	693,	'Glendon',	9,	6,	8,	1),
(694,	694,	'Paige',	4,	1,	2,	1),
(695,	695,	'Harris',	5,	6,	1,	1),
(696,	696,	'Carly',	8,	6,	4,	1),
(697,	697,	'Reinaldo',	4,	4,	1,	1),
(698,	698,	'Nevins',	3,	1,	1,	1),
(699,	699,	'Ingemar',	7,	4,	8,	1),
(700,	700,	'Abram',	4,	3,	4,	1),
(701,	701,	'Zebedee',	1,	5,	8,	1),
(702,	702,	'Abram',	8,	5,	2,	1),
(703,	703,	'Ferd',	3,	4,	5,	1),
(704,	704,	'Chan',	1,	6,	8,	1),
(705,	705,	'Aron',	2,	7,	5,	1),
(706,	706,	'Dorie',	1,	3,	5,	1),
(707,	707,	'Giffy',	8,	3,	5,	1),
(708,	708,	'Gamaliel',	10,	6,	6,	1),
(709,	709,	'Wolfgang',	3,	2,	1,	1),
(710,	710,	'Serge',	9,	2,	3,	1),
(711,	711,	'Finn',	10,	7,	4,	1),
(712,	712,	'Perceval',	5,	3,	6,	1),
(713,	713,	'Winfred',	10,	6,	4,	1),
(714,	714,	'Stinky',	2,	7,	5,	1),
(715,	715,	'Blayne',	1,	3,	3,	1),
(716,	716,	'Ephrayim',	9,	4,	4,	1),
(717,	717,	'Dwayne',	3,	7,	8,	1),
(718,	718,	'Mikey',	9,	6,	2,	1),
(719,	719,	'Sigfrid',	5,	5,	1,	1),
(720,	720,	'Curcio',	3,	1,	4,	1),
(721,	721,	'Leighton',	10,	4,	8,	1),
(722,	722,	'Morry',	7,	7,	3,	1),
(723,	723,	'Care',	4,	4,	2,	1),
(724,	724,	'Brod',	4,	1,	3,	1),
(725,	725,	'Claudius',	1,	5,	6,	1),
(726,	726,	'Marcello',	7,	4,	3,	1),
(727,	727,	'Pall',	3,	5,	5,	1),
(728,	728,	'Jacob',	4,	5,	4,	1),
(729,	729,	'Obidiah',	4,	2,	8,	1),
(730,	730,	'Euell',	5,	2,	6,	1),
(731,	731,	'Godfry',	1,	4,	4,	1),
(732,	732,	'Gale',	4,	4,	8,	1),
(733,	733,	'Brandy',	8,	4,	6,	1),
(734,	734,	'Jonathan',	9,	4,	3,	1),
(735,	735,	'Say',	3,	2,	2,	1),
(736,	736,	'Barnett',	3,	1,	4,	1),
(737,	737,	'Bronny',	1,	7,	8,	1),
(738,	738,	'Pepillo',	2,	1,	7,	1),
(739,	739,	'Britt',	6,	2,	4,	1),
(740,	740,	'Noam',	1,	3,	5,	1),
(741,	741,	'Shurlocke',	2,	7,	4,	1),
(742,	742,	'Dilly',	8,	7,	6,	1),
(743,	743,	'Alfy',	7,	4,	2,	1),
(744,	744,	'Ashby',	4,	5,	6,	1),
(745,	745,	'Berkie',	2,	4,	7,	1),
(746,	746,	'Quentin',	5,	3,	6,	1),
(747,	747,	'Colver',	3,	2,	3,	1),
(748,	748,	'Cedric',	1,	2,	3,	1),
(749,	749,	'Skipton',	5,	4,	5,	1),
(750,	750,	'Monroe',	7,	5,	1,	1),
(751,	751,	'Sherlock',	10,	4,	7,	1),
(752,	752,	'Royall',	6,	6,	7,	1),
(753,	753,	'Waldon',	3,	7,	4,	1),
(754,	754,	'Ferris',	3,	3,	6,	1),
(755,	755,	'Leo',	4,	3,	8,	1),
(756,	756,	'Ebeneser',	2,	6,	1,	1),
(757,	757,	'Carson',	5,	1,	2,	1),
(758,	758,	'Bernarr',	8,	3,	2,	1),
(759,	759,	'Claudio',	8,	1,	4,	1),
(760,	760,	'Kev',	6,	6,	7,	1),
(761,	761,	'Garreth',	4,	4,	3,	1),
(762,	762,	'Booth',	7,	6,	1,	1),
(763,	763,	'Jarret',	1,	2,	7,	1),
(764,	764,	'Cosmo',	7,	3,	2,	1),
(765,	765,	'Ritchie',	10,	1,	4,	1),
(766,	766,	'Graehme',	4,	3,	6,	1),
(767,	767,	'Cyrill',	4,	5,	2,	1),
(768,	768,	'Kristian',	3,	7,	3,	1),
(769,	769,	'Trev',	7,	7,	3,	1),
(770,	770,	'Benedicto',	1,	3,	7,	1),
(771,	771,	'Luciano',	6,	1,	6,	1),
(772,	772,	'Rhys',	3,	6,	6,	1),
(773,	773,	'Bendicty',	5,	2,	6,	1),
(774,	774,	'Vidovik',	3,	2,	8,	1),
(775,	775,	'Benjamen',	1,	6,	8,	1),
(776,	776,	'Falkner',	10,	1,	4,	1),
(777,	777,	'Cassie',	1,	7,	8,	1),
(778,	778,	'Von',	5,	1,	1,	1),
(779,	779,	'Gabi',	10,	7,	2,	1),
(780,	780,	'Hakim',	7,	7,	4,	1),
(781,	781,	'Ram',	9,	1,	8,	1),
(782,	782,	'Fulton',	7,	4,	3,	1),
(783,	783,	'Troy',	1,	4,	5,	1),
(784,	784,	'Broddy',	1,	2,	6,	1),
(785,	785,	'Bil',	5,	1,	7,	1),
(786,	786,	'Ebenezer',	1,	7,	6,	1),
(787,	787,	'Yorker',	1,	2,	3,	1),
(788,	788,	'Sanford',	6,	1,	3,	1),
(789,	789,	'Ernesto',	5,	6,	7,	1),
(790,	790,	'Guido',	8,	1,	6,	1),
(791,	791,	'Sansone',	5,	1,	7,	1),
(792,	792,	'Des',	4,	5,	5,	1),
(793,	793,	'Rex',	7,	2,	1,	1),
(794,	794,	'Mikol',	4,	7,	5,	1),
(795,	795,	'Irv',	3,	3,	8,	1),
(796,	796,	'Wendell',	10,	6,	8,	1),
(797,	797,	'Aldric',	3,	6,	2,	1),
(798,	798,	'Bran',	5,	6,	5,	1),
(799,	799,	'Robinet',	1,	1,	5,	1),
(800,	800,	'Derk',	4,	7,	7,	1),
(801,	801,	'Felike',	1,	6,	6,	1),
(802,	802,	'Roy',	5,	5,	3,	1),
(803,	803,	'Herbert',	4,	1,	1,	1),
(804,	804,	'Rollins',	5,	3,	6,	1),
(805,	805,	'Chase',	3,	2,	4,	1),
(806,	806,	'Grenville',	8,	2,	3,	1),
(807,	807,	'Ryan',	3,	6,	8,	1),
(808,	808,	'Jarret',	9,	6,	7,	1),
(809,	809,	'Mitchel',	7,	2,	1,	1),
(810,	810,	'Eadmund',	9,	3,	4,	1),
(811,	811,	'Jarid',	1,	1,	8,	1),
(812,	812,	'Aldric',	3,	1,	5,	1),
(813,	813,	'Welsh',	9,	7,	1,	1),
(814,	814,	'Richie',	9,	1,	4,	1),
(815,	815,	'Herrick',	7,	4,	6,	1),
(816,	816,	'Travus',	1,	6,	3,	1),
(817,	817,	'Aldric',	2,	3,	2,	1),
(818,	818,	'Caryl',	2,	1,	7,	1),
(819,	819,	'Lloyd',	2,	1,	2,	1),
(820,	820,	'Ogdan',	4,	4,	8,	1),
(821,	821,	'York',	4,	1,	3,	1),
(822,	822,	'Cullen',	4,	3,	7,	1),
(823,	823,	'Cris',	3,	4,	4,	1),
(824,	824,	'Sergei',	4,	1,	7,	1),
(825,	825,	'Issiah',	10,	2,	5,	1),
(826,	826,	'Neils',	9,	6,	6,	1),
(827,	827,	'Thane',	6,	7,	7,	1),
(828,	828,	'Spencer',	2,	7,	3,	1),
(829,	829,	'North',	2,	6,	1,	1),
(830,	830,	'Giovanni',	6,	7,	1,	1),
(831,	831,	'Felix',	9,	7,	3,	1),
(832,	832,	'Antonino',	5,	6,	2,	1),
(833,	833,	'Darrin',	3,	2,	1,	1),
(834,	834,	'Odie',	1,	6,	2,	1),
(835,	835,	'Gino',	9,	2,	5,	1),
(836,	836,	'Lemuel',	1,	2,	8,	1),
(837,	837,	'Wilmer',	5,	5,	6,	1),
(838,	838,	'Orion',	8,	1,	5,	1),
(839,	839,	'Jake',	6,	6,	8,	1),
(840,	840,	'Chance',	2,	2,	7,	1),
(841,	841,	'Scottie',	2,	2,	6,	1),
(842,	842,	'Spense',	4,	3,	5,	1),
(843,	843,	'Ike',	8,	3,	1,	1),
(844,	844,	'Verge',	8,	4,	4,	1),
(845,	845,	'Alex',	6,	6,	6,	1),
(846,	846,	'Dugald',	5,	1,	8,	1),
(847,	847,	'Ali',	5,	3,	4,	1),
(848,	848,	'Trueman',	3,	1,	3,	1),
(849,	849,	'Baily',	7,	5,	5,	1),
(850,	850,	'Lance',	10,	7,	7,	1),
(851,	851,	'Merwyn',	9,	2,	2,	1),
(852,	852,	'Skipton',	6,	4,	5,	1),
(853,	853,	'Shem',	7,	4,	8,	1),
(854,	854,	'Yehudi',	8,	1,	5,	1),
(855,	855,	'Murvyn',	8,	3,	1,	1),
(856,	856,	'Edgard',	3,	5,	8,	1),
(857,	857,	'Kirby',	8,	3,	3,	1),
(858,	858,	'Ossie',	1,	3,	7,	1),
(859,	859,	'Obediah',	5,	7,	2,	1),
(860,	860,	'Rayner',	7,	1,	1,	1),
(861,	861,	'Thedrick',	2,	7,	6,	1),
(862,	862,	'Ilario',	5,	6,	4,	1),
(863,	863,	'Marven',	5,	2,	8,	1),
(864,	864,	'Ashby',	3,	2,	2,	1),
(865,	865,	'Sigfrid',	8,	3,	3,	1),
(866,	866,	'Curtice',	3,	7,	2,	1),
(867,	867,	'Lorant',	2,	6,	1,	1),
(868,	868,	'Wiley',	1,	7,	8,	1),
(869,	869,	'Nehemiah',	9,	4,	1,	1),
(870,	870,	'Elston',	4,	1,	7,	1),
(871,	871,	'Claus',	9,	2,	2,	1),
(872,	872,	'Aldous',	7,	4,	5,	1),
(873,	873,	'Benny',	1,	4,	7,	1),
(874,	874,	'Carmine',	5,	7,	6,	1),
(875,	875,	'Ewell',	9,	4,	8,	1),
(876,	876,	'Gideon',	5,	3,	3,	1),
(877,	877,	'Hoebart',	9,	7,	4,	1),
(878,	878,	'Scotti',	10,	2,	2,	1),
(879,	879,	'Solly',	1,	1,	7,	1),
(880,	880,	'Gerhardt',	9,	5,	2,	1),
(881,	881,	'Herrick',	8,	3,	5,	1),
(882,	882,	'Timoteo',	4,	2,	7,	1),
(883,	883,	'Briggs',	2,	7,	8,	1),
(884,	884,	'Ashlin',	5,	7,	8,	1),
(885,	885,	'Morgen',	8,	2,	1,	1),
(886,	886,	'Dwight',	9,	6,	4,	1),
(887,	887,	'Andreas',	4,	6,	2,	1),
(888,	888,	'Alexander',	8,	2,	5,	1),
(889,	889,	'Georgie',	8,	1,	1,	1),
(890,	890,	'Dudley',	9,	2,	7,	1),
(891,	891,	'Norrie',	10,	5,	5,	1),
(892,	892,	'Bronson',	4,	7,	5,	1),
(893,	893,	'Dietrich',	4,	1,	5,	1),
(894,	894,	'Bartlet',	10,	4,	5,	1),
(895,	895,	'Ervin',	10,	5,	3,	1),
(896,	896,	'Remington',	7,	6,	6,	1),
(897,	897,	'Verne',	5,	1,	2,	1),
(898,	898,	'Fleming',	2,	2,	6,	1),
(899,	899,	'Shurlock',	10,	2,	7,	1),
(900,	900,	'Davidde',	10,	5,	5,	1),
(901,	901,	'Eddie',	6,	6,	7,	1),
(902,	902,	'Creigh',	2,	4,	4,	1),
(903,	903,	'Norbie',	4,	4,	1,	1),
(904,	904,	'Tailor',	9,	2,	3,	1),
(905,	905,	'Jacques',	1,	3,	6,	1),
(906,	906,	'Archaimbaud',	10,	7,	7,	1),
(907,	907,	'Guy',	1,	6,	1,	1),
(908,	908,	'Oswald',	1,	3,	4,	1),
(909,	909,	'Irvin',	4,	1,	8,	1),
(910,	910,	'Waiter',	2,	3,	6,	1),
(911,	911,	'Rodolfo',	1,	2,	3,	1),
(912,	912,	'Kahaleel',	5,	6,	2,	1),
(913,	913,	'Eberto',	5,	1,	2,	1),
(914,	914,	'Israel',	8,	6,	1,	1),
(915,	915,	'Wit',	6,	1,	7,	1),
(916,	916,	'Lorry',	9,	4,	3,	1),
(917,	917,	'Wylie',	4,	3,	6,	1),
(918,	918,	'Beniamino',	2,	5,	1,	1),
(919,	919,	'Esme',	10,	5,	2,	1),
(920,	920,	'Abbey',	10,	7,	1,	1),
(921,	921,	'Nikolas',	3,	5,	3,	1),
(922,	922,	'Gamaliel',	10,	6,	1,	1),
(923,	923,	'Morry',	1,	7,	4,	1),
(924,	924,	'Miltie',	4,	7,	6,	1),
(925,	925,	'Carrol',	2,	3,	7,	1),
(926,	926,	'Arnoldo',	9,	1,	1,	1),
(927,	927,	'Deck',	2,	2,	1,	1),
(928,	928,	'Hyatt',	6,	7,	8,	1),
(929,	929,	'Gaylord',	6,	5,	1,	1),
(930,	930,	'Vidovic',	4,	7,	2,	1),
(931,	931,	'Gordon',	3,	5,	8,	1),
(932,	932,	'Had',	3,	2,	2,	1),
(933,	933,	'Simeon',	9,	1,	5,	1),
(934,	934,	'Jeffry',	10,	5,	5,	1),
(935,	935,	'Alick',	10,	4,	6,	1),
(936,	936,	'Gram',	6,	7,	3,	1),
(937,	937,	'Karney',	4,	1,	8,	1),
(938,	938,	'Marcos',	5,	2,	2,	1),
(939,	939,	'Karim',	6,	4,	1,	1),
(940,	940,	'Sly',	1,	4,	5,	1),
(941,	941,	'Carlin',	7,	6,	5,	1),
(942,	942,	'Matthieu',	8,	1,	6,	1),
(943,	943,	'Mahmud',	6,	4,	8,	1),
(944,	944,	'Sloan',	2,	6,	3,	1),
(945,	945,	'Ewell',	3,	3,	2,	1),
(946,	946,	'Allistir',	3,	2,	8,	1),
(947,	947,	'Rufus',	9,	5,	7,	1),
(948,	948,	'Thayne',	7,	6,	2,	1),
(949,	949,	'Jae',	1,	1,	6,	1),
(950,	950,	'Anatol',	10,	5,	3,	1),
(951,	951,	'Had',	10,	7,	7,	1),
(952,	952,	'Fair',	2,	3,	1,	1),
(953,	953,	'Luis',	6,	5,	1,	1),
(954,	954,	'Lombard',	4,	3,	4,	1),
(955,	955,	'Mordy',	6,	1,	8,	1),
(956,	956,	'Vachel',	1,	4,	5,	1),
(957,	957,	'Dionysus',	10,	3,	8,	1),
(958,	958,	'Johnny',	4,	2,	1,	1),
(959,	959,	'Nathanil',	2,	6,	5,	1),
(960,	960,	'Enrico',	10,	5,	2,	1),
(961,	961,	'Dominick',	7,	5,	2,	1),
(962,	962,	'Georas',	5,	6,	4,	1),
(963,	963,	'Chrisse',	7,	5,	5,	1),
(964,	964,	'Alejoa',	5,	3,	7,	1),
(965,	965,	'Noble',	10,	4,	8,	1),
(966,	966,	'Eldon',	3,	6,	5,	1),
(967,	967,	'Jeno',	8,	5,	8,	1),
(968,	968,	'Archaimbaud',	4,	6,	1,	1),
(969,	969,	'Giffer',	1,	5,	8,	1),
(970,	970,	'Urban',	9,	7,	6,	1),
(971,	971,	'Pavlov',	3,	3,	8,	1),
(972,	972,	'Gaultiero',	9,	2,	1,	1),
(973,	973,	'Merrel',	1,	1,	4,	1),
(974,	974,	'Morten',	10,	2,	8,	1),
(975,	975,	'Farrell',	9,	2,	4,	1),
(976,	976,	'Ansell',	7,	5,	8,	1),
(977,	977,	'Holden',	7,	5,	5,	1),
(978,	978,	'Carlyle',	7,	4,	8,	1),
(979,	979,	'Teodoor',	6,	6,	1,	1),
(980,	980,	'Wallis',	5,	5,	2,	1),
(981,	981,	'Welby',	2,	7,	1,	1),
(982,	982,	'Lewie',	10,	7,	8,	1),
(983,	983,	'Tommy',	6,	3,	2,	1),
(984,	984,	'Zollie',	7,	6,	3,	1),
(985,	985,	'Hill',	4,	4,	1,	1),
(986,	986,	'Pascale',	5,	6,	5,	1),
(987,	987,	'Ferdinand',	8,	2,	3,	1),
(988,	988,	'Kile',	2,	1,	8,	1),
(989,	989,	'Gearalt',	3,	6,	2,	1),
(990,	990,	'Jose',	6,	3,	8,	1),
(991,	991,	'Stacy',	9,	6,	2,	1),
(992,	992,	'Horacio',	8,	7,	7,	1),
(993,	993,	'Graham',	2,	1,	7,	1),
(994,	994,	'Abelard',	6,	1,	2,	1),
(995,	995,	'Francois',	7,	1,	6,	1),
(996,	996,	'Marven',	3,	5,	2,	1),
(997,	997,	'Zared',	4,	1,	6,	1),
(998,	998,	'Leupold',	4,	6,	8,	1),
(999,	999,	'Abby',	1,	2,	8,	1),
(1000,	1000,	'West',	2,	3,	6,	1),
(1001,	1,	'Aprilette',	10,	2,	8,	2),
(1002,	2,	'Raychel',	8,	1,	6,	2),
(1003,	3,	'Cele',	1,	3,	4,	2),
(1004,	4,	'Randee',	3,	1,	4,	2),
(1005,	5,	'Doti',	2,	3,	4,	2),
(1006,	6,	'Constantine',	8,	4,	1,	2),
(1007,	7,	'Viola',	1,	2,	7,	2),
(1008,	8,	'Imojean',	6,	5,	6,	2),
(1009,	9,	'Laurette',	7,	4,	7,	2),
(1010,	10,	'Janaya',	10,	6,	6,	2),
(1011,	11,	'Nell',	9,	6,	1,	2),
(1012,	12,	'Latrina',	10,	3,	1,	2),
(1013,	13,	'Monah',	6,	3,	6,	2),
(1014,	14,	'Fleur',	2,	4,	5,	2),
(1015,	15,	'Danna',	9,	3,	2,	2),
(1016,	16,	'Margarete',	9,	6,	5,	2),
(1017,	17,	'Maren',	4,	6,	4,	2),
(1018,	18,	'Daniele',	8,	1,	8,	2),
(1019,	19,	'Florette',	5,	4,	1,	2),
(1020,	20,	'Bidget',	4,	6,	8,	2),
(1021,	21,	'Nancey',	2,	3,	3,	2),
(1022,	22,	'Bebe',	6,	2,	2,	2),
(1023,	23,	'Adriaens',	8,	1,	1,	2),
(1024,	24,	'Fidelia',	1,	5,	3,	2),
(1025,	25,	'Rebecca',	7,	7,	8,	2),
(1026,	26,	'Deerdre',	9,	7,	2,	2),
(1027,	27,	'Maritsa',	2,	1,	1,	2),
(1028,	28,	'Bethanne',	6,	5,	4,	2),
(1029,	29,	'Violet',	9,	5,	4,	2),
(1030,	30,	'Jeniffer',	6,	7,	2,	2),
(1031,	31,	'Auroora',	10,	5,	7,	2),
(1032,	32,	'Penelope',	2,	2,	1,	2),
(1033,	33,	'Bambie',	8,	7,	8,	2),
(1034,	34,	'Wendeline',	5,	1,	3,	2),
(1035,	35,	'Phillida',	8,	2,	2,	2),
(1036,	36,	'Emmi',	6,	7,	7,	2),
(1037,	37,	'Delphine',	9,	4,	4,	2),
(1038,	38,	'Eadie',	5,	1,	1,	2),
(1039,	39,	'Georgine',	10,	5,	8,	2),
(1040,	40,	'Sarene',	10,	7,	5,	2),
(1041,	41,	'Ranee',	10,	6,	5,	2),
(1042,	42,	'Modesta',	7,	4,	4,	2),
(1043,	43,	'Melania',	2,	3,	2,	2),
(1044,	44,	'Kristen',	2,	6,	2,	2),
(1045,	45,	'Karon',	5,	6,	6,	2),
(1046,	46,	'Ira',	1,	4,	4,	2),
(1047,	47,	'Dani',	10,	2,	5,	2),
(1048,	48,	'Daryl',	7,	3,	2,	2),
(1049,	49,	'Florrie',	8,	3,	4,	2),
(1050,	50,	'Aurea',	5,	7,	4,	2),
(1051,	51,	'Rubetta',	10,	4,	7,	2),
(1052,	52,	'Courtney',	8,	4,	6,	2),
(1053,	53,	'Cassaundra',	9,	2,	1,	2),
(1054,	54,	'Amara',	7,	5,	5,	2),
(1055,	55,	'Christabel',	4,	7,	5,	2),
(1056,	56,	'Ilise',	2,	1,	8,	2),
(1057,	57,	'Cindee',	8,	1,	2,	2),
(1058,	58,	'Cristy',	9,	2,	5,	2),
(1059,	59,	'Alida',	1,	6,	4,	2),
(1060,	60,	'Nissie',	2,	4,	1,	2),
(1061,	61,	'Maegan',	10,	4,	2,	2),
(1062,	62,	'Beulah',	7,	6,	4,	2),
(1063,	63,	'Timmy',	10,	2,	7,	2),
(1064,	64,	'Sarita',	3,	6,	3,	2),
(1065,	65,	'Tarah',	6,	4,	5,	2),
(1066,	66,	'Claretta',	6,	7,	7,	2),
(1067,	67,	'Shayne',	3,	3,	5,	2),
(1068,	68,	'Maye',	4,	2,	2,	2),
(1069,	69,	'Birdie',	8,	6,	1,	2),
(1070,	70,	'Neely',	9,	3,	6,	2),
(1071,	71,	'Giuditta',	7,	4,	4,	2),
(1072,	72,	'Luelle',	10,	1,	5,	2),
(1073,	73,	'Darryl',	10,	1,	8,	2),
(1074,	74,	'Annabelle',	2,	4,	6,	2),
(1075,	75,	'Millie',	4,	5,	2,	2),
(1076,	76,	'Ajay',	5,	6,	6,	2),
(1077,	77,	'Rina',	4,	1,	8,	2),
(1078,	78,	'Doretta',	7,	5,	8,	2),
(1079,	79,	'Margarita',	7,	1,	6,	2),
(1080,	80,	'Fidela',	3,	7,	8,	2),
(1081,	81,	'Tine',	4,	1,	1,	2),
(1082,	82,	'Phyllida',	1,	4,	5,	2),
(1083,	83,	'Annamarie',	4,	7,	1,	2),
(1084,	84,	'Myrle',	2,	7,	1,	2),
(1085,	85,	'Corny',	9,	7,	3,	2),
(1086,	86,	'Lorena',	9,	2,	3,	2),
(1087,	87,	'Krysta',	6,	4,	1,	2),
(1088,	88,	'Hester',	10,	2,	5,	2),
(1089,	89,	'Kaylil',	5,	4,	1,	2),
(1090,	90,	'Shalne',	7,	7,	1,	2),
(1091,	91,	'Melisa',	10,	4,	6,	2),
(1092,	92,	'Mariska',	7,	4,	1,	2),
(1093,	93,	'Audrie',	2,	2,	7,	2),
(1094,	94,	'Elisha',	5,	2,	6,	2),
(1095,	95,	'Liliane',	8,	3,	3,	2),
(1096,	96,	'Alisa',	4,	7,	3,	2),
(1097,	97,	'Neda',	2,	4,	5,	2),
(1098,	98,	'Tamqrah',	9,	5,	1,	2),
(1099,	99,	'Albina',	10,	7,	2,	2),
(1100,	100,	'Xenia',	5,	2,	8,	2),
(1101,	101,	'Blinni',	3,	3,	1,	2),
(1102,	102,	'Alisa',	1,	6,	8,	2),
(1103,	103,	'Arleen',	10,	6,	2,	2),
(1104,	104,	'Marya',	10,	4,	5,	2),
(1105,	105,	'Corny',	2,	1,	2,	2),
(1106,	106,	'Kirsteni',	6,	2,	6,	2),
(1107,	107,	'Kissie',	1,	4,	3,	2),
(1108,	108,	'Linell',	4,	4,	1,	2),
(1109,	109,	'Amata',	7,	6,	3,	2),
(1110,	110,	'Nathalia',	7,	3,	1,	2),
(1111,	111,	'Tammie',	3,	2,	6,	2),
(1112,	112,	'Alissa',	10,	5,	6,	2),
(1113,	113,	'Gerrilee',	10,	1,	5,	2),
(1114,	114,	'Dody',	1,	7,	2,	2),
(1115,	115,	'Caril',	1,	3,	5,	2),
(1116,	116,	'Ciel',	7,	6,	8,	2),
(1117,	117,	'Kristine',	2,	3,	7,	2),
(1118,	118,	'Jodi',	9,	3,	5,	2),
(1119,	119,	'Anna-diana',	10,	1,	6,	2),
(1120,	120,	'Trix',	4,	7,	4,	2),
(1121,	121,	'Ricky',	10,	7,	4,	2),
(1122,	122,	'Ursuline',	10,	4,	4,	2),
(1123,	123,	'Alysia',	4,	7,	8,	2),
(1124,	124,	'Drusie',	8,	5,	3,	2),
(1125,	125,	'Alys',	7,	4,	5,	2),
(1126,	126,	'Patti',	3,	1,	8,	2),
(1127,	127,	'Arliene',	6,	7,	8,	2),
(1128,	128,	'Ardelle',	10,	7,	8,	2),
(1129,	129,	'Mair',	4,	2,	8,	2),
(1130,	130,	'Madella',	1,	6,	4,	2),
(1131,	131,	'Cindra',	3,	6,	2,	2),
(1132,	132,	'Othilie',	7,	7,	1,	2),
(1133,	133,	'Onida',	1,	1,	8,	2),
(1134,	134,	'Ardath',	8,	6,	8,	2),
(1135,	135,	'Magdalene',	8,	6,	4,	2),
(1136,	136,	'Shirlee',	5,	2,	6,	2),
(1137,	137,	'Mirelle',	8,	3,	3,	2),
(1138,	138,	'Judith',	7,	3,	3,	2),
(1139,	139,	'Benoite',	4,	4,	2,	2),
(1140,	140,	'Milicent',	8,	1,	7,	2),
(1141,	141,	'Paulita',	2,	2,	1,	2),
(1142,	142,	'Pen',	6,	6,	3,	2),
(1143,	143,	'Anne-marie',	5,	1,	2,	2),
(1144,	144,	'Beverley',	8,	6,	2,	2),
(1145,	145,	'Sophi',	1,	3,	5,	2),
(1146,	146,	'Joannes',	2,	5,	4,	2),
(1147,	147,	'Stephani',	3,	2,	8,	2),
(1148,	148,	'Etta',	1,	4,	5,	2),
(1149,	149,	'Kippie',	4,	4,	6,	2),
(1150,	150,	'Idaline',	10,	6,	8,	2),
(1151,	151,	'Jammie',	3,	2,	6,	2),
(1152,	152,	'Emera',	8,	2,	3,	2),
(1153,	153,	'Lorilee',	8,	2,	8,	2),
(1154,	154,	'Rasla',	4,	4,	1,	2),
(1155,	155,	'Celeste',	2,	1,	7,	2),
(1156,	156,	'Marcile',	3,	3,	8,	2),
(1157,	157,	'Norean',	1,	4,	2,	2),
(1158,	158,	'Barrie',	10,	1,	1,	2),
(1159,	159,	'Beatrice',	9,	2,	1,	2),
(1160,	160,	'Tricia',	8,	4,	2,	2),
(1161,	161,	'Charlene',	3,	3,	7,	2),
(1162,	162,	'Dorothea',	9,	5,	1,	2),
(1163,	163,	'Ilyse',	7,	5,	2,	2),
(1164,	164,	'Cristie',	2,	7,	8,	2),
(1165,	165,	'Katharine',	9,	7,	5,	2),
(1166,	166,	'Edwina',	1,	3,	1,	2),
(1167,	167,	'Kynthia',	10,	1,	4,	2),
(1168,	168,	'Lena',	9,	7,	7,	2),
(1169,	169,	'Sammy',	1,	5,	1,	2),
(1170,	170,	'Giorgia',	2,	4,	1,	2),
(1171,	171,	'Leeann',	8,	1,	1,	2),
(1172,	172,	'Jacki',	5,	3,	2,	2),
(1173,	173,	'Georgina',	10,	1,	1,	2),
(1174,	174,	'Gwyn',	6,	5,	8,	2),
(1175,	175,	'Agathe',	10,	4,	3,	2),
(1176,	176,	'Colly',	9,	3,	3,	2),
(1177,	177,	'Andy',	1,	5,	7,	2),
(1178,	178,	'Orly',	7,	2,	8,	2),
(1179,	179,	'Karee',	5,	3,	4,	2),
(1180,	180,	'Josey',	10,	4,	1,	2),
(1181,	181,	'Adiana',	3,	1,	8,	2),
(1182,	182,	'Elita',	8,	5,	2,	2),
(1183,	183,	'Paola',	1,	5,	8,	2),
(1184,	184,	'Lindsay',	3,	6,	3,	2),
(1185,	185,	'Kyle',	4,	3,	4,	2),
(1186,	186,	'Edna',	2,	3,	4,	2),
(1187,	187,	'Jacquetta',	6,	6,	5,	2),
(1188,	188,	'Wenda',	5,	1,	7,	2),
(1189,	189,	'Valerie',	10,	1,	3,	2),
(1190,	190,	'Myrtice',	4,	6,	6,	2),
(1191,	191,	'Harriot',	5,	5,	5,	2),
(1192,	192,	'Aeriela',	5,	4,	5,	2),
(1193,	193,	'Jena',	1,	5,	1,	2),
(1194,	194,	'Gracie',	7,	7,	6,	2),
(1195,	195,	'Fey',	10,	1,	4,	2),
(1196,	196,	'Aleece',	8,	1,	4,	2),
(1197,	197,	'Rachel',	3,	7,	2,	2),
(1198,	198,	'Jenelle',	4,	5,	4,	2),
(1199,	199,	'Josey',	1,	1,	3,	2),
(1200,	200,	'Diahann',	10,	2,	6,	2),
(1201,	201,	'Heda',	7,	7,	5,	2),
(1202,	202,	'Phaedra',	7,	3,	3,	2),
(1203,	203,	'Kora',	5,	6,	4,	2),
(1204,	204,	'Ebba',	5,	2,	3,	2),
(1205,	205,	'Glynis',	1,	2,	6,	2),
(1206,	206,	'Edithe',	1,	7,	5,	2),
(1207,	207,	'Roxanna',	6,	5,	5,	2),
(1208,	208,	'Maighdiln',	9,	1,	4,	2),
(1209,	209,	'Stoddard',	2,	6,	5,	2),
(1210,	210,	'Lexy',	1,	1,	7,	2),
(1211,	211,	'Xaviera',	9,	2,	4,	2),
(1212,	212,	'Pierrette',	7,	5,	1,	2),
(1213,	213,	'Joice',	9,	1,	3,	2),
(1214,	214,	'Latisha',	8,	1,	1,	2),
(1215,	215,	'Tandie',	1,	6,	1,	2),
(1216,	216,	'Chelsie',	10,	6,	2,	2),
(1217,	217,	'Dorian',	8,	5,	5,	2),
(1218,	218,	'Madelon',	3,	5,	8,	2),
(1219,	219,	'Noreen',	1,	4,	6,	2),
(1220,	220,	'Leanna',	4,	6,	7,	2),
(1221,	221,	'Wilhelmina',	10,	1,	8,	2),
(1222,	222,	'Luci',	6,	5,	2,	2),
(1223,	223,	'Vivyan',	5,	7,	8,	2),
(1224,	224,	'Bethina',	3,	7,	6,	2),
(1225,	225,	'Marlena',	4,	5,	7,	2),
(1226,	226,	'Filide',	3,	3,	1,	2),
(1227,	227,	'Taryn',	4,	6,	1,	2),
(1228,	228,	'Trista',	5,	6,	4,	2),
(1229,	229,	'Janith',	6,	5,	3,	2),
(1230,	230,	'Lisha',	3,	5,	3,	2),
(1231,	231,	'Liv',	9,	5,	4,	2),
(1232,	232,	'Dena',	7,	1,	3,	2),
(1233,	233,	'Roselle',	3,	6,	4,	2),
(1234,	234,	'Juline',	7,	1,	2,	2),
(1235,	235,	'Adey',	7,	7,	6,	2),
(1236,	236,	'Nolana',	4,	1,	2,	2),
(1237,	237,	'Starr',	8,	5,	2,	2),
(1238,	238,	'Pier',	2,	5,	7,	2),
(1239,	239,	'Selena',	2,	6,	6,	2),
(1240,	240,	'Idette',	1,	5,	7,	2),
(1241,	241,	'Mamie',	10,	3,	5,	2),
(1242,	242,	'Kristyn',	6,	3,	4,	2),
(1243,	243,	'Emeline',	3,	4,	6,	2),
(1244,	244,	'Rosana',	10,	3,	2,	2),
(1245,	245,	'Golda',	9,	3,	5,	2),
(1246,	246,	'Dyanne',	2,	2,	8,	2),
(1247,	247,	'Paula',	6,	3,	3,	2),
(1248,	248,	'Carol',	2,	7,	4,	2),
(1249,	249,	'Judie',	2,	1,	2,	2),
(1250,	250,	'Mada',	7,	3,	1,	2),
(1251,	251,	'Tedda',	1,	1,	3,	2),
(1252,	252,	'Philipa',	5,	7,	2,	2),
(1253,	253,	'Leann',	5,	7,	8,	2),
(1254,	254,	'Phelia',	7,	6,	3,	2),
(1255,	255,	'Edita',	6,	2,	3,	2),
(1256,	256,	'Miranda',	6,	3,	3,	2),
(1257,	257,	'Anthea',	3,	1,	2,	2),
(1258,	258,	'Kaleena',	9,	4,	2,	2),
(1259,	259,	'Neda',	10,	5,	5,	2),
(1260,	260,	'Maxy',	5,	1,	8,	2),
(1261,	261,	'Lani',	2,	6,	8,	2),
(1262,	262,	'Kaitlin',	5,	1,	3,	2),
(1263,	263,	'Dorothy',	6,	7,	1,	2),
(1264,	264,	'Briana',	10,	7,	5,	2),
(1265,	265,	'Adele',	4,	1,	2,	2),
(1266,	266,	'Anastassia',	9,	1,	4,	2),
(1267,	267,	'Seana',	8,	2,	2,	2),
(1268,	268,	'Kali',	1,	6,	6,	2),
(1269,	269,	'Quinn',	6,	1,	4,	2),
(1270,	270,	'Nesta',	3,	6,	8,	2),
(1271,	271,	'Charlotte',	1,	4,	6,	2),
(1272,	272,	'Ronny',	8,	6,	6,	2),
(1273,	273,	'Seline',	4,	2,	6,	2),
(1274,	274,	'Tarah',	6,	3,	3,	2),
(1275,	275,	'Marquita',	7,	4,	6,	2),
(1276,	276,	'Jo ann',	8,	7,	4,	2),
(1277,	277,	'Gerty',	9,	3,	2,	2),
(1278,	278,	'Timmy',	1,	5,	2,	2),
(1279,	279,	'Norah',	2,	5,	4,	2),
(1280,	280,	'Tanya',	9,	3,	6,	2),
(1281,	281,	'Nelia',	1,	2,	5,	2),
(1282,	282,	'Rory',	7,	2,	5,	2),
(1283,	283,	'Cheryl',	7,	5,	1,	2),
(1284,	284,	'Daisey',	4,	1,	8,	2),
(1285,	285,	'Marian',	10,	6,	6,	2),
(1286,	286,	'Penny',	3,	4,	4,	2),
(1287,	287,	'Kalie',	2,	4,	7,	2),
(1288,	288,	'Nataline',	1,	1,	3,	2),
(1289,	289,	'Erena',	9,	4,	7,	2),
(1290,	290,	'Fredia',	6,	7,	6,	2),
(1291,	291,	'Bonnie',	3,	5,	4,	2),
(1292,	292,	'Merlina',	1,	5,	1,	2),
(1293,	293,	'Fifine',	2,	1,	1,	2),
(1294,	294,	'Maris',	6,	4,	8,	2),
(1295,	295,	'Arlie',	1,	1,	1,	2),
(1296,	296,	'Claudelle',	7,	3,	8,	2),
(1297,	297,	'Carri',	9,	2,	3,	2),
(1298,	298,	'Jewell',	5,	4,	3,	2),
(1299,	299,	'Liva',	2,	3,	6,	2),
(1300,	300,	'Leela',	6,	4,	1,	2),
(1301,	301,	'Kellina',	3,	6,	5,	2),
(1302,	302,	'Kristy',	1,	2,	1,	2),
(1303,	303,	'Lurlene',	2,	2,	3,	2),
(1304,	304,	'Kali',	6,	1,	8,	2),
(1305,	305,	'Florida',	4,	4,	3,	2),
(1306,	306,	'Lydie',	5,	1,	8,	2),
(1307,	307,	'Margie',	2,	3,	3,	2),
(1308,	308,	'Bab',	7,	4,	3,	2),
(1309,	309,	'Flore',	10,	4,	7,	2),
(1310,	310,	'Kristina',	4,	7,	3,	2),
(1311,	311,	'Veradis',	5,	4,	7,	2),
(1312,	312,	'Enriqueta',	8,	5,	8,	2),
(1313,	313,	'Merilyn',	3,	7,	4,	2),
(1314,	314,	'Karin',	6,	1,	8,	2),
(1315,	315,	'Ailee',	3,	3,	3,	2),
(1316,	316,	'Farrah',	6,	4,	6,	2),
(1317,	317,	'Chelsy',	1,	4,	7,	2),
(1318,	318,	'Myrilla',	6,	4,	2,	2),
(1319,	319,	'Jobie',	3,	6,	7,	2),
(1320,	320,	'Inger',	4,	5,	6,	2),
(1321,	321,	'Corabella',	1,	7,	1,	2),
(1322,	322,	'Rhody',	6,	4,	8,	2),
(1323,	323,	'Nadia',	8,	5,	3,	2),
(1324,	324,	'Sileas',	4,	5,	7,	2),
(1325,	325,	'Genni',	3,	3,	3,	2),
(1326,	326,	'Timmy',	10,	3,	6,	2),
(1327,	327,	'Veronica',	8,	1,	6,	2),
(1328,	328,	'Doti',	5,	6,	2,	2),
(1329,	329,	'Vikki',	7,	2,	5,	2),
(1330,	330,	'Roanna',	3,	2,	8,	2),
(1331,	331,	'Laurene',	10,	7,	4,	2),
(1332,	332,	'Freddi',	2,	3,	4,	2),
(1333,	333,	'Hedy',	4,	4,	8,	2),
(1334,	334,	'Jonie',	9,	1,	1,	2),
(1335,	335,	'Cordi',	9,	2,	3,	2),
(1336,	336,	'Constantia',	2,	7,	5,	2),
(1337,	337,	'Shanda',	8,	7,	6,	2),
(1338,	338,	'Selia',	6,	7,	1,	2),
(1339,	339,	'Carey',	2,	1,	6,	2),
(1340,	340,	'Cherilyn',	3,	5,	2,	2),
(1341,	341,	'Blinny',	2,	4,	6,	2),
(1342,	342,	'Pollyanna',	3,	5,	1,	2),
(1343,	343,	'Fran',	7,	7,	3,	2),
(1344,	344,	'Kristy',	8,	7,	6,	2),
(1345,	345,	'Fern',	1,	7,	3,	2),
(1346,	346,	'Delora',	10,	3,	2,	2),
(1347,	347,	'Roselin',	2,	7,	6,	2),
(1348,	348,	'Rica',	5,	2,	1,	2),
(1349,	349,	'Erma',	2,	5,	7,	2),
(1350,	350,	'Corrie',	10,	6,	5,	2),
(1351,	351,	'Nari',	4,	3,	5,	2),
(1352,	352,	'Cloe',	6,	2,	1,	2),
(1353,	353,	'Ronna',	2,	1,	6,	2),
(1354,	354,	'Correna',	6,	3,	6,	2),
(1355,	355,	'Barbabra',	4,	5,	5,	2),
(1356,	356,	'Ranee',	6,	4,	5,	2),
(1357,	357,	'Pooh',	5,	1,	2,	2),
(1358,	358,	'Corine',	7,	7,	7,	2),
(1359,	359,	'Jillene',	8,	3,	5,	2),
(1360,	360,	'Nanci',	3,	4,	4,	2),
(1361,	361,	'Gerda',	9,	3,	8,	2),
(1362,	362,	'Teresita',	4,	1,	5,	2),
(1363,	363,	'Lianna',	9,	6,	4,	2),
(1364,	364,	'Joice',	10,	3,	3,	2),
(1365,	365,	'Mercy',	1,	4,	7,	2),
(1366,	366,	'Prisca',	8,	6,	2,	2),
(1367,	367,	'Korry',	8,	5,	6,	2),
(1368,	368,	'Lanna',	1,	5,	2,	2),
(1369,	369,	'Jeniffer',	3,	4,	6,	2),
(1370,	370,	'Florance',	10,	4,	1,	2),
(1371,	371,	'Deanne',	8,	5,	3,	2),
(1372,	372,	'Robinett',	7,	4,	3,	2),
(1373,	373,	'Gwenny',	7,	5,	6,	2),
(1374,	374,	'Matilde',	1,	2,	8,	2),
(1375,	375,	'Susannah',	1,	1,	3,	2),
(1376,	376,	'Sacha',	5,	1,	2,	2),
(1377,	377,	'Clarisse',	8,	1,	3,	2),
(1378,	378,	'Agata',	3,	5,	6,	2),
(1379,	379,	'Nixie',	1,	7,	3,	2),
(1380,	380,	'Elonore',	1,	3,	6,	2),
(1381,	381,	'Janette',	1,	4,	7,	2),
(1382,	382,	'Anthia',	5,	3,	4,	2),
(1383,	383,	'Doria',	5,	3,	6,	2),
(1384,	384,	'Gustie',	1,	7,	5,	2),
(1385,	385,	'Georgeanne',	6,	1,	8,	2),
(1386,	386,	'Ag',	4,	4,	2,	2),
(1387,	387,	'Leonanie',	6,	1,	1,	2),
(1388,	388,	'Jocelin',	8,	4,	1,	2),
(1389,	389,	'Fredra',	10,	4,	3,	2),
(1390,	390,	'Caressa',	7,	6,	2,	2),
(1391,	391,	'Fulvia',	7,	6,	2,	2),
(1392,	392,	'Eleen',	3,	4,	3,	2),
(1393,	393,	'Papagena',	9,	3,	6,	2),
(1394,	394,	'Sheba',	7,	1,	1,	2),
(1395,	395,	'Elana',	5,	6,	5,	2),
(1396,	396,	'Caralie',	9,	6,	1,	2),
(1397,	397,	'Joscelin',	3,	3,	4,	2),
(1398,	398,	'Krissie',	6,	1,	4,	2),
(1399,	399,	'Genna',	3,	5,	1,	2),
(1400,	400,	'Fiann',	3,	1,	2,	2),
(1401,	401,	'Zena',	7,	7,	1,	2),
(1402,	402,	'Phillida',	1,	6,	5,	2),
(1403,	403,	'Elfrida',	9,	7,	6,	2),
(1404,	404,	'Tasia',	8,	2,	2,	2),
(1405,	405,	'Janis',	1,	5,	1,	2),
(1406,	406,	'Tuesday',	4,	3,	6,	2),
(1407,	407,	'Lizabeth',	9,	4,	5,	2),
(1408,	408,	'Gae',	7,	7,	7,	2),
(1409,	409,	'Avivah',	5,	1,	8,	2),
(1410,	410,	'Rhodia',	1,	2,	4,	2),
(1411,	411,	'Demetris',	9,	7,	8,	2),
(1412,	412,	'Holli',	9,	3,	2,	2),
(1413,	413,	'Marieann',	1,	3,	5,	2),
(1414,	414,	'Dacie',	4,	1,	7,	2),
(1415,	415,	'Jennica',	1,	2,	5,	2),
(1416,	416,	'Leonelle',	3,	2,	1,	2),
(1417,	417,	'Emlynn',	1,	5,	7,	2),
(1418,	418,	'Maridel',	1,	4,	2,	2),
(1419,	419,	'Sammy',	5,	7,	1,	2),
(1420,	420,	'Mair',	7,	1,	3,	2),
(1421,	421,	'Annetta',	3,	1,	2,	2),
(1422,	422,	'Harmony',	7,	5,	1,	2),
(1423,	423,	'Carlotta',	2,	2,	6,	2),
(1424,	424,	'Irma',	6,	3,	8,	2),
(1425,	425,	'Dorice',	10,	5,	7,	2),
(1426,	426,	'Lorettalorna',	3,	3,	7,	2),
(1427,	427,	'Shauna',	4,	7,	4,	2),
(1428,	428,	'Maryl',	5,	6,	2,	2),
(1429,	429,	'Taffy',	7,	5,	8,	2),
(1430,	430,	'Ardisj',	10,	5,	6,	2),
(1431,	431,	'Kore',	10,	5,	2,	2),
(1432,	432,	'Lorrie',	2,	3,	4,	2),
(1433,	433,	'Jori',	7,	5,	2,	2),
(1434,	434,	'Jolene',	6,	3,	4,	2),
(1435,	435,	'Nissa',	9,	7,	2,	2),
(1436,	436,	'Magdalen',	6,	2,	8,	2),
(1437,	437,	'Kathrine',	10,	3,	8,	2),
(1438,	438,	'Eveline',	8,	1,	6,	2),
(1439,	439,	'Claudine',	5,	6,	1,	2),
(1440,	440,	'Shandra',	7,	1,	6,	2),
(1441,	441,	'Chandal',	3,	5,	3,	2),
(1442,	442,	'Zabrina',	4,	4,	3,	2),
(1443,	443,	'Shandeigh',	4,	2,	4,	2),
(1444,	444,	'Sadella',	7,	7,	6,	2),
(1445,	445,	'Jillie',	1,	2,	5,	2),
(1446,	446,	'Ebba',	5,	7,	7,	2),
(1447,	447,	'Chantal',	4,	7,	5,	2),
(1448,	448,	'Lonnie',	8,	7,	2,	2),
(1449,	449,	'Alix',	3,	1,	4,	2),
(1450,	450,	'Joceline',	5,	3,	5,	2),
(1451,	451,	'Odessa',	2,	7,	6,	2),
(1452,	452,	'Ashil',	7,	5,	4,	2),
(1453,	453,	'Batsheva',	7,	4,	4,	2),
(1454,	454,	'Paulina',	2,	1,	3,	2),
(1455,	455,	'Millicent',	6,	4,	4,	2),
(1456,	456,	'Emelina',	6,	5,	5,	2),
(1457,	457,	'Roselia',	9,	6,	3,	2),
(1458,	458,	'Thelma',	1,	6,	4,	2),
(1459,	459,	'Linea',	6,	5,	4,	2),
(1460,	460,	'Kendra',	9,	7,	1,	2),
(1461,	461,	'Maurine',	2,	7,	1,	2),
(1462,	462,	'Stephanie',	10,	2,	4,	2),
(1463,	463,	'Chrystal',	3,	2,	7,	2),
(1464,	464,	'Astra',	10,	4,	6,	2),
(1465,	465,	'Clari',	5,	5,	7,	2),
(1466,	466,	'Cloris',	7,	4,	1,	2),
(1467,	467,	'Liz',	3,	3,	3,	2),
(1468,	468,	'Pandora',	7,	5,	3,	2),
(1469,	469,	'Lorilee',	4,	1,	5,	2),
(1470,	470,	'Suzette',	2,	4,	5,	2),
(1471,	471,	'Tallou',	10,	6,	3,	2),
(1472,	472,	'Merna',	1,	5,	3,	2),
(1473,	473,	'Wendeline',	3,	6,	3,	2),
(1474,	474,	'Janel',	1,	5,	3,	2),
(1475,	475,	'Rebekkah',	9,	2,	3,	2),
(1476,	476,	'Robin',	5,	7,	5,	2),
(1477,	477,	'Bernadette',	7,	6,	3,	2),
(1478,	478,	'Enrichetta',	3,	7,	4,	2),
(1479,	479,	'Cherlyn',	2,	6,	1,	2),
(1480,	480,	'Roda',	8,	6,	3,	2),
(1481,	481,	'Celestyn',	1,	5,	4,	2),
(1482,	482,	'Blisse',	4,	7,	6,	2),
(1483,	483,	'Jordana',	8,	2,	5,	2),
(1484,	484,	'Karlie',	3,	7,	5,	2),
(1485,	485,	'Josephine',	6,	4,	1,	2),
(1486,	486,	'Eleanora',	3,	4,	8,	2),
(1487,	487,	'Jacquelyn',	4,	1,	6,	2),
(1488,	488,	'Dona',	10,	6,	8,	2),
(1489,	489,	'Valentine',	6,	3,	6,	2),
(1490,	490,	'Letty',	5,	3,	3,	2),
(1491,	491,	'Linea',	10,	3,	3,	2),
(1492,	492,	'Merna',	4,	4,	6,	2),
(1493,	493,	'Margaret',	8,	5,	4,	2),
(1494,	494,	'Corilla',	8,	3,	6,	2),
(1495,	495,	'Clementia',	2,	7,	6,	2),
(1496,	496,	'Candie',	7,	3,	4,	2),
(1497,	497,	'Cynthy',	1,	7,	3,	2),
(1498,	498,	'Ondrea',	7,	4,	5,	2),
(1499,	499,	'Tova',	3,	2,	1,	2),
(1500,	500,	'Michele',	4,	1,	6,	2),
(1501,	501,	'Ulrike',	9,	2,	2,	2),
(1502,	502,	'Adan',	1,	4,	7,	2),
(1503,	503,	'Reeba',	3,	7,	1,	2),
(1504,	504,	'Randi',	5,	2,	2,	2),
(1505,	505,	'Theressa',	8,	3,	7,	2),
(1506,	506,	'Rosanna',	2,	4,	8,	2),
(1507,	507,	'Danice',	7,	7,	1,	2),
(1508,	508,	'Silvia',	10,	2,	4,	2),
(1509,	509,	'Lavena',	3,	5,	4,	2),
(1510,	510,	'Elle',	8,	5,	7,	2),
(1511,	511,	'Blinni',	2,	3,	1,	2),
(1512,	512,	'Tammi',	9,	2,	6,	2),
(1513,	513,	'Eveline',	3,	6,	4,	2),
(1514,	514,	'Athena',	5,	4,	6,	2),
(1515,	515,	'Lesli',	8,	1,	7,	2),
(1516,	516,	'Codi',	9,	6,	4,	2),
(1517,	517,	'Silvana',	5,	2,	2,	2),
(1518,	518,	'Kimbra',	7,	5,	5,	2),
(1519,	519,	'Dyan',	3,	4,	1,	2),
(1520,	520,	'Magda',	5,	2,	8,	2),
(1521,	521,	'Rosemary',	9,	4,	4,	2),
(1522,	522,	'Vivie',	7,	4,	2,	2),
(1523,	523,	'Fianna',	10,	2,	7,	2),
(1524,	524,	'Rosalinde',	3,	4,	3,	2),
(1525,	525,	'Elsbeth',	9,	3,	4,	2),
(1526,	526,	'Fredericka',	8,	1,	4,	2),
(1527,	527,	'Candida',	10,	7,	6,	2),
(1528,	528,	'Terri-jo',	10,	4,	8,	2),
(1529,	529,	'Berny',	4,	3,	3,	2),
(1530,	530,	'Regina',	6,	3,	6,	2),
(1531,	531,	'Mathilde',	8,	3,	7,	2),
(1532,	532,	'Sari',	4,	6,	2,	2),
(1533,	533,	'Kasey',	4,	6,	4,	2),
(1534,	534,	'Seka',	7,	6,	2,	2),
(1535,	535,	'Katuscha',	4,	7,	3,	2),
(1536,	536,	'Jemimah',	2,	5,	7,	2),
(1537,	537,	'Caterina',	3,	5,	7,	2),
(1538,	538,	'Jaclin',	7,	1,	2,	2),
(1539,	539,	'Leodora',	8,	5,	5,	2),
(1540,	540,	'Gusella',	2,	6,	5,	2),
(1541,	541,	'Felipa',	7,	2,	1,	2),
(1542,	542,	'Julie',	8,	5,	2,	2),
(1543,	543,	'Angelica',	2,	7,	1,	2),
(1544,	544,	'Diannne',	5,	7,	4,	2),
(1545,	545,	'Marget',	4,	5,	4,	2),
(1546,	546,	'Caryn',	3,	3,	2,	2),
(1547,	547,	'Toni',	6,	4,	2,	2),
(1548,	548,	'Wylma',	5,	2,	7,	2),
(1549,	549,	'Gwenore',	6,	6,	6,	2),
(1550,	550,	'Sonni',	5,	2,	4,	2),
(1551,	551,	'Chantalle',	4,	2,	7,	2),
(1552,	552,	'Lanni',	1,	5,	7,	2),
(1553,	553,	'Damara',	10,	1,	8,	2),
(1554,	554,	'Bonnie',	1,	6,	3,	2),
(1555,	555,	'Allene',	1,	6,	8,	2),
(1556,	556,	'Corie',	1,	7,	1,	2),
(1557,	557,	'Addie',	2,	2,	5,	2),
(1558,	558,	'Jeana',	7,	2,	8,	2),
(1559,	559,	'Corrianne',	5,	6,	5,	2),
(1560,	560,	'Rey',	2,	5,	4,	2),
(1561,	561,	'Melisse',	6,	6,	6,	2),
(1562,	562,	'Cassandre',	8,	2,	3,	2),
(1563,	563,	'Kassi',	3,	2,	3,	2),
(1564,	564,	'Bellanca',	2,	2,	3,	2),
(1565,	565,	'Judith',	2,	1,	7,	2),
(1566,	566,	'Stephanie',	3,	4,	3,	2),
(1567,	567,	'Kris',	8,	4,	6,	2),
(1568,	568,	'Jilli',	1,	7,	7,	2),
(1569,	569,	'Tana',	1,	6,	7,	2),
(1570,	570,	'Papagena',	8,	7,	1,	2),
(1571,	571,	'Amalita',	7,	7,	8,	2),
(1572,	572,	'Jobye',	10,	6,	2,	2),
(1573,	573,	'Arleen',	8,	7,	3,	2),
(1574,	574,	'Codi',	10,	1,	7,	2),
(1575,	575,	'Danila',	1,	3,	6,	2),
(1576,	576,	'Babbie',	10,	6,	3,	2),
(1577,	577,	'Tonia',	1,	2,	6,	2),
(1578,	578,	'Marissa',	9,	7,	6,	2),
(1579,	579,	'May',	7,	4,	1,	2),
(1580,	580,	'Sophey',	6,	1,	3,	2),
(1581,	581,	'Lynea',	10,	4,	2,	2),
(1582,	582,	'Mildred',	6,	7,	4,	2),
(1583,	583,	'Valeda',	1,	4,	3,	2),
(1584,	584,	'Sharia',	10,	3,	6,	2),
(1585,	585,	'Lyndell',	8,	2,	6,	2),
(1586,	586,	'Merrilee',	2,	7,	7,	2),
(1587,	587,	'Christine',	4,	5,	4,	2),
(1588,	588,	'Trula',	7,	2,	6,	2),
(1589,	589,	'Jill',	10,	5,	7,	2),
(1590,	590,	'Roby',	9,	3,	4,	2),
(1591,	591,	'Shirlene',	5,	6,	6,	2),
(1592,	592,	'Madalena',	10,	6,	5,	2),
(1593,	593,	'Layla',	6,	5,	2,	2),
(1594,	594,	'Mignon',	9,	5,	4,	2),
(1595,	595,	'Michele',	6,	3,	8,	2),
(1596,	596,	'Sammy',	2,	6,	4,	2),
(1597,	597,	'Joycelin',	5,	2,	2,	2),
(1598,	598,	'Katine',	2,	6,	4,	2),
(1599,	599,	'Neala',	9,	3,	1,	2),
(1600,	600,	'Charil',	8,	7,	3,	2),
(1601,	601,	'Daniela',	7,	3,	2,	2),
(1602,	602,	'Jacquelynn',	5,	5,	5,	2),
(1603,	603,	'Rosalind',	1,	3,	5,	2),
(1604,	604,	'Cynthie',	9,	4,	5,	2),
(1605,	605,	'Natalya',	5,	6,	4,	2),
(1606,	606,	'Lusa',	8,	6,	1,	2),
(1607,	607,	'Shanon',	7,	1,	7,	2),
(1608,	608,	'Mellicent',	6,	3,	6,	2),
(1609,	609,	'Daria',	1,	1,	3,	2),
(1610,	610,	'Tessy',	2,	1,	6,	2),
(1611,	611,	'Margaret',	7,	2,	2,	2),
(1612,	612,	'Daisey',	3,	5,	8,	2),
(1613,	613,	'Charity',	7,	1,	3,	2),
(1614,	614,	'Shawn',	2,	2,	5,	2),
(1615,	615,	'Nance',	6,	2,	7,	2),
(1616,	616,	'Pattie',	5,	5,	5,	2),
(1617,	617,	'Nerte',	3,	1,	5,	2),
(1618,	618,	'Kathryne',	8,	3,	4,	2),
(1619,	619,	'Winnifred',	3,	3,	2,	2),
(1620,	620,	'Ruthi',	1,	3,	7,	2),
(1621,	621,	'Hilliary',	4,	6,	2,	2),
(1622,	622,	'Elianora',	9,	6,	8,	2),
(1623,	623,	'Kissie',	10,	7,	6,	2),
(1624,	624,	'Vania',	4,	7,	1,	2),
(1625,	625,	'Dulcia',	3,	4,	4,	2),
(1626,	626,	'Maia',	10,	2,	2,	2),
(1627,	627,	'Milissent',	9,	1,	6,	2),
(1628,	628,	'Catharine',	9,	4,	3,	2),
(1629,	629,	'Alexia',	10,	5,	8,	2),
(1630,	630,	'Shana',	8,	1,	2,	2),
(1631,	631,	'Allianora',	6,	1,	1,	2),
(1632,	632,	'Karil',	6,	7,	5,	2),
(1633,	633,	'Guendolen',	10,	1,	2,	2),
(1634,	634,	'Constance',	4,	2,	6,	2),
(1635,	635,	'Quinn',	3,	3,	5,	2),
(1636,	636,	'Whitney',	1,	1,	5,	2),
(1637,	637,	'Nerta',	7,	1,	4,	2),
(1638,	638,	'Nadeen',	8,	3,	7,	2),
(1639,	639,	'Lacie',	4,	2,	1,	2),
(1640,	640,	'Hyacinthia',	3,	1,	4,	2),
(1641,	641,	'Elberta',	9,	6,	1,	2),
(1642,	642,	'Eustacia',	2,	1,	4,	2),
(1643,	643,	'Darci',	10,	6,	8,	2),
(1644,	644,	'Josepha',	8,	7,	5,	2),
(1645,	645,	'Kary',	6,	6,	2,	2),
(1646,	646,	'Faye',	5,	1,	5,	2),
(1647,	647,	'Shoshana',	4,	7,	3,	2),
(1648,	648,	'Lonni',	8,	1,	5,	2),
(1649,	649,	'Serena',	10,	3,	3,	2),
(1650,	650,	'Lauretta',	9,	7,	5,	2),
(1651,	651,	'Sibel',	6,	2,	6,	2),
(1652,	652,	'Jasmine',	7,	6,	6,	2),
(1653,	653,	'Nadya',	8,	5,	8,	2),
(1654,	654,	'Marillin',	6,	2,	1,	2),
(1655,	655,	'Conchita',	10,	3,	8,	2),
(1656,	656,	'Augustine',	7,	4,	1,	2),
(1657,	657,	'Gerry',	7,	2,	7,	2),
(1658,	658,	'Kathi',	5,	4,	8,	2),
(1659,	659,	'Pia',	9,	1,	6,	2),
(1660,	660,	'Ertha',	7,	7,	5,	2),
(1661,	661,	'Zorah',	3,	1,	3,	2),
(1662,	662,	'Salaidh',	6,	4,	1,	2),
(1663,	663,	'Shayne',	5,	4,	5,	2),
(1664,	664,	'Thekla',	9,	7,	7,	2),
(1665,	665,	'Birgitta',	3,	5,	6,	2),
(1666,	666,	'Emalia',	10,	6,	6,	2),
(1667,	667,	'Glennis',	6,	6,	3,	2),
(1668,	668,	'Guendolen',	4,	7,	2,	2),
(1669,	669,	'Dottie',	2,	6,	4,	2),
(1670,	670,	'Angele',	7,	5,	4,	2),
(1671,	671,	'Zola',	9,	5,	5,	2),
(1672,	672,	'Shalna',	2,	3,	6,	2),
(1673,	673,	'Sindee',	9,	5,	8,	2),
(1674,	674,	'Amy',	8,	1,	5,	2),
(1675,	675,	'Thelma',	9,	6,	7,	2),
(1676,	676,	'Brandice',	2,	4,	1,	2),
(1677,	677,	'Jessica',	2,	1,	6,	2),
(1678,	678,	'Zelda',	5,	3,	4,	2),
(1679,	679,	'Felecia',	3,	6,	6,	2),
(1680,	680,	'Wenonah',	9,	1,	2,	2),
(1681,	681,	'Sasha',	3,	6,	6,	2),
(1682,	682,	'Nerita',	2,	7,	4,	2),
(1683,	683,	'Marlo',	7,	3,	7,	2),
(1684,	684,	'Sophia',	2,	7,	6,	2),
(1685,	685,	'Shanon',	1,	6,	3,	2),
(1686,	686,	'Marja',	10,	4,	6,	2),
(1687,	687,	'Willyt',	4,	1,	7,	2),
(1688,	688,	'Maddalena',	9,	5,	1,	2),
(1689,	689,	'Suzie',	9,	3,	7,	2),
(1690,	690,	'Regina',	10,	2,	6,	2),
(1691,	691,	'Karil',	8,	3,	2,	2),
(1692,	692,	'Nisse',	10,	3,	8,	2),
(1693,	693,	'Rodie',	8,	4,	3,	2),
(1694,	694,	'Pansie',	5,	6,	1,	2),
(1695,	695,	'Debor',	4,	4,	3,	2),
(1696,	696,	'Bobbette',	7,	6,	2,	2),
(1697,	697,	'Pamelina',	6,	3,	1,	2),
(1698,	698,	'Clea',	6,	3,	5,	2),
(1699,	699,	'Doretta',	10,	2,	6,	2),
(1700,	700,	'Madlen',	1,	3,	7,	2),
(1701,	701,	'Emelina',	2,	3,	4,	2),
(1702,	702,	'Pavia',	9,	3,	5,	2),
(1703,	703,	'Rosanna',	8,	1,	7,	2),
(1704,	704,	'Zarah',	8,	3,	7,	2),
(1705,	705,	'Tatiania',	5,	7,	6,	2),
(1706,	706,	'Latisha',	1,	1,	1,	2),
(1707,	707,	'Cherin',	7,	4,	1,	2),
(1708,	708,	'Debera',	10,	1,	4,	2),
(1709,	709,	'Gwyneth',	3,	7,	8,	2),
(1710,	710,	'Marge',	5,	5,	6,	2),
(1711,	711,	'Terra',	10,	2,	1,	2),
(1712,	712,	'Hettie',	3,	1,	7,	2),
(1713,	713,	'Marlene',	10,	2,	3,	2),
(1714,	714,	'Guenna',	5,	4,	7,	2),
(1715,	715,	'Cissiee',	7,	2,	1,	2),
(1716,	716,	'Aubry',	1,	7,	4,	2),
(1717,	717,	'Kate',	3,	1,	4,	2),
(1718,	718,	'Kelsi',	8,	5,	7,	2),
(1719,	719,	'Georgianne',	7,	1,	7,	2),
(1720,	720,	'Mel',	2,	5,	5,	2),
(1721,	721,	'Nerte',	5,	4,	6,	2),
(1722,	722,	'Blithe',	4,	2,	4,	2),
(1723,	723,	'Auberta',	8,	3,	3,	2),
(1724,	724,	'Gaynor',	3,	2,	1,	2),
(1725,	725,	'Ursuline',	3,	4,	3,	2),
(1726,	726,	'Lib',	10,	5,	5,	2),
(1727,	727,	'Berrie',	2,	6,	5,	2),
(1728,	728,	'Nicolette',	6,	7,	8,	2),
(1729,	729,	'Carole',	2,	5,	2,	2),
(1730,	730,	'Almeta',	3,	2,	3,	2),
(1731,	731,	'Sybille',	8,	4,	6,	2),
(1732,	732,	'Rozalie',	10,	4,	8,	2),
(1733,	733,	'Mabelle',	1,	1,	8,	2),
(1734,	734,	'Riva',	7,	5,	7,	2),
(1735,	735,	'Ame',	6,	7,	4,	2),
(1736,	736,	'Maxine',	3,	6,	7,	2),
(1737,	737,	'Leda',	10,	3,	5,	2),
(1738,	738,	'Shoshanna',	4,	2,	2,	2),
(1739,	739,	'Linn',	2,	2,	7,	2),
(1740,	740,	'Galina',	9,	4,	1,	2),
(1741,	741,	'Jennilee',	6,	7,	6,	2),
(1742,	742,	'Joleen',	5,	5,	8,	2),
(1743,	743,	'Amara',	1,	7,	6,	2),
(1744,	744,	'Jannelle',	5,	6,	3,	2),
(1745,	745,	'Elisha',	1,	3,	4,	2),
(1746,	746,	'Gerhardine',	10,	4,	5,	2),
(1747,	747,	'Roberta',	9,	2,	6,	2),
(1748,	748,	'Regan',	8,	7,	8,	2),
(1749,	749,	'Julissa',	9,	5,	5,	2),
(1750,	750,	'Jacklin',	6,	3,	6,	2),
(1751,	751,	'Micki',	3,	2,	2,	2),
(1752,	752,	'Dianna',	10,	5,	7,	2),
(1753,	753,	'Carmela',	5,	6,	1,	2),
(1754,	754,	'Kriste',	1,	1,	8,	2),
(1755,	755,	'Kathryne',	1,	7,	2,	2),
(1756,	756,	'Shane',	10,	5,	7,	2),
(1757,	757,	'Livvie',	3,	4,	5,	2),
(1758,	758,	'Daron',	1,	1,	2,	2),
(1759,	759,	'Coraline',	1,	1,	2,	2),
(1760,	760,	'Vivianne',	4,	1,	1,	2),
(1761,	761,	'Bethany',	6,	2,	2,	2),
(1762,	762,	'Dorine',	6,	3,	6,	2),
(1763,	763,	'Sandra',	2,	5,	7,	2),
(1764,	764,	'Kelci',	9,	2,	4,	2),
(1765,	765,	'Gigi',	10,	2,	5,	2),
(1766,	766,	'Deina',	9,	1,	4,	2),
(1767,	767,	'Eleanora',	1,	2,	8,	2),
(1768,	768,	'Jori',	7,	7,	2,	2),
(1769,	769,	'Terrijo',	4,	4,	1,	2),
(1770,	770,	'Sarette',	7,	4,	2,	2),
(1771,	771,	'Grethel',	4,	3,	8,	2),
(1772,	772,	'Eudora',	8,	4,	5,	2),
(1773,	773,	'Kali',	6,	5,	8,	2),
(1774,	774,	'Hedwiga',	1,	2,	5,	2),
(1775,	775,	'Bethany',	7,	1,	2,	2),
(1776,	776,	'Dorrie',	9,	4,	8,	2),
(1777,	777,	'Katinka',	4,	7,	4,	2),
(1778,	778,	'Louella',	2,	6,	3,	2),
(1779,	779,	'Norry',	4,	6,	1,	2),
(1780,	780,	'Dory',	10,	3,	2,	2),
(1781,	781,	'Annaliese',	8,	5,	3,	2),
(1782,	782,	'Ferne',	6,	2,	3,	2),
(1783,	783,	'Amber',	2,	6,	1,	2),
(1784,	784,	'Inga',	8,	4,	2,	2),
(1785,	785,	'Wilmette',	1,	1,	6,	2),
(1786,	786,	'Annamarie',	3,	4,	8,	2),
(1787,	787,	'Raquel',	4,	4,	1,	2),
(1788,	788,	'Druci',	9,	4,	2,	2),
(1789,	789,	'Masha',	9,	3,	4,	2),
(1790,	790,	'Calypso',	2,	2,	5,	2),
(1791,	791,	'Rosamond',	10,	2,	3,	2),
(1792,	792,	'Tressa',	9,	6,	6,	2),
(1793,	793,	'Valenka',	7,	6,	8,	2),
(1794,	794,	'Jenn',	5,	1,	4,	2),
(1795,	795,	'Euphemia',	6,	2,	8,	2),
(1796,	796,	'Lacey',	5,	2,	4,	2),
(1797,	797,	'Cristy',	7,	3,	8,	2),
(1798,	798,	'Mercedes',	2,	2,	2,	2),
(1799,	799,	'Christin',	1,	1,	5,	2),
(1800,	800,	'Fredericka',	3,	4,	1,	2),
(1801,	801,	'Anthia',	1,	7,	5,	2),
(1802,	802,	'Clarita',	6,	1,	6,	2),
(1803,	803,	'Rodie',	4,	5,	1,	2),
(1804,	804,	'Ortensia',	10,	7,	2,	2),
(1805,	805,	'Brinna',	3,	4,	3,	2),
(1806,	806,	'Ianthe',	4,	2,	4,	2),
(1807,	807,	'Dido',	1,	4,	2,	2),
(1808,	808,	'Felipa',	1,	2,	4,	2),
(1809,	809,	'Fay',	5,	2,	3,	2),
(1810,	810,	'Claribel',	9,	3,	6,	2),
(1811,	811,	'Blithe',	1,	5,	7,	2),
(1812,	812,	'Rachelle',	8,	1,	2,	2),
(1813,	813,	'Herta',	5,	7,	8,	2),
(1814,	814,	'Ema',	10,	1,	2,	2),
(1815,	815,	'Ki',	3,	2,	3,	2),
(1816,	816,	'Carry',	7,	3,	4,	2),
(1817,	817,	'Addia',	10,	5,	4,	2),
(1818,	818,	'Karen',	6,	1,	8,	2),
(1819,	819,	'Netty',	10,	4,	3,	2),
(1820,	820,	'Atlante',	8,	7,	7,	2),
(1821,	821,	'Devi',	3,	4,	3,	2),
(1822,	822,	'Nonna',	6,	1,	3,	2),
(1823,	823,	'Milka',	9,	1,	4,	2),
(1824,	824,	'Athena',	3,	1,	5,	2),
(1825,	825,	'Gusella',	6,	1,	8,	2),
(1826,	826,	'Norine',	6,	1,	1,	2),
(1827,	827,	'Moreen',	9,	4,	2,	2),
(1828,	828,	'Krystyna',	10,	7,	8,	2),
(1829,	829,	'Nadiya',	1,	3,	4,	2),
(1830,	830,	'Cati',	4,	6,	4,	2),
(1831,	831,	'Berny',	9,	6,	4,	2),
(1832,	832,	'Charo',	7,	4,	1,	2),
(1833,	833,	'Dorena',	9,	2,	1,	2),
(1834,	834,	'Elnore',	8,	6,	3,	2),
(1835,	835,	'Brooks',	10,	2,	4,	2),
(1836,	836,	'Gilda',	2,	1,	8,	2),
(1837,	837,	'Alaine',	6,	6,	8,	2),
(1838,	838,	'Helyn',	9,	2,	1,	2),
(1839,	839,	'Jemmie',	8,	6,	4,	2),
(1840,	840,	'Ellene',	6,	6,	8,	2),
(1841,	841,	'Robby',	2,	7,	6,	2),
(1842,	842,	'Tiffie',	1,	5,	5,	2),
(1843,	843,	'Chiquita',	9,	1,	7,	2),
(1844,	844,	'Caterina',	9,	6,	4,	2),
(1845,	845,	'Bendite',	7,	2,	4,	2),
(1846,	846,	'Felisha',	1,	7,	1,	2),
(1847,	847,	'Fifi',	5,	5,	5,	2),
(1848,	848,	'Christen',	10,	2,	5,	2),
(1849,	849,	'Wenda',	10,	2,	7,	2),
(1850,	850,	'Jillian',	8,	1,	8,	2),
(1851,	851,	'Lacie',	6,	3,	4,	2),
(1852,	852,	'Rea',	1,	1,	2,	2),
(1853,	853,	'Carolina',	9,	1,	7,	2),
(1854,	854,	'Prisca',	9,	7,	1,	2),
(1855,	855,	'Ann',	6,	2,	2,	2),
(1856,	856,	'Kat',	6,	3,	6,	2),
(1857,	857,	'Jehanna',	3,	5,	3,	2),
(1858,	858,	'Sal',	6,	1,	7,	2),
(1859,	859,	'Shawnee',	3,	3,	6,	2),
(1860,	860,	'Eleen',	8,	5,	7,	2),
(1861,	861,	'Yolanda',	8,	3,	6,	2),
(1862,	862,	'Dalia',	1,	3,	8,	2),
(1863,	863,	'Gustie',	2,	2,	1,	2),
(1864,	864,	'Stefa',	7,	3,	6,	2),
(1865,	865,	'Jorey',	8,	4,	5,	2),
(1866,	866,	'Tatiania',	7,	1,	7,	2),
(1867,	867,	'Cherilyn',	6,	7,	6,	2),
(1868,	868,	'Shaun',	1,	1,	8,	2),
(1869,	869,	'Marieann',	7,	1,	3,	2),
(1870,	870,	'Chrissie',	8,	2,	1,	2),
(1871,	871,	'Noni',	9,	3,	1,	2),
(1872,	872,	'Diandra',	10,	5,	3,	2),
(1873,	873,	'Dannye',	5,	5,	5,	2),
(1874,	874,	'Rebeca',	2,	5,	7,	2),
(1875,	875,	'Lucila',	1,	4,	5,	2),
(1876,	876,	'Erminie',	2,	4,	6,	2),
(1877,	877,	'Giselle',	5,	2,	7,	2),
(1878,	878,	'Kore',	2,	4,	1,	2),
(1879,	879,	'Roxanna',	6,	7,	5,	2),
(1880,	880,	'Francyne',	7,	7,	1,	2),
(1881,	881,	'Vivie',	4,	6,	1,	2),
(1882,	882,	'Pammie',	10,	7,	7,	2),
(1883,	883,	'Carrie',	4,	3,	1,	2),
(1884,	884,	'Elinor',	9,	5,	5,	2),
(1885,	885,	'Melamie',	8,	5,	6,	2),
(1886,	886,	'Edita',	3,	1,	7,	2),
(1887,	887,	'Robinett',	3,	4,	5,	2),
(1888,	888,	'Alisa',	1,	5,	6,	2),
(1889,	889,	'Wynnie',	10,	7,	8,	2),
(1890,	890,	'Chad',	1,	3,	8,	2),
(1891,	891,	'Willa',	7,	1,	5,	2),
(1892,	892,	'Kala',	4,	3,	6,	2),
(1893,	893,	'Julia',	1,	1,	2,	2),
(1894,	894,	'Julia',	6,	4,	8,	2),
(1895,	895,	'Junia',	7,	5,	8,	2),
(1896,	896,	'Darleen',	1,	5,	2,	2),
(1897,	897,	'Cherilyn',	2,	5,	1,	2),
(1898,	898,	'Shayla',	2,	7,	2,	2),
(1899,	899,	'Cathrine',	4,	5,	8,	2),
(1900,	900,	'Clemmy',	2,	5,	5,	2),
(1901,	901,	'Fredia',	3,	3,	1,	2),
(1902,	902,	'Rebe',	3,	1,	8,	2),
(1903,	903,	'Alikee',	6,	7,	8,	2),
(1904,	904,	'Tiphani',	6,	4,	2,	2),
(1905,	905,	'Kippie',	7,	7,	7,	2),
(1906,	906,	'Alexa',	4,	6,	2,	2),
(1907,	907,	'Claudetta',	9,	7,	6,	2),
(1908,	908,	'Carly',	2,	4,	7,	2),
(1909,	909,	'Jaquith',	10,	3,	4,	2),
(1910,	910,	'Cherlyn',	3,	7,	8,	2),
(1911,	911,	'Gaynor',	8,	2,	3,	2),
(1912,	912,	'Elsi',	10,	1,	2,	2),
(1913,	913,	'Casey',	7,	7,	1,	2),
(1914,	914,	'Lezlie',	4,	7,	6,	2),
(1915,	915,	'Gypsy',	8,	1,	6,	2),
(1916,	916,	'Inga',	3,	5,	5,	2),
(1917,	917,	'Elayne',	7,	7,	3,	2),
(1918,	918,	'Tommie',	3,	6,	5,	2),
(1919,	919,	'Jesse',	4,	7,	8,	2),
(1920,	920,	'Lindsay',	8,	4,	6,	2),
(1921,	921,	'Babara',	6,	5,	3,	2),
(1922,	922,	'Selestina',	5,	7,	8,	2),
(1923,	923,	'Alaine',	8,	5,	5,	2),
(1924,	924,	'Myrtle',	3,	2,	4,	2),
(1925,	925,	'Yovonnda',	2,	7,	5,	2),
(1926,	926,	'Patricia',	9,	1,	4,	2),
(1927,	927,	'Ernesta',	3,	2,	6,	2),
(1928,	928,	'Melania',	8,	7,	7,	2),
(1929,	929,	'Melly',	4,	7,	5,	2),
(1930,	930,	'Coralyn',	10,	2,	3,	2),
(1931,	931,	'Davita',	7,	1,	4,	2),
(1932,	932,	'Opaline',	6,	2,	5,	2),
(1933,	933,	'Aviva',	5,	1,	2,	2),
(1934,	934,	'Ingaberg',	10,	4,	1,	2),
(1935,	935,	'Vitoria',	9,	5,	8,	2),
(1936,	936,	'Germain',	6,	1,	7,	2),
(1937,	937,	'Mignon',	2,	4,	8,	2),
(1938,	938,	'Shel',	8,	2,	7,	2),
(1939,	939,	'Antonia',	8,	5,	7,	2),
(1940,	940,	'Maxy',	2,	5,	7,	2),
(1941,	941,	'Pegeen',	10,	6,	4,	2),
(1942,	942,	'Jessamyn',	8,	3,	1,	2),
(1943,	943,	'Flossy',	5,	5,	2,	2),
(1944,	944,	'Cindy',	9,	2,	7,	2),
(1945,	945,	'Elysha',	4,	2,	7,	2),
(1946,	946,	'Chelsy',	9,	2,	6,	2),
(1947,	947,	'Leisha',	4,	5,	2,	2),
(1948,	948,	'Lilllie',	2,	2,	3,	2),
(1949,	949,	'Amelita',	1,	1,	7,	2),
(1950,	950,	'Alicia',	7,	1,	4,	2),
(1951,	951,	'Doloritas',	5,	2,	7,	2),
(1952,	952,	'Reba',	2,	4,	4,	2),
(1953,	953,	'Elysha',	5,	3,	5,	2),
(1954,	954,	'June',	7,	4,	8,	2),
(1955,	955,	'Danila',	7,	5,	3,	2),
(1956,	956,	'Druci',	3,	6,	3,	2),
(1957,	957,	'Klara',	2,	6,	2,	2),
(1958,	958,	'Sorcha',	4,	2,	6,	2),
(1959,	959,	'Thomasine',	10,	7,	1,	2),
(1960,	960,	'Sherie',	4,	1,	2,	2),
(1961,	961,	'Sarena',	3,	3,	4,	2),
(1962,	962,	'Andromache',	8,	6,	4,	2),
(1963,	963,	'Olivie',	7,	5,	4,	2),
(1964,	964,	'Tasha',	2,	5,	6,	2),
(1965,	965,	'Julina',	6,	1,	1,	2),
(1966,	966,	'Elana',	4,	2,	8,	2),
(1967,	967,	'Lyn',	4,	4,	6,	2),
(1968,	968,	'Cammie',	3,	7,	7,	2),
(1969,	969,	'Eolanda',	3,	1,	4,	2),
(1970,	970,	'Ronnie',	7,	6,	5,	2),
(1971,	971,	'Eolande',	5,	3,	5,	2),
(1972,	972,	'Loleta',	5,	4,	5,	2),
(1973,	973,	'Perrine',	4,	3,	7,	2),
(1974,	974,	'Randa',	2,	7,	2,	2),
(1975,	975,	'Claudelle',	9,	7,	6,	2),
(1976,	976,	'Tallie',	1,	7,	4,	2),
(1977,	977,	'Denny',	4,	7,	8,	2),
(1978,	978,	'Tera',	4,	7,	1,	2),
(1979,	979,	'Kata',	2,	3,	4,	2),
(1980,	980,	'Nikaniki',	6,	3,	1,	2),
(1981,	981,	'Betta',	9,	4,	8,	2),
(1982,	982,	'Gray',	3,	5,	3,	2),
(1983,	983,	'Farrand',	6,	2,	4,	2),
(1984,	984,	'Cassaundra',	5,	6,	5,	2),
(1985,	985,	'Karyn',	2,	4,	8,	2),
(1986,	986,	'Neala',	1,	6,	8,	2),
(1987,	987,	'Cilka',	4,	5,	6,	2),
(1988,	988,	'Marjory',	1,	4,	6,	2),
(1989,	989,	'Sile',	7,	3,	4,	2),
(1990,	990,	'Lillis',	5,	4,	5,	2),
(1991,	991,	'Anabel',	2,	2,	4,	2),
(1992,	992,	'Aveline',	1,	2,	6,	2),
(1993,	993,	'Mora',	7,	4,	1,	2),
(1994,	994,	'Mercie',	8,	7,	6,	2),
(1995,	995,	'Kary',	6,	2,	5,	2),
(1996,	996,	'Petra',	3,	5,	6,	2),
(1997,	997,	'Eula',	3,	2,	7,	2),
(1998,	998,	'Karil',	9,	3,	4,	2),
(1999,	999,	'Manda',	2,	6,	5,	2),
(2000,	1000,	'Josee',	3,	7,	3,	2);


INSERT INTO `nilai_peserta` (`id`, `peserta_id`, `mata_uji_id`, `nilai`) VALUES
(1,	1,	'bhs',	93.5943),
(2,	2,	'bhs',	492.6685),
(3,	3,	'bhs',	393.9869),
(4,	4,	'bhs',	472.9911),
(5,	5,	'bhs',	278.4645),
(6,	6,	'bhs',	838.7266),
(7,	7,	'bhs',	519.5484),
(8,	8,	'bhs',	654.4469),
(9,	9,	'bhs',	266.4916),
(10,	10,	'bhs',	346.3143),
(11,	11,	'bhs',	668.2738),
(12,	12,	'bhs',	795.9979),
(13,	13,	'bhs',	135.3973),
(14,	14,	'bhs',	924.2482),
(15,	15,	'bhs',	0.0806),
(16,	16,	'bhs',	335.6570),
(17,	17,	'bhs',	245.1044),
(18,	18,	'bhs',	179.9985),
(19,	19,	'bhs',	228.5685),
(20,	20,	'bhs',	610.6670),
(21,	21,	'bhs',	430.3319),
(22,	22,	'bhs',	51.2283),
(23,	23,	'bhs',	800.4723),
(24,	24,	'bhs',	43.5970),
(25,	25,	'bhs',	780.7527),
(26,	26,	'bhs',	566.1378),
(27,	27,	'bhs',	390.4866),
(28,	28,	'bhs',	280.4951),
(29,	29,	'bhs',	891.9021),
(30,	30,	'bhs',	831.2587),
(31,	31,	'bhs',	24.3118),
(32,	32,	'bhs',	547.8675),
(33,	33,	'bhs',	127.1668),
(34,	34,	'bhs',	135.9462),
(35,	35,	'bhs',	525.4839),
(36,	36,	'bhs',	266.7241),
(37,	37,	'bhs',	499.1984),
(38,	38,	'bhs',	196.5213),
(39,	39,	'bhs',	667.9386),
(40,	40,	'bhs',	485.5571),
(41,	41,	'bhs',	196.6361),
(42,	42,	'bhs',	308.9288),
(43,	43,	'bhs',	395.3488),
(44,	44,	'bhs',	364.2673),
(45,	45,	'bhs',	985.0733),
(46,	46,	'bhs',	213.3204),
(47,	47,	'bhs',	308.0952),
(48,	48,	'bhs',	607.2569),
(49,	49,	'bhs',	427.8503),
(50,	50,	'bhs',	671.7820),
(51,	51,	'bhs',	409.7900),
(52,	52,	'bhs',	652.3118),
(53,	53,	'bhs',	468.7499),
(54,	54,	'bhs',	911.2715),
(55,	55,	'bhs',	689.8036),
(56,	56,	'bhs',	996.3165),
(57,	57,	'bhs',	620.9192),
(58,	58,	'bhs',	102.8481),
(59,	59,	'bhs',	997.9549),
(60,	60,	'bhs',	109.4147),
(61,	61,	'bhs',	736.7544),
(62,	62,	'bhs',	654.2917),
(63,	63,	'bhs',	808.2188),
(64,	64,	'bhs',	965.5426),
(65,	65,	'bhs',	872.9309),
(66,	66,	'bhs',	412.8203),
(67,	67,	'bhs',	452.0599),
(68,	68,	'bhs',	816.0189),
(69,	69,	'bhs',	652.3773),
(70,	70,	'bhs',	21.0981),
(71,	71,	'bhs',	211.6657),
(72,	72,	'bhs',	851.8516),
(73,	73,	'bhs',	491.3347),
(74,	74,	'bhs',	465.6517),
(75,	75,	'bhs',	324.4886),
(76,	76,	'bhs',	886.1555),
(77,	77,	'bhs',	953.2705),
(78,	78,	'bhs',	906.3844),
(79,	79,	'bhs',	876.5222),
(80,	80,	'bhs',	835.2313),
(81,	81,	'bhs',	149.4574),
(82,	82,	'bhs',	293.7564),
(83,	83,	'bhs',	246.0411),
(84,	84,	'bhs',	165.1974),
(85,	85,	'bhs',	346.4097),
(86,	86,	'bhs',	247.0018),
(87,	87,	'bhs',	580.5810),
(88,	88,	'bhs',	469.1987),
(89,	89,	'bhs',	489.3234),
(90,	90,	'bhs',	2.7506),
(91,	91,	'bhs',	412.5235),
(92,	92,	'bhs',	759.8204),
(93,	93,	'bhs',	588.5694),
(94,	94,	'bhs',	787.3282),
(95,	95,	'bhs',	366.9933),
(96,	96,	'bhs',	924.8545),
(97,	97,	'bhs',	30.7782),
(98,	98,	'bhs',	979.3149),
(99,	99,	'bhs',	270.8878),
(100,	100,	'bhs',	417.2109),
(101,	101,	'bhs',	651.2851),
(102,	102,	'bhs',	438.9638),
(103,	103,	'bhs',	738.3845),
(104,	104,	'bhs',	808.8500),
(105,	105,	'bhs',	844.5763),
(106,	106,	'bhs',	960.9078),
(107,	107,	'bhs',	337.4914),
(108,	108,	'bhs',	818.2988),
(109,	109,	'bhs',	909.1514),
(110,	110,	'bhs',	881.7385),
(111,	111,	'bhs',	391.9114),
(112,	112,	'bhs',	755.8694),
(113,	113,	'bhs',	743.0971),
(114,	114,	'bhs',	553.7092),
(115,	115,	'bhs',	80.0193),
(116,	116,	'bhs',	419.8814),
(117,	117,	'bhs',	733.4990),
(118,	118,	'bhs',	142.6378),
(119,	119,	'bhs',	217.4749),
(120,	120,	'bhs',	149.4480),
(121,	121,	'bhs',	773.2993),
(122,	122,	'bhs',	283.5437),
(123,	123,	'bhs',	761.7886),
(124,	124,	'bhs',	544.0011),
(125,	125,	'bhs',	517.5546),
(126,	126,	'bhs',	656.9272),
(127,	127,	'bhs',	82.5598),
(128,	128,	'bhs',	77.0630),
(129,	129,	'bhs',	622.6889),
(130,	130,	'bhs',	390.4397),
(131,	131,	'bhs',	950.3096),
(132,	132,	'bhs',	181.5961),
(133,	133,	'bhs',	867.4810),
(134,	134,	'bhs',	39.0952),
(135,	135,	'bhs',	845.3787),
(136,	136,	'bhs',	457.2469),
(137,	137,	'bhs',	256.9787),
(138,	138,	'bhs',	53.9368),
(139,	139,	'bhs',	821.1445),
(140,	140,	'bhs',	303.0344),
(141,	141,	'bhs',	455.9571),
(142,	142,	'bhs',	634.8182),
(143,	143,	'bhs',	484.6452),
(144,	144,	'bhs',	172.3813),
(145,	145,	'bhs',	228.2400),
(146,	146,	'bhs',	606.5159),
(147,	147,	'bhs',	643.4346),
(148,	148,	'bhs',	735.6061),
(149,	149,	'bhs',	589.4828),
(150,	150,	'bhs',	869.3277),
(151,	151,	'bhs',	638.1974),
(152,	152,	'bhs',	170.5055),
(153,	153,	'bhs',	62.1220),
(154,	154,	'bhs',	915.5248),
(155,	155,	'bhs',	188.2011),
(156,	156,	'bhs',	155.1973),
(157,	157,	'bhs',	853.2105),
(158,	158,	'bhs',	486.2491),
(159,	159,	'bhs',	399.7634),
(160,	160,	'bhs',	884.6192),
(161,	161,	'bhs',	41.8531),
(162,	162,	'bhs',	850.9808),
(163,	163,	'bhs',	292.9181),
(164,	164,	'bhs',	1.4825),
(165,	165,	'bhs',	695.9297),
(166,	166,	'bhs',	285.5872),
(167,	167,	'bhs',	948.2046),
(168,	168,	'bhs',	196.4267),
(169,	169,	'bhs',	530.4116),
(170,	170,	'bhs',	952.9245),
(171,	171,	'bhs',	858.9856),
(172,	172,	'bhs',	368.1351),
(173,	173,	'bhs',	513.6402),
(174,	174,	'bhs',	911.0205),
(175,	175,	'bhs',	57.3230),
(176,	176,	'bhs',	256.2909),
(177,	177,	'bhs',	888.7964),
(178,	178,	'bhs',	883.8891),
(179,	179,	'bhs',	929.7104),
(180,	180,	'bhs',	922.4103),
(181,	181,	'bhs',	301.9344),
(182,	182,	'bhs',	119.2187),
(183,	183,	'bhs',	285.3761),
(184,	184,	'bhs',	582.6567),
(185,	185,	'bhs',	657.2986),
(186,	186,	'bhs',	953.2466),
(187,	187,	'bhs',	6.1386),
(188,	188,	'bhs',	824.0572),
(189,	189,	'bhs',	543.2740),
(190,	190,	'bhs',	320.4893),
(191,	191,	'bhs',	776.9255),
(192,	192,	'bhs',	904.2051),
(193,	193,	'bhs',	28.9207),
(194,	194,	'bhs',	572.3167),
(195,	195,	'bhs',	525.8536),
(196,	196,	'bhs',	836.0347),
(197,	197,	'bhs',	727.5548),
(198,	198,	'bhs',	43.8049),
(199,	199,	'bhs',	964.9742),
(200,	200,	'bhs',	43.1124),
(201,	201,	'bhs',	308.9639),
(202,	202,	'bhs',	984.4196),
(203,	203,	'bhs',	864.9647),
(204,	204,	'bhs',	65.5686),
(205,	205,	'bhs',	822.5140),
(206,	206,	'bhs',	276.0081),
(207,	207,	'bhs',	465.1724),
(208,	208,	'bhs',	578.9712),
(209,	209,	'bhs',	344.5700),
(210,	210,	'bhs',	122.3583),
(211,	211,	'bhs',	287.0695),
(212,	212,	'bhs',	607.0446),
(213,	213,	'bhs',	89.5886),
(214,	214,	'bhs',	277.6265),
(215,	215,	'bhs',	538.2582),
(216,	216,	'bhs',	374.9388),
(217,	217,	'bhs',	427.8935),
(218,	218,	'bhs',	430.2273),
(219,	219,	'bhs',	553.6965),
(220,	220,	'bhs',	362.3081),
(221,	221,	'bhs',	44.9717),
(222,	222,	'bhs',	649.4739),
(223,	223,	'bhs',	164.0120),
(224,	224,	'bhs',	975.8565),
(225,	225,	'bhs',	765.9081),
(226,	226,	'bhs',	732.1162),
(227,	227,	'bhs',	353.5087),
(228,	228,	'bhs',	577.0977),
(229,	229,	'bhs',	556.6385),
(230,	230,	'bhs',	669.8969),
(231,	231,	'bhs',	120.1902),
(232,	232,	'bhs',	895.2994),
(233,	233,	'bhs',	303.6479),
(234,	234,	'bhs',	336.6780),
(235,	235,	'bhs',	983.2183),
(236,	236,	'bhs',	477.1957),
(237,	237,	'bhs',	642.5530),
(238,	238,	'bhs',	521.6657),
(239,	239,	'bhs',	702.6192),
(240,	240,	'bhs',	408.7151),
(241,	241,	'bhs',	604.6917),
(242,	242,	'bhs',	439.0842),
(243,	243,	'bhs',	180.6926),
(244,	244,	'bhs',	824.7314),
(245,	245,	'bhs',	429.0868),
(246,	246,	'bhs',	115.3228),
(247,	247,	'bhs',	916.5479),
(248,	248,	'bhs',	559.4670),
(249,	249,	'bhs',	15.3076),
(250,	250,	'bhs',	670.6103),
(251,	251,	'bhs',	890.6618),
(252,	252,	'bhs',	190.6926),
(253,	253,	'bhs',	633.9448),
(254,	254,	'bhs',	278.4961),
(255,	255,	'bhs',	254.4893),
(256,	256,	'bhs',	607.3895),
(257,	257,	'bhs',	12.6765),
(258,	258,	'bhs',	37.6346),
(259,	259,	'bhs',	704.2172),
(260,	260,	'bhs',	829.1431),
(261,	261,	'bhs',	271.8496),
(262,	262,	'bhs',	871.3399),
(263,	263,	'bhs',	630.6575),
(264,	264,	'bhs',	867.0529),
(265,	265,	'bhs',	505.7116),
(266,	266,	'bhs',	597.8300),
(267,	267,	'bhs',	107.4245),
(268,	268,	'bhs',	271.8417),
(269,	269,	'bhs',	870.6329),
(270,	270,	'bhs',	371.5882),
(271,	271,	'bhs',	571.8940),
(272,	272,	'bhs',	542.8836),
(273,	273,	'bhs',	810.1099),
(274,	274,	'bhs',	445.4168),
(275,	275,	'bhs',	842.4527),
(276,	276,	'bhs',	592.3616),
(277,	277,	'bhs',	629.1206),
(278,	278,	'bhs',	745.9557),
(279,	279,	'bhs',	405.2993),
(280,	280,	'bhs',	952.7987),
(281,	281,	'bhs',	844.2969),
(282,	282,	'bhs',	792.6492),
(283,	283,	'bhs',	858.6310),
(284,	284,	'bhs',	597.4645),
(285,	285,	'bhs',	134.8638),
(286,	286,	'bhs',	322.5696),
(287,	287,	'bhs',	373.5687),
(288,	288,	'bhs',	793.8562),
(289,	289,	'bhs',	366.4502),
(290,	290,	'bhs',	454.2719),
(291,	291,	'bhs',	702.7893),
(292,	292,	'bhs',	219.1094),
(293,	293,	'bhs',	26.3970),
(294,	294,	'bhs',	468.0874),
(295,	295,	'bhs',	488.5349),
(296,	296,	'bhs',	974.1095),
(297,	297,	'bhs',	328.4251),
(298,	298,	'bhs',	505.4055),
(299,	299,	'bhs',	174.5855),
(300,	300,	'bhs',	158.5948),
(301,	301,	'bhs',	17.5933),
(302,	302,	'bhs',	888.7868),
(303,	303,	'bhs',	496.7451),
(304,	304,	'bhs',	406.3451),
(305,	305,	'bhs',	45.0785),
(306,	306,	'bhs',	947.3474),
(307,	307,	'bhs',	812.5591),
(308,	308,	'bhs',	0.3419),
(309,	309,	'bhs',	262.4908),
(310,	310,	'bhs',	622.3226),
(311,	311,	'bhs',	829.4550),
(312,	312,	'bhs',	429.7554),
(313,	313,	'bhs',	974.3079),
(314,	314,	'bhs',	107.8980),
(315,	315,	'bhs',	593.0118),
(316,	316,	'bhs',	209.4153),
(317,	317,	'bhs',	729.2999),
(318,	318,	'bhs',	275.4829),
(319,	319,	'bhs',	581.1465),
(320,	320,	'bhs',	806.5879),
(321,	321,	'bhs',	529.9020),
(322,	322,	'bhs',	160.0669),
(323,	323,	'bhs',	353.2020),
(324,	324,	'bhs',	341.7053),
(325,	325,	'bhs',	404.3902),
(326,	326,	'bhs',	20.8974),
(327,	327,	'bhs',	893.0858),
(328,	328,	'bhs',	715.3777),
(329,	329,	'bhs',	588.1922),
(330,	330,	'bhs',	728.3754),
(331,	331,	'bhs',	104.3701),
(332,	332,	'bhs',	561.3329),
(333,	333,	'bhs',	645.9925),
(334,	334,	'bhs',	115.9116),
(335,	335,	'bhs',	256.3427),
(336,	336,	'bhs',	271.9515),
(337,	337,	'bhs',	895.1170),
(338,	338,	'bhs',	805.7197),
(339,	339,	'bhs',	647.0658),
(340,	340,	'bhs',	886.3888),
(341,	341,	'bhs',	67.7393),
(342,	342,	'bhs',	263.2753),
(343,	343,	'bhs',	767.5048),
(344,	344,	'bhs',	330.2311),
(345,	345,	'bhs',	355.7472),
(346,	346,	'bhs',	645.7998),
(347,	347,	'bhs',	701.0795),
(348,	348,	'bhs',	92.3317),
(349,	349,	'bhs',	936.7631),
(350,	350,	'bhs',	755.4895),
(351,	351,	'bhs',	172.5922),
(352,	352,	'bhs',	684.0430),
(353,	353,	'bhs',	61.0239),
(354,	354,	'bhs',	282.6295),
(355,	355,	'bhs',	77.5981),
(356,	356,	'bhs',	921.8452),
(357,	357,	'bhs',	945.5622),
(358,	358,	'bhs',	492.6875),
(359,	359,	'bhs',	959.2903),
(360,	360,	'bhs',	250.6024),
(361,	361,	'bhs',	573.6246),
(362,	362,	'bhs',	934.5319),
(363,	363,	'bhs',	37.9265),
(364,	364,	'bhs',	379.3968),
(365,	365,	'bhs',	435.3362),
(366,	366,	'bhs',	926.9700),
(367,	367,	'bhs',	51.3882),
(368,	368,	'bhs',	296.1748),
(369,	369,	'bhs',	572.8290),
(370,	370,	'bhs',	69.4555),
(371,	371,	'bhs',	682.6167),
(372,	372,	'bhs',	420.4283),
(373,	373,	'bhs',	653.8506),
(374,	374,	'bhs',	723.8035),
(375,	375,	'bhs',	201.9741),
(376,	376,	'bhs',	5.9804),
(377,	377,	'bhs',	416.9477),
(378,	378,	'bhs',	875.6732),
(379,	379,	'bhs',	322.9481),
(380,	380,	'bhs',	657.1365),
(381,	381,	'bhs',	775.9130),
(382,	382,	'bhs',	377.9192),
(383,	383,	'bhs',	620.7167),
(384,	384,	'bhs',	76.4897),
(385,	385,	'bhs',	358.4039),
(386,	386,	'bhs',	654.2507),
(387,	387,	'bhs',	41.3180),
(388,	388,	'bhs',	237.2770),
(389,	389,	'bhs',	186.8641),
(390,	390,	'bhs',	87.2250),
(391,	391,	'bhs',	981.5368),
(392,	392,	'bhs',	637.5293),
(393,	393,	'bhs',	698.6227),
(394,	394,	'bhs',	928.5624),
(395,	395,	'bhs',	472.2886),
(396,	396,	'bhs',	452.5372),
(397,	397,	'bhs',	754.1943),
(398,	398,	'bhs',	368.1368),
(399,	399,	'bhs',	455.5178),
(400,	400,	'bhs',	381.3777),
(401,	401,	'bhs',	387.2447),
(402,	402,	'bhs',	703.3966),
(403,	403,	'bhs',	95.7649),
(404,	404,	'bhs',	606.7276),
(405,	405,	'bhs',	360.4381),
(406,	406,	'bhs',	172.5308),
(407,	407,	'bhs',	439.8171),
(408,	408,	'bhs',	626.7045),
(409,	409,	'bhs',	926.9873),
(410,	410,	'bhs',	607.2304),
(411,	411,	'bhs',	136.3052),
(412,	412,	'bhs',	527.5358),
(413,	413,	'bhs',	654.9591),
(414,	414,	'bhs',	60.2780),
(415,	415,	'bhs',	132.8503),
(416,	416,	'bhs',	346.6971),
(417,	417,	'bhs',	566.1639),
(418,	418,	'bhs',	904.9811),
(419,	419,	'bhs',	68.4377),
(420,	420,	'bhs',	630.9304),
(421,	421,	'bhs',	347.2869),
(422,	422,	'bhs',	848.4530),
(423,	423,	'bhs',	538.2272),
(424,	424,	'bhs',	722.3482),
(425,	425,	'bhs',	153.6311),
(426,	426,	'bhs',	507.5626),
(427,	427,	'bhs',	576.5677),
(428,	428,	'bhs',	870.9194),
(429,	429,	'bhs',	960.1688),
(430,	430,	'bhs',	282.8499),
(431,	431,	'bhs',	371.0403),
(432,	432,	'bhs',	991.8804),
(433,	433,	'bhs',	364.0011),
(434,	434,	'bhs',	874.8311),
(435,	435,	'bhs',	365.8488),
(436,	436,	'bhs',	573.3357),
(437,	437,	'bhs',	875.4164),
(438,	438,	'bhs',	493.9278),
(439,	439,	'bhs',	852.6155),
(440,	440,	'bhs',	371.8893),
(441,	441,	'bhs',	936.6408),
(442,	442,	'bhs',	105.8100),
(443,	443,	'bhs',	291.5811),
(444,	444,	'bhs',	13.4813),
(445,	445,	'bhs',	816.9057),
(446,	446,	'bhs',	283.8897),
(447,	447,	'bhs',	533.4533),
(448,	448,	'bhs',	380.5647),
(449,	449,	'bhs',	764.3526),
(450,	450,	'bhs',	673.6914),
(451,	451,	'bhs',	967.2682),
(452,	452,	'bhs',	107.7920),
(453,	453,	'bhs',	563.4673),
(454,	454,	'bhs',	963.1647),
(455,	455,	'bhs',	789.1314),
(456,	456,	'bhs',	363.3696),
(457,	457,	'bhs',	644.1793),
(458,	458,	'bhs',	233.2430),
(459,	459,	'bhs',	798.9052),
(460,	460,	'bhs',	895.9308),
(461,	461,	'bhs',	863.2442),
(462,	462,	'bhs',	655.7568),
(463,	463,	'bhs',	204.7877),
(464,	464,	'bhs',	164.7497),
(465,	465,	'bhs',	497.1934),
(466,	466,	'bhs',	74.0596),
(467,	467,	'bhs',	308.2530),
(468,	468,	'bhs',	312.5430),
(469,	469,	'bhs',	462.4858),
(470,	470,	'bhs',	569.5430),
(471,	471,	'bhs',	435.6267),
(472,	472,	'bhs',	451.2886),
(473,	473,	'bhs',	735.0280),
(474,	474,	'bhs',	753.9022),
(475,	475,	'bhs',	465.2804),
(476,	476,	'bhs',	548.1225),
(477,	477,	'bhs',	485.9239),
(478,	478,	'bhs',	13.4546),
(479,	479,	'bhs',	181.9836),
(480,	480,	'bhs',	114.1002),
(481,	481,	'bhs',	645.4873),
(482,	482,	'bhs',	23.2006),
(483,	483,	'bhs',	43.1490),
(484,	484,	'bhs',	590.5074),
(485,	485,	'bhs',	447.6631),
(486,	486,	'bhs',	214.5455),
(487,	487,	'bhs',	126.3666),
(488,	488,	'bhs',	696.4155),
(489,	489,	'bhs',	683.6168),
(490,	490,	'bhs',	67.0695),
(491,	491,	'bhs',	522.9708),
(492,	492,	'bhs',	680.2244),
(493,	493,	'bhs',	198.1696),
(494,	494,	'bhs',	910.9975),
(495,	495,	'bhs',	845.5446),
(496,	496,	'bhs',	816.8638),
(497,	497,	'bhs',	872.9485),
(498,	498,	'bhs',	116.0166),
(499,	499,	'bhs',	116.9626),
(500,	500,	'bhs',	219.3629),
(501,	501,	'bhs',	983.3006),
(502,	502,	'bhs',	541.0325),
(503,	503,	'bhs',	717.6216),
(504,	504,	'bhs',	582.8664),
(505,	505,	'bhs',	781.1341),
(506,	506,	'bhs',	0.3774),
(507,	507,	'bhs',	46.2126),
(508,	508,	'bhs',	76.5432),
(509,	509,	'bhs',	396.1284),
(510,	510,	'bhs',	765.5664),
(511,	511,	'bhs',	427.0305),
(512,	512,	'bhs',	154.4764),
(513,	513,	'bhs',	788.7409),
(514,	514,	'bhs',	902.3290),
(515,	515,	'bhs',	566.3383),
(516,	516,	'bhs',	310.5093),
(517,	517,	'bhs',	673.5435),
(518,	518,	'bhs',	692.9364),
(519,	519,	'bhs',	999.6305),
(520,	520,	'bhs',	445.4641),
(521,	521,	'bhs',	393.2055),
(522,	522,	'bhs',	154.4080),
(523,	523,	'bhs',	664.8204),
(524,	524,	'bhs',	289.8926),
(525,	525,	'bhs',	661.7537),
(526,	526,	'bhs',	483.2936),
(527,	527,	'bhs',	234.4794),
(528,	528,	'bhs',	542.2112),
(529,	529,	'bhs',	719.7708),
(530,	530,	'bhs',	799.6421),
(531,	531,	'bhs',	211.7559),
(532,	532,	'bhs',	129.8201),
(533,	533,	'bhs',	356.2935),
(534,	534,	'bhs',	341.7488),
(535,	535,	'bhs',	579.5896),
(536,	536,	'bhs',	169.6503),
(537,	537,	'bhs',	0.7514),
(538,	538,	'bhs',	363.1938),
(539,	539,	'bhs',	128.6630),
(540,	540,	'bhs',	925.1475),
(541,	541,	'bhs',	761.2825),
(542,	542,	'bhs',	751.9417),
(543,	543,	'bhs',	709.7468),
(544,	544,	'bhs',	876.3926),
(545,	545,	'bhs',	394.7677),
(546,	546,	'bhs',	13.2264),
(547,	547,	'bhs',	627.2867),
(548,	548,	'bhs',	355.2810),
(549,	549,	'bhs',	782.3927),
(550,	550,	'bhs',	132.9543),
(551,	551,	'bhs',	971.1561),
(552,	552,	'bhs',	881.4312),
(553,	553,	'bhs',	698.4809),
(554,	554,	'bhs',	956.6847),
(555,	555,	'bhs',	368.4529),
(556,	556,	'bhs',	48.6029),
(557,	557,	'bhs',	7.7890),
(558,	558,	'bhs',	734.7840),
(559,	559,	'bhs',	776.9536),
(560,	560,	'bhs',	526.1554),
(561,	561,	'bhs',	281.0189),
(562,	562,	'bhs',	634.2933),
(563,	563,	'bhs',	64.4887),
(564,	564,	'bhs',	47.6636),
(565,	565,	'bhs',	795.4724),
(566,	566,	'bhs',	303.8781),
(567,	567,	'bhs',	397.7549),
(568,	568,	'bhs',	342.6842),
(569,	569,	'bhs',	634.2264),
(570,	570,	'bhs',	808.9174),
(571,	571,	'bhs',	745.2018),
(572,	572,	'bhs',	33.6897),
(573,	573,	'bhs',	172.3217),
(574,	574,	'bhs',	350.5483),
(575,	575,	'bhs',	281.3145),
(576,	576,	'bhs',	161.0101),
(577,	577,	'bhs',	835.3819),
(578,	578,	'bhs',	548.5168),
(579,	579,	'bhs',	735.4320),
(580,	580,	'bhs',	174.3077),
(581,	581,	'bhs',	951.3306),
(582,	582,	'bhs',	523.3173),
(583,	583,	'bhs',	27.0101),
(584,	584,	'bhs',	658.6760),
(585,	585,	'bhs',	312.9680),
(586,	586,	'bhs',	554.0256),
(587,	587,	'bhs',	517.7654),
(588,	588,	'bhs',	914.5690),
(589,	589,	'bhs',	100.5108),
(590,	590,	'bhs',	411.9542),
(591,	591,	'bhs',	80.1462),
(592,	592,	'bhs',	218.7845),
(593,	593,	'bhs',	956.8636),
(594,	594,	'bhs',	320.8548),
(595,	595,	'bhs',	796.7231),
(596,	596,	'bhs',	951.4354),
(597,	597,	'bhs',	597.7744),
(598,	598,	'bhs',	931.2958),
(599,	599,	'bhs',	709.8851),
(600,	600,	'bhs',	325.3488),
(601,	601,	'bhs',	131.8971),
(602,	602,	'bhs',	763.5537),
(603,	603,	'bhs',	814.8594),
(604,	604,	'bhs',	566.3154),
(605,	605,	'bhs',	786.0218),
(606,	606,	'bhs',	960.2524),
(607,	607,	'bhs',	428.3508),
(608,	608,	'bhs',	801.7674),
(609,	609,	'bhs',	315.1524),
(610,	610,	'bhs',	383.8132),
(611,	611,	'bhs',	346.6788),
(612,	612,	'bhs',	807.5412),
(613,	613,	'bhs',	766.8962),
(614,	614,	'bhs',	960.7907),
(615,	615,	'bhs',	401.8622),
(616,	616,	'bhs',	514.8768),
(617,	617,	'bhs',	468.1412),
(618,	618,	'bhs',	129.2329),
(619,	619,	'bhs',	401.9687),
(620,	620,	'bhs',	260.7240),
(621,	621,	'bhs',	586.6483),
(622,	622,	'bhs',	740.9426),
(623,	623,	'bhs',	552.0357),
(624,	624,	'bhs',	977.0716),
(625,	625,	'bhs',	590.6865),
(626,	626,	'bhs',	677.6067),
(627,	627,	'bhs',	313.7601),
(628,	628,	'bhs',	182.3838),
(629,	629,	'bhs',	101.2809),
(630,	630,	'bhs',	478.0363),
(631,	631,	'bhs',	906.7449),
(632,	632,	'bhs',	595.3406),
(633,	633,	'bhs',	50.3331),
(634,	634,	'bhs',	735.8036),
(635,	635,	'bhs',	586.1753),
(636,	636,	'bhs',	629.4176),
(637,	637,	'bhs',	268.5418),
(638,	638,	'bhs',	498.0297),
(639,	639,	'bhs',	322.8355),
(640,	640,	'bhs',	356.1107),
(641,	641,	'bhs',	971.5282),
(642,	642,	'bhs',	83.4757),
(643,	643,	'bhs',	781.4159),
(644,	644,	'bhs',	448.8138),
(645,	645,	'bhs',	833.5424),
(646,	646,	'bhs',	505.0996),
(647,	647,	'bhs',	62.4470),
(648,	648,	'bhs',	468.7093),
(649,	649,	'bhs',	873.8390),
(650,	650,	'bhs',	657.5658),
(651,	651,	'bhs',	459.2820),
(652,	652,	'bhs',	332.0600),
(653,	653,	'bhs',	703.1294),
(654,	654,	'bhs',	419.6287),
(655,	655,	'bhs',	197.4132),
(656,	656,	'bhs',	303.8585),
(657,	657,	'bhs',	363.5609),
(658,	658,	'bhs',	616.6967),
(659,	659,	'bhs',	267.4669),
(660,	660,	'bhs',	889.1870),
(661,	661,	'bhs',	767.5081),
(662,	662,	'bhs',	113.6784),
(663,	663,	'bhs',	509.6542),
(664,	664,	'bhs',	999.3687),
(665,	665,	'bhs',	628.5599),
(666,	666,	'bhs',	764.1745),
(667,	667,	'bhs',	118.1042),
(668,	668,	'bhs',	167.8955),
(669,	669,	'bhs',	973.7081),
(670,	670,	'bhs',	605.0406),
(671,	671,	'bhs',	149.3812),
(672,	672,	'bhs',	808.7658),
(673,	673,	'bhs',	881.8931),
(674,	674,	'bhs',	29.7111),
(675,	675,	'bhs',	10.0710),
(676,	676,	'bhs',	430.2003),
(677,	677,	'bhs',	127.8981),
(678,	678,	'bhs',	665.3871),
(679,	679,	'bhs',	317.3811),
(680,	680,	'bhs',	457.4961),
(681,	681,	'bhs',	248.6848),
(682,	682,	'bhs',	977.3428),
(683,	683,	'bhs',	493.3813),
(684,	684,	'bhs',	92.7567),
(685,	685,	'bhs',	360.9148),
(686,	686,	'bhs',	452.4678),
(687,	687,	'bhs',	106.2497),
(688,	688,	'bhs',	914.4801),
(689,	689,	'bhs',	538.9612),
(690,	690,	'bhs',	22.4228),
(691,	691,	'bhs',	237.3377),
(692,	692,	'bhs',	30.4195),
(693,	693,	'bhs',	937.9282),
(694,	694,	'bhs',	254.4370),
(695,	695,	'bhs',	765.1489),
(696,	696,	'bhs',	619.7335),
(697,	697,	'bhs',	716.2954),
(698,	698,	'bhs',	709.3183),
(699,	699,	'bhs',	732.9298),
(700,	700,	'bhs',	920.3092),
(701,	701,	'bhs',	641.2175),
(702,	702,	'bhs',	228.3813),
(703,	703,	'bhs',	886.2836),
(704,	704,	'bhs',	55.0804),
(705,	705,	'bhs',	681.2029),
(706,	706,	'bhs',	747.5836),
(707,	707,	'bhs',	225.3143),
(708,	708,	'bhs',	472.3744),
(709,	709,	'bhs',	83.0935),
(710,	710,	'bhs',	312.8585),
(711,	711,	'bhs',	426.8389),
(712,	712,	'bhs',	831.2251),
(713,	713,	'bhs',	72.2843),
(714,	714,	'bhs',	384.9658),
(715,	715,	'bhs',	952.2464),
(716,	716,	'bhs',	745.6828),
(717,	717,	'bhs',	741.5699),
(718,	718,	'bhs',	869.5931),
(719,	719,	'bhs',	346.9781),
(720,	720,	'bhs',	468.1764),
(721,	721,	'bhs',	296.5895),
(722,	722,	'bhs',	980.4408),
(723,	723,	'bhs',	473.4544),
(724,	724,	'bhs',	127.2739),
(725,	725,	'bhs',	377.7570),
(726,	726,	'bhs',	870.2322),
(727,	727,	'bhs',	486.4750),
(728,	728,	'bhs',	367.4618),
(729,	729,	'bhs',	374.4040),
(730,	730,	'bhs',	243.1885),
(731,	731,	'bhs',	591.2165),
(732,	732,	'bhs',	280.8241),
(733,	733,	'bhs',	866.1796),
(734,	734,	'bhs',	36.6326),
(735,	735,	'bhs',	746.6050),
(736,	736,	'bhs',	29.7022),
(737,	737,	'bhs',	781.1867),
(738,	738,	'bhs',	102.7919),
(739,	739,	'bhs',	751.2573),
(740,	740,	'bhs',	916.4053),
(741,	741,	'bhs',	201.4125),
(742,	742,	'bhs',	851.3336),
(743,	743,	'bhs',	797.0688),
(744,	744,	'bhs',	130.6194),
(745,	745,	'bhs',	764.3170),
(746,	746,	'bhs',	70.2491),
(747,	747,	'bhs',	127.6298),
(748,	748,	'bhs',	750.9951),
(749,	749,	'bhs',	936.6061),
(750,	750,	'bhs',	331.7634),
(751,	751,	'bhs',	939.1942),
(752,	752,	'bhs',	664.5624),
(753,	753,	'bhs',	608.0702),
(754,	754,	'bhs',	190.5181),
(755,	755,	'bhs',	824.7501),
(756,	756,	'bhs',	699.5341),
(757,	757,	'bhs',	263.7658),
(758,	758,	'bhs',	210.7737),
(759,	759,	'bhs',	834.9731),
(760,	760,	'bhs',	122.5485),
(761,	761,	'bhs',	181.2550),
(762,	762,	'bhs',	432.2229),
(763,	763,	'bhs',	584.2422),
(764,	764,	'bhs',	154.4814),
(765,	765,	'bhs',	383.1983),
(766,	766,	'bhs',	355.9293),
(767,	767,	'bhs',	371.1216),
(768,	768,	'bhs',	924.4362),
(769,	769,	'bhs',	356.5046),
(770,	770,	'bhs',	829.1621),
(771,	771,	'bhs',	435.3301),
(772,	772,	'bhs',	147.5022),
(773,	773,	'bhs',	791.9916),
(774,	774,	'bhs',	425.1369),
(775,	775,	'bhs',	442.6640),
(776,	776,	'bhs',	87.1788),
(777,	777,	'bhs',	649.3235),
(778,	778,	'bhs',	615.3839),
(779,	779,	'bhs',	541.6523),
(780,	780,	'bhs',	410.4632),
(781,	781,	'bhs',	348.7403),
(782,	782,	'bhs',	624.6103),
(783,	783,	'bhs',	356.4819),
(784,	784,	'bhs',	761.5496),
(785,	785,	'bhs',	255.9972),
(786,	786,	'bhs',	486.8032),
(787,	787,	'bhs',	104.1289),
(788,	788,	'bhs',	821.9291),
(789,	789,	'bhs',	86.5048),
(790,	790,	'bhs',	331.0035),
(791,	791,	'bhs',	430.2846),
(792,	792,	'bhs',	150.7399),
(793,	793,	'bhs',	952.3198),
(794,	794,	'bhs',	317.2578),
(795,	795,	'bhs',	77.9408),
(796,	796,	'bhs',	655.5570),
(797,	797,	'bhs',	754.3086),
(798,	798,	'bhs',	50.8279),
(799,	799,	'bhs',	617.9358),
(800,	800,	'bhs',	977.7675),
(801,	801,	'bhs',	566.7230),
(802,	802,	'bhs',	783.5812),
(803,	803,	'bhs',	167.0403),
(804,	804,	'bhs',	712.8019),
(805,	805,	'bhs',	472.6709),
(806,	806,	'bhs',	50.3102),
(807,	807,	'bhs',	261.8612),
(808,	808,	'bhs',	117.8087),
(809,	809,	'bhs',	203.1952),
(810,	810,	'bhs',	227.9998),
(811,	811,	'bhs',	293.8924),
(812,	812,	'bhs',	783.3155),
(813,	813,	'bhs',	406.5607),
(814,	814,	'bhs',	900.9840),
(815,	815,	'bhs',	926.0369),
(816,	816,	'bhs',	523.4865),
(817,	817,	'bhs',	675.1857),
(818,	818,	'bhs',	631.5237),
(819,	819,	'bhs',	380.1508),
(820,	820,	'bhs',	844.0256),
(821,	821,	'bhs',	315.9703),
(822,	822,	'bhs',	841.2916),
(823,	823,	'bhs',	744.7969),
(824,	824,	'bhs',	142.9904),
(825,	825,	'bhs',	833.9937),
(826,	826,	'bhs',	71.2270),
(827,	827,	'bhs',	269.1171),
(828,	828,	'bhs',	810.0317),
(829,	829,	'bhs',	98.7544),
(830,	830,	'bhs',	304.0210),
(831,	831,	'bhs',	409.2097),
(832,	832,	'bhs',	493.9719),
(833,	833,	'bhs',	379.1549),
(834,	834,	'bhs',	155.5480),
(835,	835,	'bhs',	177.2545),
(836,	836,	'bhs',	243.5431),
(837,	837,	'bhs',	436.8399),
(838,	838,	'bhs',	602.8383),
(839,	839,	'bhs',	724.4711),
(840,	840,	'bhs',	540.8251),
(841,	841,	'bhs',	184.4614),
(842,	842,	'bhs',	611.7337),
(843,	843,	'bhs',	381.0595),
(844,	844,	'bhs',	279.5645),
(845,	845,	'bhs',	629.3967),
(846,	846,	'bhs',	592.6092),
(847,	847,	'bhs',	237.1367),
(848,	848,	'bhs',	976.0509),
(849,	849,	'bhs',	205.6000),
(850,	850,	'bhs',	99.5701),
(851,	851,	'bhs',	232.1564),
(852,	852,	'bhs',	913.6246),
(853,	853,	'bhs',	892.9285),
(854,	854,	'bhs',	95.2985),
(855,	855,	'bhs',	209.2776),
(856,	856,	'bhs',	948.6508),
(857,	857,	'bhs',	325.1910),
(858,	858,	'bhs',	542.4305),
(859,	859,	'bhs',	995.5467),
(860,	860,	'bhs',	312.3119),
(861,	861,	'bhs',	260.4693),
(862,	862,	'bhs',	977.7397),
(863,	863,	'bhs',	646.4836),
(864,	864,	'bhs',	474.3067),
(865,	865,	'bhs',	87.8116),
(866,	866,	'bhs',	809.6203),
(867,	867,	'bhs',	943.2453),
(868,	868,	'bhs',	74.0934),
(869,	869,	'bhs',	382.1079),
(870,	870,	'bhs',	510.8493),
(871,	871,	'bhs',	995.4501),
(872,	872,	'bhs',	64.1622),
(873,	873,	'bhs',	51.0034),
(874,	874,	'bhs',	481.5610),
(875,	875,	'bhs',	748.3696),
(876,	876,	'bhs',	411.1757),
(877,	877,	'bhs',	541.9403),
(878,	878,	'bhs',	474.3620),
(879,	879,	'bhs',	790.3922),
(880,	880,	'bhs',	39.8340),
(881,	881,	'bhs',	272.2565),
(882,	882,	'bhs',	419.1636),
(883,	883,	'bhs',	983.4626),
(884,	884,	'bhs',	378.5811),
(885,	885,	'bhs',	20.5910),
(886,	886,	'bhs',	623.5143),
(887,	887,	'bhs',	26.1153),
(888,	888,	'bhs',	178.2955),
(889,	889,	'bhs',	734.3635),
(890,	890,	'bhs',	512.5498),
(891,	891,	'bhs',	614.1927),
(892,	892,	'bhs',	246.5294),
(893,	893,	'bhs',	0.1848),
(894,	894,	'bhs',	714.5058),
(895,	895,	'bhs',	320.4155),
(896,	896,	'bhs',	979.5449),
(897,	897,	'bhs',	807.4654),
(898,	898,	'bhs',	393.8314),
(899,	899,	'bhs',	993.2406),
(900,	900,	'bhs',	998.6951),
(901,	901,	'bhs',	26.5624),
(902,	902,	'bhs',	440.4408),
(903,	903,	'bhs',	143.1835),
(904,	904,	'bhs',	452.4437),
(905,	905,	'bhs',	350.8859),
(906,	906,	'bhs',	3.8053),
(907,	907,	'bhs',	295.0882),
(908,	908,	'bhs',	679.1648),
(909,	909,	'bhs',	525.4607),
(910,	910,	'bhs',	508.0836),
(911,	911,	'bhs',	102.2564),
(912,	912,	'bhs',	286.1761),
(913,	913,	'bhs',	85.0596),
(914,	914,	'bhs',	710.2646),
(915,	915,	'bhs',	195.5882),
(916,	916,	'bhs',	247.8883),
(917,	917,	'bhs',	520.1943),
(918,	918,	'bhs',	480.7258),
(919,	919,	'bhs',	924.4460),
(920,	920,	'bhs',	974.7119),
(921,	921,	'bhs',	144.7458),
(922,	922,	'bhs',	495.8167),
(923,	923,	'bhs',	224.9802),
(924,	924,	'bhs',	736.5309),
(925,	925,	'bhs',	203.7878),
(926,	926,	'bhs',	337.6288),
(927,	927,	'bhs',	407.3117),
(928,	928,	'bhs',	770.1657),
(929,	929,	'bhs',	515.9765),
(930,	930,	'bhs',	50.6430),
(931,	931,	'bhs',	876.1157),
(932,	932,	'bhs',	56.7445),
(933,	933,	'bhs',	644.9145),
(934,	934,	'bhs',	115.2788),
(935,	935,	'bhs',	513.2397),
(936,	936,	'bhs',	133.1874),
(937,	937,	'bhs',	552.4196),
(938,	938,	'bhs',	442.7588),
(939,	939,	'bhs',	187.2078),
(940,	940,	'bhs',	227.5539),
(941,	941,	'bhs',	313.0151),
(942,	942,	'bhs',	21.0963),
(943,	943,	'bhs',	244.1790),
(944,	944,	'bhs',	795.7797),
(945,	945,	'bhs',	278.7944),
(946,	946,	'bhs',	131.4206),
(947,	947,	'bhs',	704.8895),
(948,	948,	'bhs',	606.8251),
(949,	949,	'bhs',	409.0645),
(950,	950,	'bhs',	537.1122),
(951,	951,	'bhs',	782.5214),
(952,	952,	'bhs',	40.1053),
(953,	953,	'bhs',	55.1456),
(954,	954,	'bhs',	730.9765),
(955,	955,	'bhs',	68.3832),
(956,	956,	'bhs',	217.2242),
(957,	957,	'bhs',	989.9012),
(958,	958,	'bhs',	836.9030),
(959,	959,	'bhs',	251.1585),
(960,	960,	'bhs',	108.4496),
(961,	961,	'bhs',	456.8515),
(962,	962,	'bhs',	544.3537),
(963,	963,	'bhs',	963.5916),
(964,	964,	'bhs',	949.5251),
(965,	965,	'bhs',	366.1351),
(966,	966,	'bhs',	876.7202),
(967,	967,	'bhs',	60.0307),
(968,	968,	'bhs',	216.8136),
(969,	969,	'bhs',	344.4476),
(970,	970,	'bhs',	79.1344),
(971,	971,	'bhs',	370.1372),
(972,	972,	'bhs',	390.5007),
(973,	973,	'bhs',	487.4031),
(974,	974,	'bhs',	481.4999),
(975,	975,	'bhs',	720.2857),
(976,	976,	'bhs',	63.3021),
(977,	977,	'bhs',	448.3323),
(978,	978,	'bhs',	295.8600),
(979,	979,	'bhs',	187.6372),
(980,	980,	'bhs',	68.5925),
(981,	981,	'bhs',	869.7718),
(982,	982,	'bhs',	271.9175),
(983,	983,	'bhs',	617.8723),
(984,	984,	'bhs',	868.9135),
(985,	985,	'bhs',	603.4616),
(986,	986,	'bhs',	911.9438),
(987,	987,	'bhs',	290.0514),
(988,	988,	'bhs',	729.4552),
(989,	989,	'bhs',	888.7245),
(990,	990,	'bhs',	714.8059),
(991,	991,	'bhs',	299.5949),
(992,	992,	'bhs',	498.0659),
(993,	993,	'bhs',	944.0025),
(994,	994,	'bhs',	415.3930),
(995,	995,	'bhs',	446.9896),
(996,	996,	'bhs',	907.6533),
(997,	997,	'bhs',	831.8894),
(998,	998,	'bhs',	469.4621),
(999,	999,	'bhs',	634.9815),
(1000,	1000,	'bhs',	267.4193),
(1001,	1,	'ING',	48.6333),
(1002,	2,	'ING',	749.8338),
(1003,	3,	'ING',	570.3908),
(1004,	4,	'ING',	454.0781),
(1005,	5,	'ING',	865.7084),
(1006,	6,	'ING',	143.2436),
(1007,	7,	'ING',	244.9358),
(1008,	8,	'ING',	606.3177),
(1009,	9,	'ING',	433.1425),
(1010,	10,	'ING',	771.9608),
(1011,	11,	'ING',	663.2945),
(1012,	12,	'ING',	451.3904),
(1013,	13,	'ING',	302.5634),
(1014,	14,	'ING',	469.3190),
(1015,	15,	'ING',	843.0793),
(1016,	16,	'ING',	987.5164),
(1017,	17,	'ING',	932.7292),
(1018,	18,	'ING',	48.7225),
(1019,	19,	'ING',	832.3124),
(1020,	20,	'ING',	293.4496),
(1021,	21,	'ING',	552.6115),
(1022,	22,	'ING',	72.2951),
(1023,	23,	'ING',	898.8091),
(1024,	24,	'ING',	678.6646),
(1025,	25,	'ING',	474.9340),
(1026,	26,	'ING',	608.2845),
(1027,	27,	'ING',	181.1164),
(1028,	28,	'ING',	865.1690),
(1029,	29,	'ING',	622.9072),
(1030,	30,	'ING',	705.3974),
(1031,	31,	'ING',	622.8578),
(1032,	32,	'ING',	216.2848),
(1033,	33,	'ING',	170.3592),
(1034,	34,	'ING',	29.3958),
(1035,	35,	'ING',	211.3376),
(1036,	36,	'ING',	853.6486),
(1037,	37,	'ING',	98.0671),
(1038,	38,	'ING',	894.2517),
(1039,	39,	'ING',	462.6495),
(1040,	40,	'ING',	809.1988),
(1041,	41,	'ING',	920.0501),
(1042,	42,	'ING',	62.8306),
(1043,	43,	'ING',	161.5523),
(1044,	44,	'ING',	394.2732),
(1045,	45,	'ING',	967.0041),
(1046,	46,	'ING',	160.4376),
(1047,	47,	'ING',	363.6514),
(1048,	48,	'ING',	112.6335),
(1049,	49,	'ING',	619.0917),
(1050,	50,	'ING',	692.4635),
(1051,	51,	'ING',	561.2338),
(1052,	52,	'ING',	241.4940),
(1053,	53,	'ING',	873.3370),
(1054,	54,	'ING',	687.6208),
(1055,	55,	'ING',	727.1082),
(1056,	56,	'ING',	840.7045),
(1057,	57,	'ING',	65.4900),
(1058,	58,	'ING',	928.6827),
(1059,	59,	'ING',	743.4968),
(1060,	60,	'ING',	195.3058),
(1061,	61,	'ING',	577.1624),
(1062,	62,	'ING',	923.3272),
(1063,	63,	'ING',	385.9682),
(1064,	64,	'ING',	838.6140),
(1065,	65,	'ING',	367.8538),
(1066,	66,	'ING',	20.9261),
(1067,	67,	'ING',	560.7300),
(1068,	68,	'ING',	588.3010),
(1069,	69,	'ING',	371.8745),
(1070,	70,	'ING',	28.0086),
(1071,	71,	'ING',	497.7309),
(1072,	72,	'ING',	595.9288),
(1073,	73,	'ING',	199.5824),
(1074,	74,	'ING',	729.1779),
(1075,	75,	'ING',	884.8562),
(1076,	76,	'ING',	535.5902),
(1077,	77,	'ING',	960.7186),
(1078,	78,	'ING',	115.5251),
(1079,	79,	'ING',	118.4510),
(1080,	80,	'ING',	247.1873),
(1081,	81,	'ING',	475.3104),
(1082,	82,	'ING',	987.5858),
(1083,	83,	'ING',	395.8251),
(1084,	84,	'ING',	626.6920),
(1085,	85,	'ING',	142.9384),
(1086,	86,	'ING',	735.7339),
(1087,	87,	'ING',	716.4955),
(1088,	88,	'ING',	697.9361),
(1089,	89,	'ING',	305.2605),
(1090,	90,	'ING',	271.8868),
(1091,	91,	'ING',	706.9586),
(1092,	92,	'ING',	369.4379),
(1093,	93,	'ING',	666.4140),
(1094,	94,	'ING',	938.0411),
(1095,	95,	'ING',	853.8015),
(1096,	96,	'ING',	581.2298),
(1097,	97,	'ING',	133.9274),
(1098,	98,	'ING',	868.2799),
(1099,	99,	'ING',	334.3610),
(1100,	100,	'ING',	645.6340),
(1101,	101,	'ING',	177.2299),
(1102,	102,	'ING',	397.3400),
(1103,	103,	'ING',	149.9041),
(1104,	104,	'ING',	65.3838),
(1105,	105,	'ING',	765.0396),
(1106,	106,	'ING',	515.6493),
(1107,	107,	'ING',	201.0144),
(1108,	108,	'ING',	906.4407),
(1109,	109,	'ING',	81.2821),
(1110,	110,	'ING',	597.1418),
(1111,	111,	'ING',	934.3063),
(1112,	112,	'ING',	990.0791),
(1113,	113,	'ING',	224.3063),
(1114,	114,	'ING',	776.7715),
(1115,	115,	'ING',	551.1949),
(1116,	116,	'ING',	92.9713),
(1117,	117,	'ING',	685.3495),
(1118,	118,	'ING',	941.9334),
(1119,	119,	'ING',	914.8254),
(1120,	120,	'ING',	339.2388),
(1121,	121,	'ING',	950.9627),
(1122,	122,	'ING',	942.0233),
(1123,	123,	'ING',	920.3854),
(1124,	124,	'ING',	337.4537),
(1125,	125,	'ING',	978.8617),
(1126,	126,	'ING',	684.6402),
(1127,	127,	'ING',	33.8811),
(1128,	128,	'ING',	311.9297),
(1129,	129,	'ING',	591.9819),
(1130,	130,	'ING',	695.6889),
(1131,	131,	'ING',	74.1389),
(1132,	132,	'ING',	849.0684),
(1133,	133,	'ING',	243.4797),
(1134,	134,	'ING',	667.1732),
(1135,	135,	'ING',	687.6975),
(1136,	136,	'ING',	160.2531),
(1137,	137,	'ING',	175.6311),
(1138,	138,	'ING',	435.6623),
(1139,	139,	'ING',	899.8356),
(1140,	140,	'ING',	837.2413),
(1141,	141,	'ING',	988.8086),
(1142,	142,	'ING',	527.5571),
(1143,	143,	'ING',	184.4641),
(1144,	144,	'ING',	348.1564),
(1145,	145,	'ING',	649.2266),
(1146,	146,	'ING',	69.2391),
(1147,	147,	'ING',	985.0217),
(1148,	148,	'ING',	738.5782),
(1149,	149,	'ING',	609.2419),
(1150,	150,	'ING',	478.9199),
(1151,	151,	'ING',	997.3265),
(1152,	152,	'ING',	314.7331),
(1153,	153,	'ING',	384.6439),
(1154,	154,	'ING',	783.5047),
(1155,	155,	'ING',	653.3647),
(1156,	156,	'ING',	798.9723),
(1157,	157,	'ING',	184.7979),
(1158,	158,	'ING',	897.5549),
(1159,	159,	'ING',	325.0739),
(1160,	160,	'ING',	102.4629),
(1161,	161,	'ING',	826.4560),
(1162,	162,	'ING',	212.8552),
(1163,	163,	'ING',	890.3949),
(1164,	164,	'ING',	129.8026),
(1165,	165,	'ING',	855.2457),
(1166,	166,	'ING',	528.9179),
(1167,	167,	'ING',	360.5384),
(1168,	168,	'ING',	908.0993),
(1169,	169,	'ING',	120.2482),
(1170,	170,	'ING',	733.4724),
(1171,	171,	'ING',	427.4462),
(1172,	172,	'ING',	841.9093),
(1173,	173,	'ING',	341.4467),
(1174,	174,	'ING',	427.1984),
(1175,	175,	'ING',	846.4922),
(1176,	176,	'ING',	153.6001),
(1177,	177,	'ING',	569.9844),
(1178,	178,	'ING',	123.9171),
(1179,	179,	'ING',	212.6514),
(1180,	180,	'ING',	116.0099),
(1181,	181,	'ING',	318.0622),
(1182,	182,	'ING',	932.7209),
(1183,	183,	'ING',	62.9308),
(1184,	184,	'ING',	400.8599),
(1185,	185,	'ING',	518.4599),
(1186,	186,	'ING',	752.7209),
(1187,	187,	'ING',	922.4414),
(1188,	188,	'ING',	104.8005),
(1189,	189,	'ING',	160.9605),
(1190,	190,	'ING',	411.8933),
(1191,	191,	'ING',	418.8939),
(1192,	192,	'ING',	231.7278),
(1193,	193,	'ING',	5.4841),
(1194,	194,	'ING',	925.9108),
(1195,	195,	'ING',	499.0274),
(1196,	196,	'ING',	655.4762),
(1197,	197,	'ING',	12.8375),
(1198,	198,	'ING',	581.6186),
(1199,	199,	'ING',	204.4773),
(1200,	200,	'ING',	943.4132),
(1201,	201,	'ING',	3.9299),
(1202,	202,	'ING',	171.5165),
(1203,	203,	'ING',	506.5999),
(1204,	204,	'ING',	227.7245),
(1205,	205,	'ING',	485.7862),
(1206,	206,	'ING',	904.2867),
(1207,	207,	'ING',	949.5843),
(1208,	208,	'ING',	317.9810),
(1209,	209,	'ING',	693.0080),
(1210,	210,	'ING',	876.2869),
(1211,	211,	'ING',	633.0691),
(1212,	212,	'ING',	117.7623),
(1213,	213,	'ING',	311.2909),
(1214,	214,	'ING',	219.9457),
(1215,	215,	'ING',	7.7253),
(1216,	216,	'ING',	993.2326),
(1217,	217,	'ING',	739.8539),
(1218,	218,	'ING',	284.6674),
(1219,	219,	'ING',	597.2345),
(1220,	220,	'ING',	370.4902),
(1221,	221,	'ING',	780.3310),
(1222,	222,	'ING',	272.8052),
(1223,	223,	'ING',	424.7377),
(1224,	224,	'ING',	398.9770),
(1225,	225,	'ING',	765.6724),
(1226,	226,	'ING',	142.4579),
(1227,	227,	'ING',	850.1563),
(1228,	228,	'ING',	856.2840),
(1229,	229,	'ING',	372.5101),
(1230,	230,	'ING',	450.3444),
(1231,	231,	'ING',	942.6341),
(1232,	232,	'ING',	793.4870),
(1233,	233,	'ING',	464.0851),
(1234,	234,	'ING',	452.3060),
(1235,	235,	'ING',	981.5932),
(1236,	236,	'ING',	965.2816),
(1237,	237,	'ING',	77.3125),
(1238,	238,	'ING',	697.1613),
(1239,	239,	'ING',	13.3327),
(1240,	240,	'ING',	529.0544),
(1241,	241,	'ING',	890.7213),
(1242,	242,	'ING',	819.7210),
(1243,	243,	'ING',	443.1190),
(1244,	244,	'ING',	110.3507),
(1245,	245,	'ING',	507.1078),
(1246,	246,	'ING',	918.4828),
(1247,	247,	'ING',	674.6342),
(1248,	248,	'ING',	515.3888),
(1249,	249,	'ING',	419.9408),
(1250,	250,	'ING',	372.7940),
(1251,	251,	'ING',	557.3029),
(1252,	252,	'ING',	536.1303),
(1253,	253,	'ING',	468.3111),
(1254,	254,	'ING',	710.9472),
(1255,	255,	'ING',	983.0661),
(1256,	256,	'ING',	656.4015),
(1257,	257,	'ING',	453.6093),
(1258,	258,	'ING',	541.0866),
(1259,	259,	'ING',	463.4870),
(1260,	260,	'ING',	632.4146),
(1261,	261,	'ING',	21.8535),
(1262,	262,	'ING',	838.5774),
(1263,	263,	'ING',	581.0619),
(1264,	264,	'ING',	225.7135),
(1265,	265,	'ING',	733.7552),
(1266,	266,	'ING',	581.5019),
(1267,	267,	'ING',	208.8858),
(1268,	268,	'ING',	391.3222),
(1269,	269,	'ING',	351.7186),
(1270,	270,	'ING',	202.7867),
(1271,	271,	'ING',	545.9480),
(1272,	272,	'ING',	240.7547),
(1273,	273,	'ING',	641.1467),
(1274,	274,	'ING',	403.1734),
(1275,	275,	'ING',	526.7227),
(1276,	276,	'ING',	76.7159),
(1277,	277,	'ING',	615.6822),
(1278,	278,	'ING',	543.7604),
(1279,	279,	'ING',	264.5703),
(1280,	280,	'ING',	477.6498),
(1281,	281,	'ING',	243.3849),
(1282,	282,	'ING',	176.0167),
(1283,	283,	'ING',	443.4552),
(1284,	284,	'ING',	773.7736),
(1285,	285,	'ING',	21.0858),
(1286,	286,	'ING',	792.8070),
(1287,	287,	'ING',	360.1240),
(1288,	288,	'ING',	845.3230),
(1289,	289,	'ING',	551.6496),
(1290,	290,	'ING',	773.0499),
(1291,	291,	'ING',	855.6739),
(1292,	292,	'ING',	864.1878),
(1293,	293,	'ING',	870.8724),
(1294,	294,	'ING',	371.1103),
(1295,	295,	'ING',	210.3476),
(1296,	296,	'ING',	506.0514),
(1297,	297,	'ING',	248.7008),
(1298,	298,	'ING',	786.5401),
(1299,	299,	'ING',	951.4712),
(1300,	300,	'ING',	753.5113),
(1301,	301,	'ING',	480.9389),
(1302,	302,	'ING',	125.4058),
(1303,	303,	'ING',	657.2967),
(1304,	304,	'ING',	263.5333),
(1305,	305,	'ING',	973.5615),
(1306,	306,	'ING',	98.0651),
(1307,	307,	'ING',	581.0775),
(1308,	308,	'ING',	909.2666),
(1309,	309,	'ING',	813.6325),
(1310,	310,	'ING',	786.8817),
(1311,	311,	'ING',	313.7499),
(1312,	312,	'ING',	826.9989),
(1313,	313,	'ING',	965.8024),
(1314,	314,	'ING',	525.9162),
(1315,	315,	'ING',	40.9058),
(1316,	316,	'ING',	738.5651),
(1317,	317,	'ING',	621.2867),
(1318,	318,	'ING',	726.7915),
(1319,	319,	'ING',	24.4137),
(1320,	320,	'ING',	161.7912),
(1321,	321,	'ING',	21.2267),
(1322,	322,	'ING',	419.5033),
(1323,	323,	'ING',	491.7978),
(1324,	324,	'ING',	205.9474),
(1325,	325,	'ING',	667.9463),
(1326,	326,	'ING',	223.8419),
(1327,	327,	'ING',	830.9329),
(1328,	328,	'ING',	36.3799),
(1329,	329,	'ING',	106.8768),
(1330,	330,	'ING',	909.1758),
(1331,	331,	'ING',	269.2540),
(1332,	332,	'ING',	447.0170),
(1333,	333,	'ING',	579.1037),
(1334,	334,	'ING',	454.5315),
(1335,	335,	'ING',	806.2415),
(1336,	336,	'ING',	47.8403),
(1337,	337,	'ING',	758.1473),
(1338,	338,	'ING',	397.6508),
(1339,	339,	'ING',	41.9257),
(1340,	340,	'ING',	707.1172),
(1341,	341,	'ING',	764.2299),
(1342,	342,	'ING',	317.2185),
(1343,	343,	'ING',	210.4766),
(1344,	344,	'ING',	887.8991),
(1345,	345,	'ING',	774.8423),
(1346,	346,	'ING',	394.0902),
(1347,	347,	'ING',	328.9147),
(1348,	348,	'ING',	841.3200),
(1349,	349,	'ING',	461.0847),
(1350,	350,	'ING',	722.6454),
(1351,	351,	'ING',	22.5160),
(1352,	352,	'ING',	342.3864),
(1353,	353,	'ING',	982.5782),
(1354,	354,	'ING',	597.8035),
(1355,	355,	'ING',	469.0853),
(1356,	356,	'ING',	257.7542),
(1357,	357,	'ING',	400.8762),
(1358,	358,	'ING',	746.7756),
(1359,	359,	'ING',	962.6548),
(1360,	360,	'ING',	456.1134),
(1361,	361,	'ING',	159.7485),
(1362,	362,	'ING',	951.7035),
(1363,	363,	'ING',	904.1020),
(1364,	364,	'ING',	676.1122),
(1365,	365,	'ING',	139.9852),
(1366,	366,	'ING',	297.9100),
(1367,	367,	'ING',	552.2981),
(1368,	368,	'ING',	141.9612),
(1369,	369,	'ING',	25.0830),
(1370,	370,	'ING',	893.5045),
(1371,	371,	'ING',	56.0786),
(1372,	372,	'ING',	260.5064),
(1373,	373,	'ING',	618.5509),
(1374,	374,	'ING',	892.4501),
(1375,	375,	'ING',	280.0521),
(1376,	376,	'ING',	361.1404),
(1377,	377,	'ING',	259.6038),
(1378,	378,	'ING',	648.9736),
(1379,	379,	'ING',	741.0286),
(1380,	380,	'ING',	553.6148),
(1381,	381,	'ING',	297.8551),
(1382,	382,	'ING',	97.1727),
(1383,	383,	'ING',	579.0809),
(1384,	384,	'ING',	57.8787),
(1385,	385,	'ING',	141.4703),
(1386,	386,	'ING',	421.5930),
(1387,	387,	'ING',	994.9124),
(1388,	388,	'ING',	47.6046),
(1389,	389,	'ING',	271.4290),
(1390,	390,	'ING',	281.1839),
(1391,	391,	'ING',	181.9600),
(1392,	392,	'ING',	44.1498),
(1393,	393,	'ING',	115.6239),
(1394,	394,	'ING',	779.7968),
(1395,	395,	'ING',	5.6275),
(1396,	396,	'ING',	186.8377),
(1397,	397,	'ING',	359.3423),
(1398,	398,	'ING',	143.3042),
(1399,	399,	'ING',	499.7867),
(1400,	400,	'ING',	765.4428),
(1401,	401,	'ING',	659.7398),
(1402,	402,	'ING',	790.1435),
(1403,	403,	'ING',	263.0096),
(1404,	404,	'ING',	288.9913),
(1405,	405,	'ING',	983.3177),
(1406,	406,	'ING',	696.6659),
(1407,	407,	'ING',	977.6282),
(1408,	408,	'ING',	739.9300),
(1409,	409,	'ING',	1.2548),
(1410,	410,	'ING',	110.0882),
(1411,	411,	'ING',	741.0304),
(1412,	412,	'ING',	233.2786),
(1413,	413,	'ING',	600.3972),
(1414,	414,	'ING',	215.6919),
(1415,	415,	'ING',	655.8954),
(1416,	416,	'ING',	348.8615),
(1417,	417,	'ING',	574.6581),
(1418,	418,	'ING',	322.6092),
(1419,	419,	'ING',	738.3606),
(1420,	420,	'ING',	330.0974),
(1421,	421,	'ING',	481.9231),
(1422,	422,	'ING',	204.9222),
(1423,	423,	'ING',	914.7723),
(1424,	424,	'ING',	318.7511),
(1425,	425,	'ING',	641.7030),
(1426,	426,	'ING',	116.8227),
(1427,	427,	'ING',	342.3849),
(1428,	428,	'ING',	550.6421),
(1429,	429,	'ING',	373.2191),
(1430,	430,	'ING',	225.3817),
(1431,	431,	'ING',	151.2755),
(1432,	432,	'ING',	184.9418),
(1433,	433,	'ING',	573.6524),
(1434,	434,	'ING',	255.9056),
(1435,	435,	'ING',	608.4630),
(1436,	436,	'ING',	279.0305),
(1437,	437,	'ING',	49.1327),
(1438,	438,	'ING',	591.1103),
(1439,	439,	'ING',	543.1632),
(1440,	440,	'ING',	752.6929),
(1441,	441,	'ING',	692.6001),
(1442,	442,	'ING',	982.0723),
(1443,	443,	'ING',	204.0590),
(1444,	444,	'ING',	360.6771),
(1445,	445,	'ING',	774.1411),
(1446,	446,	'ING',	158.8701),
(1447,	447,	'ING',	92.6847),
(1448,	448,	'ING',	50.5671),
(1449,	449,	'ING',	479.5668),
(1450,	450,	'ING',	106.0112),
(1451,	451,	'ING',	822.7320),
(1452,	452,	'ING',	616.2726),
(1453,	453,	'ING',	961.2200),
(1454,	454,	'ING',	730.7243),
(1455,	455,	'ING',	733.8716),
(1456,	456,	'ING',	554.4947),
(1457,	457,	'ING',	78.6768),
(1458,	458,	'ING',	629.3059),
(1459,	459,	'ING',	729.4661),
(1460,	460,	'ING',	543.7361),
(1461,	461,	'ING',	854.5735),
(1462,	462,	'ING',	385.2359),
(1463,	463,	'ING',	10.5405),
(1464,	464,	'ING',	212.6420),
(1465,	465,	'ING',	297.1236),
(1466,	466,	'ING',	144.3423),
(1467,	467,	'ING',	51.2545),
(1468,	468,	'ING',	409.6822),
(1469,	469,	'ING',	635.2980),
(1470,	470,	'ING',	72.5970),
(1471,	471,	'ING',	272.4777),
(1472,	472,	'ING',	762.3379),
(1473,	473,	'ING',	651.1239),
(1474,	474,	'ING',	486.7931),
(1475,	475,	'ING',	109.5873),
(1476,	476,	'ING',	439.1317),
(1477,	477,	'ING',	50.9952),
(1478,	478,	'ING',	349.4759),
(1479,	479,	'ING',	790.7234),
(1480,	480,	'ING',	257.5891),
(1481,	481,	'ING',	131.1867),
(1482,	482,	'ING',	811.3275),
(1483,	483,	'ING',	612.1553),
(1484,	484,	'ING',	349.8405),
(1485,	485,	'ING',	118.7848),
(1486,	486,	'ING',	922.7719),
(1487,	487,	'ING',	744.6391),
(1488,	488,	'ING',	369.7686),
(1489,	489,	'ING',	876.6569),
(1490,	490,	'ING',	765.8667),
(1491,	491,	'ING',	74.4858),
(1492,	492,	'ING',	465.1833),
(1493,	493,	'ING',	765.0273),
(1494,	494,	'ING',	927.2126),
(1495,	495,	'ING',	137.1784),
(1496,	496,	'ING',	384.9009),
(1497,	497,	'ING',	822.5590),
(1498,	498,	'ING',	497.4290),
(1499,	499,	'ING',	986.8390),
(1500,	500,	'ING',	619.0828),
(1501,	501,	'ING',	563.1845),
(1502,	502,	'ING',	858.4671),
(1503,	503,	'ING',	904.3038),
(1504,	504,	'ING',	383.2839),
(1505,	505,	'ING',	746.6345),
(1506,	506,	'ING',	13.4769),
(1507,	507,	'ING',	228.3522),
(1508,	508,	'ING',	679.6482),
(1509,	509,	'ING',	174.5626),
(1510,	510,	'ING',	82.0526),
(1511,	511,	'ING',	469.3396),
(1512,	512,	'ING',	104.0544),
(1513,	513,	'ING',	820.7414),
(1514,	514,	'ING',	328.1364),
(1515,	515,	'ING',	207.9063),
(1516,	516,	'ING',	366.5268),
(1517,	517,	'ING',	159.2132),
(1518,	518,	'ING',	97.9273),
(1519,	519,	'ING',	60.6542),
(1520,	520,	'ING',	305.7634),
(1521,	521,	'ING',	28.0334),
(1522,	522,	'ING',	478.5977),
(1523,	523,	'ING',	206.8798),
(1524,	524,	'ING',	86.1381),
(1525,	525,	'ING',	723.8284),
(1526,	526,	'ING',	375.1317),
(1527,	527,	'ING',	215.6580),
(1528,	528,	'ING',	462.3463),
(1529,	529,	'ING',	387.5549),
(1530,	530,	'ING',	727.0191),
(1531,	531,	'ING',	816.5987),
(1532,	532,	'ING',	998.2863),
(1533,	533,	'ING',	36.3345),
(1534,	534,	'ING',	910.1703),
(1535,	535,	'ING',	546.8318),
(1536,	536,	'ING',	823.4411),
(1537,	537,	'ING',	987.5180),
(1538,	538,	'ING',	127.7848),
(1539,	539,	'ING',	680.4918),
(1540,	540,	'ING',	375.5627),
(1541,	541,	'ING',	180.0448),
(1542,	542,	'ING',	749.6470),
(1543,	543,	'ING',	379.1262),
(1544,	544,	'ING',	162.0106),
(1545,	545,	'ING',	470.2375),
(1546,	546,	'ING',	768.1431),
(1547,	547,	'ING',	371.8052),
(1548,	548,	'ING',	311.0363),
(1549,	549,	'ING',	441.4198),
(1550,	550,	'ING',	879.6878),
(1551,	551,	'ING',	443.8799),
(1552,	552,	'ING',	278.9432),
(1553,	553,	'ING',	748.5197),
(1554,	554,	'ING',	314.2762),
(1555,	555,	'ING',	680.2714),
(1556,	556,	'ING',	904.9059),
(1557,	557,	'ING',	536.4050),
(1558,	558,	'ING',	289.5746),
(1559,	559,	'ING',	83.3245),
(1560,	560,	'ING',	341.4332),
(1561,	561,	'ING',	247.9333),
(1562,	562,	'ING',	351.9448),
(1563,	563,	'ING',	337.3907),
(1564,	564,	'ING',	858.4084),
(1565,	565,	'ING',	338.2951),
(1566,	566,	'ING',	198.4705),
(1567,	567,	'ING',	69.3331),
(1568,	568,	'ING',	416.0719),
(1569,	569,	'ING',	467.7728),
(1570,	570,	'ING',	545.9151),
(1571,	571,	'ING',	381.4206),
(1572,	572,	'ING',	646.6092),
(1573,	573,	'ING',	685.9044),
(1574,	574,	'ING',	568.2075),
(1575,	575,	'ING',	266.5318),
(1576,	576,	'ING',	727.5933),
(1577,	577,	'ING',	510.6226),
(1578,	578,	'ING',	413.4924),
(1579,	579,	'ING',	484.3056),
(1580,	580,	'ING',	743.0919),
(1581,	581,	'ING',	82.6103),
(1582,	582,	'ING',	457.7443),
(1583,	583,	'ING',	327.0316),
(1584,	584,	'ING',	285.3895),
(1585,	585,	'ING',	57.9458),
(1586,	586,	'ING',	215.2852),
(1587,	587,	'ING',	377.0715),
(1588,	588,	'ING',	200.3174),
(1589,	589,	'ING',	914.2023),
(1590,	590,	'ING',	690.8487),
(1591,	591,	'ING',	42.0113),
(1592,	592,	'ING',	786.6119),
(1593,	593,	'ING',	106.0484),
(1594,	594,	'ING',	928.6744),
(1595,	595,	'ING',	723.6833),
(1596,	596,	'ING',	650.4032),
(1597,	597,	'ING',	922.9616),
(1598,	598,	'ING',	396.6006),
(1599,	599,	'ING',	110.9106),
(1600,	600,	'ING',	711.6064),
(1601,	601,	'ING',	467.7150),
(1602,	602,	'ING',	782.5539),
(1603,	603,	'ING',	592.9177),
(1604,	604,	'ING',	684.2816),
(1605,	605,	'ING',	567.1408),
(1606,	606,	'ING',	449.0577),
(1607,	607,	'ING',	446.6437),
(1608,	608,	'ING',	748.3588),
(1609,	609,	'ING',	888.0463),
(1610,	610,	'ING',	704.4364),
(1611,	611,	'ING',	902.2061),
(1612,	612,	'ING',	379.1465),
(1613,	613,	'ING',	567.9402),
(1614,	614,	'ING',	265.8771),
(1615,	615,	'ING',	569.6532),
(1616,	616,	'ING',	968.6172),
(1617,	617,	'ING',	202.8317),
(1618,	618,	'ING',	246.1510),
(1619,	619,	'ING',	467.0425),
(1620,	620,	'ING',	473.7732),
(1621,	621,	'ING',	920.0310),
(1622,	622,	'ING',	657.5089),
(1623,	623,	'ING',	162.4824),
(1624,	624,	'ING',	300.1712),
(1625,	625,	'ING',	37.7357),
(1626,	626,	'ING',	579.1618),
(1627,	627,	'ING',	175.1431),
(1628,	628,	'ING',	514.0860),
(1629,	629,	'ING',	799.2514),
(1630,	630,	'ING',	787.5319),
(1631,	631,	'ING',	362.0782),
(1632,	632,	'ING',	55.7939),
(1633,	633,	'ING',	467.7633),
(1634,	634,	'ING',	960.6190),
(1635,	635,	'ING',	633.3250),
(1636,	636,	'ING',	62.9322),
(1637,	637,	'ING',	251.7039),
(1638,	638,	'ING',	402.4168),
(1639,	639,	'ING',	644.3440),
(1640,	640,	'ING',	744.2157),
(1641,	641,	'ING',	395.8407),
(1642,	642,	'ING',	681.1348),
(1643,	643,	'ING',	154.7133),
(1644,	644,	'ING',	966.7929),
(1645,	645,	'ING',	655.2239),
(1646,	646,	'ING',	517.1275),
(1647,	647,	'ING',	57.2083),
(1648,	648,	'ING',	282.3641),
(1649,	649,	'ING',	455.0654),
(1650,	650,	'ING',	127.6256),
(1651,	651,	'ING',	676.3330),
(1652,	652,	'ING',	394.2018),
(1653,	653,	'ING',	492.1554),
(1654,	654,	'ING',	151.0336),
(1655,	655,	'ING',	352.2158),
(1656,	656,	'ING',	952.7747),
(1657,	657,	'ING',	340.5583),
(1658,	658,	'ING',	472.9562),
(1659,	659,	'ING',	302.5394),
(1660,	660,	'ING',	827.5958),
(1661,	661,	'ING',	870.2740),
(1662,	662,	'ING',	431.5735),
(1663,	663,	'ING',	873.4340),
(1664,	664,	'ING',	512.6648),
(1665,	665,	'ING',	247.2771),
(1666,	666,	'ING',	942.5383),
(1667,	667,	'ING',	549.1057),
(1668,	668,	'ING',	201.9154),
(1669,	669,	'ING',	187.3915),
(1670,	670,	'ING',	25.7604),
(1671,	671,	'ING',	294.3672),
(1672,	672,	'ING',	864.1956),
(1673,	673,	'ING',	962.5714),
(1674,	674,	'ING',	412.6431),
(1675,	675,	'ING',	129.1636),
(1676,	676,	'ING',	853.6037),
(1677,	677,	'ING',	943.4063),
(1678,	678,	'ING',	791.9654),
(1679,	679,	'ING',	23.4096),
(1680,	680,	'ING',	45.5591),
(1681,	681,	'ING',	943.7255),
(1682,	682,	'ING',	518.4818),
(1683,	683,	'ING',	524.6833),
(1684,	684,	'ING',	715.3343),
(1685,	685,	'ING',	317.6204),
(1686,	686,	'ING',	478.2038),
(1687,	687,	'ING',	618.1185),
(1688,	688,	'ING',	158.9029),
(1689,	689,	'ING',	732.1496),
(1690,	690,	'ING',	371.2438),
(1691,	691,	'ING',	975.5773),
(1692,	692,	'ING',	966.3834),
(1693,	693,	'ING',	138.6713),
(1694,	694,	'ING',	546.4695),
(1695,	695,	'ING',	116.7300),
(1696,	696,	'ING',	219.3972),
(1697,	697,	'ING',	894.2413),
(1698,	698,	'ING',	377.4376),
(1699,	699,	'ING',	334.6095),
(1700,	700,	'ING',	615.5357),
(1701,	701,	'ING',	693.5359),
(1702,	702,	'ING',	320.2253),
(1703,	703,	'ING',	626.3235),
(1704,	704,	'ING',	579.7547),
(1705,	705,	'ING',	92.7477),
(1706,	706,	'ING',	361.1614),
(1707,	707,	'ING',	915.8718),
(1708,	708,	'ING',	56.0854),
(1709,	709,	'ING',	797.0112),
(1710,	710,	'ING',	376.3134),
(1711,	711,	'ING',	653.5374),
(1712,	712,	'ING',	183.2281),
(1713,	713,	'ING',	923.1774),
(1714,	714,	'ING',	386.3043),
(1715,	715,	'ING',	292.1140),
(1716,	716,	'ING',	495.6079),
(1717,	717,	'ING',	246.6501),
(1718,	718,	'ING',	594.8152),
(1719,	719,	'ING',	252.8200),
(1720,	720,	'ING',	613.2558),
(1721,	721,	'ING',	495.5980),
(1722,	722,	'ING',	176.3903),
(1723,	723,	'ING',	150.8345),
(1724,	724,	'ING',	846.4858),
(1725,	725,	'ING',	164.2814),
(1726,	726,	'ING',	803.1075),
(1727,	727,	'ING',	382.5257),
(1728,	728,	'ING',	63.5273),
(1729,	729,	'ING',	995.6551),
(1730,	730,	'ING',	689.2288),
(1731,	731,	'ING',	297.8034),
(1732,	732,	'ING',	310.1603),
(1733,	733,	'ING',	976.5911),
(1734,	734,	'ING',	620.8390),
(1735,	735,	'ING',	439.8726),
(1736,	736,	'ING',	235.9614),
(1737,	737,	'ING',	318.4615),
(1738,	738,	'ING',	815.3397),
(1739,	739,	'ING',	287.8329),
(1740,	740,	'ING',	937.5044),
(1741,	741,	'ING',	46.5590),
(1742,	742,	'ING',	233.6945),
(1743,	743,	'ING',	584.9918),
(1744,	744,	'ING',	93.3186),
(1745,	745,	'ING',	582.0307),
(1746,	746,	'ING',	832.7215),
(1747,	747,	'ING',	593.0786),
(1748,	748,	'ING',	926.4813),
(1749,	749,	'ING',	707.5803),
(1750,	750,	'ING',	621.6984),
(1751,	751,	'ING',	778.0106),
(1752,	752,	'ING',	662.2734),
(1753,	753,	'ING',	349.3630),
(1754,	754,	'ING',	122.1987),
(1755,	755,	'ING',	502.4082),
(1756,	756,	'ING',	791.7609),
(1757,	757,	'ING',	205.5618),
(1758,	758,	'ING',	208.4357),
(1759,	759,	'ING',	194.8671),
(1760,	760,	'ING',	465.5209),
(1761,	761,	'ING',	181.5449),
(1762,	762,	'ING',	797.1127),
(1763,	763,	'ING',	862.6876),
(1764,	764,	'ING',	187.2771),
(1765,	765,	'ING',	610.0771),
(1766,	766,	'ING',	49.8706),
(1767,	767,	'ING',	645.0602),
(1768,	768,	'ING',	136.5982),
(1769,	769,	'ING',	412.3345),
(1770,	770,	'ING',	564.7972),
(1771,	771,	'ING',	113.4763),
(1772,	772,	'ING',	381.2293),
(1773,	773,	'ING',	69.3116),
(1774,	774,	'ING',	139.6866),
(1775,	775,	'ING',	339.1314),
(1776,	776,	'ING',	698.6284),
(1777,	777,	'ING',	553.7845),
(1778,	778,	'ING',	886.6542),
(1779,	779,	'ING',	109.2722),
(1780,	780,	'ING',	408.4197),
(1781,	781,	'ING',	185.8660),
(1782,	782,	'ING',	130.8056),
(1783,	783,	'ING',	465.8979),
(1784,	784,	'ING',	622.4881),
(1785,	785,	'ING',	467.9359),
(1786,	786,	'ING',	449.8285),
(1787,	787,	'ING',	183.6938),
(1788,	788,	'ING',	773.0132),
(1789,	789,	'ING',	790.3812),
(1790,	790,	'ING',	821.1875),
(1791,	791,	'ING',	373.3409),
(1792,	792,	'ING',	268.8199),
(1793,	793,	'ING',	327.4311),
(1794,	794,	'ING',	454.7021),
(1795,	795,	'ING',	618.8323),
(1796,	796,	'ING',	127.8335),
(1797,	797,	'ING',	324.9262),
(1798,	798,	'ING',	957.1778),
(1799,	799,	'ING',	939.4208),
(1800,	800,	'ING',	398.5700),
(1801,	801,	'ING',	845.7810),
(1802,	802,	'ING',	547.6917),
(1803,	803,	'ING',	847.8274),
(1804,	804,	'ING',	459.8603),
(1805,	805,	'ING',	256.7255),
(1806,	806,	'ING',	882.0054),
(1807,	807,	'ING',	34.7217),
(1808,	808,	'ING',	160.9850),
(1809,	809,	'ING',	169.7725),
(1810,	810,	'ING',	583.0491),
(1811,	811,	'ING',	991.3130),
(1812,	812,	'ING',	384.6472),
(1813,	813,	'ING',	249.7959),
(1814,	814,	'ING',	991.4371),
(1815,	815,	'ING',	468.7149),
(1816,	816,	'ING',	652.6143),
(1817,	817,	'ING',	502.0431),
(1818,	818,	'ING',	674.0936),
(1819,	819,	'ING',	644.4496),
(1820,	820,	'ING',	291.0637),
(1821,	821,	'ING',	753.9925),
(1822,	822,	'ING',	308.8659),
(1823,	823,	'ING',	31.0911),
(1824,	824,	'ING',	452.4444),
(1825,	825,	'ING',	881.7989),
(1826,	826,	'ING',	871.6109),
(1827,	827,	'ING',	412.1385),
(1828,	828,	'ING',	677.4909),
(1829,	829,	'ING',	978.0984),
(1830,	830,	'ING',	541.0280),
(1831,	831,	'ING',	942.6995),
(1832,	832,	'ING',	853.4063),
(1833,	833,	'ING',	274.6383),
(1834,	834,	'ING',	785.5519),
(1835,	835,	'ING',	114.1420),
(1836,	836,	'ING',	344.2777),
(1837,	837,	'ING',	382.8169),
(1838,	838,	'ING',	87.6542),
(1839,	839,	'ING',	996.2431),
(1840,	840,	'ING',	899.2437),
(1841,	841,	'ING',	608.6200),
(1842,	842,	'ING',	42.1587),
(1843,	843,	'ING',	344.3211),
(1844,	844,	'ING',	711.0688),
(1845,	845,	'ING',	271.7649),
(1846,	846,	'ING',	618.6501),
(1847,	847,	'ING',	168.4018),
(1848,	848,	'ING',	836.7826),
(1849,	849,	'ING',	505.2225),
(1850,	850,	'ING',	501.6584),
(1851,	851,	'ING',	563.4916),
(1852,	852,	'ING',	610.9966),
(1853,	853,	'ING',	454.0366),
(1854,	854,	'ING',	85.3155),
(1855,	855,	'ING',	989.9762),
(1856,	856,	'ING',	38.2997),
(1857,	857,	'ING',	191.1893),
(1858,	858,	'ING',	765.4905),
(1859,	859,	'ING',	801.5410),
(1860,	860,	'ING',	819.2944),
(1861,	861,	'ING',	796.4544),
(1862,	862,	'ING',	692.9659),
(1863,	863,	'ING',	237.9685),
(1864,	864,	'ING',	64.2796),
(1865,	865,	'ING',	353.4094),
(1866,	866,	'ING',	733.7255),
(1867,	867,	'ING',	482.5425),
(1868,	868,	'ING',	333.3695),
(1869,	869,	'ING',	578.3949),
(1870,	870,	'ING',	376.6847),
(1871,	871,	'ING',	372.0848),
(1872,	872,	'ING',	399.5695),
(1873,	873,	'ING',	111.5837),
(1874,	874,	'ING',	736.9391),
(1875,	875,	'ING',	531.1753),
(1876,	876,	'ING',	301.6122),
(1877,	877,	'ING',	442.2515),
(1878,	878,	'ING',	850.3795),
(1879,	879,	'ING',	985.3813),
(1880,	880,	'ING',	769.3547),
(1881,	881,	'ING',	161.4343),
(1882,	882,	'ING',	165.0365),
(1883,	883,	'ING',	874.1899),
(1884,	884,	'ING',	124.4372),
(1885,	885,	'ING',	280.5016),
(1886,	886,	'ING',	195.9556),
(1887,	887,	'ING',	602.5201),
(1888,	888,	'ING',	736.7798),
(1889,	889,	'ING',	789.4576),
(1890,	890,	'ING',	182.6720),
(1891,	891,	'ING',	616.1177),
(1892,	892,	'ING',	869.6700),
(1893,	893,	'ING',	942.7571),
(1894,	894,	'ING',	292.8776),
(1895,	895,	'ING',	688.0396),
(1896,	896,	'ING',	336.6721),
(1897,	897,	'ING',	689.6174),
(1898,	898,	'ING',	640.2745),
(1899,	899,	'ING',	826.7485),
(1900,	900,	'ING',	204.1848),
(1901,	901,	'ING',	622.7171),
(1902,	902,	'ING',	543.0495),
(1903,	903,	'ING',	773.5787),
(1904,	904,	'ING',	456.8058),
(1905,	905,	'ING',	262.6352),
(1906,	906,	'ING',	574.3185),
(1907,	907,	'ING',	823.2339),
(1908,	908,	'ING',	53.4435),
(1909,	909,	'ING',	694.7271),
(1910,	910,	'ING',	398.3808),
(1911,	911,	'ING',	46.8192),
(1912,	912,	'ING',	429.5687),
(1913,	913,	'ING',	581.5245),
(1914,	914,	'ING',	289.3894),
(1915,	915,	'ING',	325.4905),
(1916,	916,	'ING',	398.6900),
(1917,	917,	'ING',	882.7510),
(1918,	918,	'ING',	225.8114),
(1919,	919,	'ING',	534.6148),
(1920,	920,	'ING',	269.1195),
(1921,	921,	'ING',	983.9750),
(1922,	922,	'ING',	387.3665),
(1923,	923,	'ING',	678.2689),
(1924,	924,	'ING',	636.5229),
(1925,	925,	'ING',	34.4518),
(1926,	926,	'ING',	769.4809),
(1927,	927,	'ING',	467.8456),
(1928,	928,	'ING',	690.6820),
(1929,	929,	'ING',	284.6985),
(1930,	930,	'ING',	851.2409),
(1931,	931,	'ING',	8.6409),
(1932,	932,	'ING',	323.6162),
(1933,	933,	'ING',	614.0352),
(1934,	934,	'ING',	387.8976),
(1935,	935,	'ING',	973.9286),
(1936,	936,	'ING',	709.6942),
(1937,	937,	'ING',	193.7987),
(1938,	938,	'ING',	208.6904),
(1939,	939,	'ING',	925.5373),
(1940,	940,	'ING',	641.2300),
(1941,	941,	'ING',	919.1313),
(1942,	942,	'ING',	489.4953),
(1943,	943,	'ING',	837.1279),
(1944,	944,	'ING',	723.3012),
(1945,	945,	'ING',	517.2562),
(1946,	946,	'ING',	357.2322),
(1947,	947,	'ING',	924.0285),
(1948,	948,	'ING',	643.8954),
(1949,	949,	'ING',	565.0138),
(1950,	950,	'ING',	466.7107),
(1951,	951,	'ING',	787.9882),
(1952,	952,	'ING',	400.8424),
(1953,	953,	'ING',	992.8671),
(1954,	954,	'ING',	81.7276),
(1955,	955,	'ING',	308.2844),
(1956,	956,	'ING',	722.8435),
(1957,	957,	'ING',	82.5270),
(1958,	958,	'ING',	150.5695),
(1959,	959,	'ING',	64.3484),
(1960,	960,	'ING',	841.1514),
(1961,	961,	'ING',	52.1301),
(1962,	962,	'ING',	935.7132),
(1963,	963,	'ING',	79.2433),
(1964,	964,	'ING',	995.8518),
(1965,	965,	'ING',	861.8526),
(1966,	966,	'ING',	29.4971),
(1967,	967,	'ING',	46.4765),
(1968,	968,	'ING',	350.6935),
(1969,	969,	'ING',	486.0326),
(1970,	970,	'ING',	255.9554),
(1971,	971,	'ING',	336.0072),
(1972,	972,	'ING',	421.3173),
(1973,	973,	'ING',	853.1218),
(1974,	974,	'ING',	824.6696),
(1975,	975,	'ING',	532.4639),
(1976,	976,	'ING',	476.5671),
(1977,	977,	'ING',	853.7106),
(1978,	978,	'ING',	175.3182),
(1979,	979,	'ING',	447.1991),
(1980,	980,	'ING',	957.2572),
(1981,	981,	'ING',	68.9590),
(1982,	982,	'ING',	807.6014),
(1983,	983,	'ING',	133.2683),
(1984,	984,	'ING',	557.4278),
(1985,	985,	'ING',	947.8124),
(1986,	986,	'ING',	860.0536),
(1987,	987,	'ING',	885.5093),
(1988,	988,	'ING',	509.6565),
(1989,	989,	'ING',	739.8058),
(1990,	990,	'ING',	30.3457),
(1991,	991,	'ING',	442.7539),
(1992,	992,	'ING',	195.2913),
(1993,	993,	'ING',	124.8849),
(1994,	994,	'ING',	440.9688),
(1995,	995,	'ING',	441.7101),
(1996,	996,	'ING',	810.3023),
(1997,	997,	'ING',	800.1669),
(1998,	998,	'ING',	240.7800),
(1999,	999,	'ING',	437.8216),
(2000,	1000,	'ING',	466.5821),
(2001,	1,	'IPA',	218.6094),
(2002,	2,	'IPA',	435.1327),
(2003,	3,	'IPA',	294.6768),
(2004,	4,	'IPA',	741.3137),
(2005,	5,	'IPA',	268.3057),
(2006,	6,	'IPA',	183.9331),
(2007,	7,	'IPA',	572.3531),
(2008,	8,	'IPA',	755.3802),
(2009,	9,	'IPA',	389.8677),
(2010,	10,	'IPA',	410.2676),
(2011,	11,	'IPA',	938.1806),
(2012,	12,	'IPA',	228.2326),
(2013,	13,	'IPA',	307.7374),
(2014,	14,	'IPA',	795.3910),
(2015,	15,	'IPA',	712.6822),
(2016,	16,	'IPA',	142.4050),
(2017,	17,	'IPA',	489.2488),
(2018,	18,	'IPA',	260.6176),
(2019,	19,	'IPA',	617.6855),
(2020,	20,	'IPA',	191.7052),
(2021,	21,	'IPA',	368.8410),
(2022,	22,	'IPA',	582.9765),
(2023,	23,	'IPA',	836.4728),
(2024,	24,	'IPA',	516.4671),
(2025,	25,	'IPA',	779.0305),
(2026,	26,	'IPA',	708.7475),
(2027,	27,	'IPA',	426.2585),
(2028,	28,	'IPA',	588.4539),
(2029,	29,	'IPA',	910.3394),
(2030,	30,	'IPA',	715.3498),
(2031,	31,	'IPA',	152.0156),
(2032,	32,	'IPA',	444.5628),
(2033,	33,	'IPA',	40.5944),
(2034,	34,	'IPA',	478.0311),
(2035,	35,	'IPA',	136.0506),
(2036,	36,	'IPA',	176.1196),
(2037,	37,	'IPA',	354.6706),
(2038,	38,	'IPA',	713.7072),
(2039,	39,	'IPA',	243.4842),
(2040,	40,	'IPA',	83.0992),
(2041,	41,	'IPA',	60.6906),
(2042,	42,	'IPA',	897.7004),
(2043,	43,	'IPA',	196.2408),
(2044,	44,	'IPA',	808.5326),
(2045,	45,	'IPA',	549.2641),
(2046,	46,	'IPA',	436.3853),
(2047,	47,	'IPA',	50.5330),
(2048,	48,	'IPA',	95.8914),
(2049,	49,	'IPA',	677.5189),
(2050,	50,	'IPA',	860.2833),
(2051,	51,	'IPA',	550.5130),
(2052,	52,	'IPA',	743.1524),
(2053,	53,	'IPA',	611.1906),
(2054,	54,	'IPA',	527.3562),
(2055,	55,	'IPA',	365.3628),
(2056,	56,	'IPA',	513.8869),
(2057,	57,	'IPA',	529.6717),
(2058,	58,	'IPA',	634.5690),
(2059,	59,	'IPA',	634.7634),
(2060,	60,	'IPA',	216.5111),
(2061,	61,	'IPA',	848.9434),
(2062,	62,	'IPA',	147.3471),
(2063,	63,	'IPA',	230.1304),
(2064,	64,	'IPA',	245.1093),
(2065,	65,	'IPA',	903.6146),
(2066,	66,	'IPA',	609.5727),
(2067,	67,	'IPA',	9.2240),
(2068,	68,	'IPA',	786.5368),
(2069,	69,	'IPA',	839.4434),
(2070,	70,	'IPA',	147.9671),
(2071,	71,	'IPA',	887.9127),
(2072,	72,	'IPA',	777.7977),
(2073,	73,	'IPA',	2.1769),
(2074,	74,	'IPA',	343.2653),
(2075,	75,	'IPA',	421.2954),
(2076,	76,	'IPA',	965.1000),
(2077,	77,	'IPA',	753.2704),
(2078,	78,	'IPA',	679.3218),
(2079,	79,	'IPA',	322.9803),
(2080,	80,	'IPA',	753.7930),
(2081,	81,	'IPA',	185.8740),
(2082,	82,	'IPA',	257.8528),
(2083,	83,	'IPA',	369.1037),
(2084,	84,	'IPA',	940.7877),
(2085,	85,	'IPA',	768.0434),
(2086,	86,	'IPA',	18.6517),
(2087,	87,	'IPA',	677.7874),
(2088,	88,	'IPA',	863.7973),
(2089,	89,	'IPA',	319.7458),
(2090,	90,	'IPA',	901.4526),
(2091,	91,	'IPA',	293.5539),
(2092,	92,	'IPA',	787.0136),
(2093,	93,	'IPA',	428.3588),
(2094,	94,	'IPA',	873.6390),
(2095,	95,	'IPA',	324.1810),
(2096,	96,	'IPA',	617.8593),
(2097,	97,	'IPA',	599.0670),
(2098,	98,	'IPA',	518.0731),
(2099,	99,	'IPA',	272.9389),
(2100,	100,	'IPA',	895.6668),
(2101,	101,	'IPA',	759.8916),
(2102,	102,	'IPA',	995.7784),
(2103,	103,	'IPA',	983.1086),
(2104,	104,	'IPA',	714.4289),
(2105,	105,	'IPA',	887.4265),
(2106,	106,	'IPA',	747.1354),
(2107,	107,	'IPA',	344.8378),
(2108,	108,	'IPA',	113.7741),
(2109,	109,	'IPA',	328.6535),
(2110,	110,	'IPA',	919.5333),
(2111,	111,	'IPA',	488.0068),
(2112,	112,	'IPA',	300.1268),
(2113,	113,	'IPA',	349.7771),
(2114,	114,	'IPA',	643.1988),
(2115,	115,	'IPA',	345.3869),
(2116,	116,	'IPA',	494.2009),
(2117,	117,	'IPA',	507.5676),
(2118,	118,	'IPA',	814.1177),
(2119,	119,	'IPA',	183.7605),
(2120,	120,	'IPA',	893.7246),
(2121,	121,	'IPA',	539.2598),
(2122,	122,	'IPA',	496.3258),
(2123,	123,	'IPA',	6.2070),
(2124,	124,	'IPA',	474.9358),
(2125,	125,	'IPA',	14.3577),
(2126,	126,	'IPA',	143.0181),
(2127,	127,	'IPA',	922.3062),
(2128,	128,	'IPA',	999.1304),
(2129,	129,	'IPA',	85.4372),
(2130,	130,	'IPA',	207.5990),
(2131,	131,	'IPA',	577.1470),
(2132,	132,	'IPA',	58.0111),
(2133,	133,	'IPA',	975.6868),
(2134,	134,	'IPA',	393.4962),
(2135,	135,	'IPA',	673.0615),
(2136,	136,	'IPA',	14.5850),
(2137,	137,	'IPA',	226.7951),
(2138,	138,	'IPA',	626.2546),
(2139,	139,	'IPA',	449.9560),
(2140,	140,	'IPA',	272.4822),
(2141,	141,	'IPA',	621.6912),
(2142,	142,	'IPA',	117.5965),
(2143,	143,	'IPA',	794.9505),
(2144,	144,	'IPA',	617.6852),
(2145,	145,	'IPA',	872.9951),
(2146,	146,	'IPA',	261.6343),
(2147,	147,	'IPA',	646.1679),
(2148,	148,	'IPA',	515.4707),
(2149,	149,	'IPA',	482.7125),
(2150,	150,	'IPA',	283.3329),
(2151,	151,	'IPA',	243.0190),
(2152,	152,	'IPA',	120.0386),
(2153,	153,	'IPA',	461.9439),
(2154,	154,	'IPA',	359.2257),
(2155,	155,	'IPA',	175.3867),
(2156,	156,	'IPA',	177.1348),
(2157,	157,	'IPA',	367.8488),
(2158,	158,	'IPA',	363.1145),
(2159,	159,	'IPA',	514.4524),
(2160,	160,	'IPA',	442.1094),
(2161,	161,	'IPA',	842.9965),
(2162,	162,	'IPA',	847.5777),
(2163,	163,	'IPA',	544.6139),
(2164,	164,	'IPA',	784.7614),
(2165,	165,	'IPA',	487.2210),
(2166,	166,	'IPA',	415.2602),
(2167,	167,	'IPA',	989.3280),
(2168,	168,	'IPA',	342.3945),
(2169,	169,	'IPA',	752.0330),
(2170,	170,	'IPA',	819.1363),
(2171,	171,	'IPA',	57.2092),
(2172,	172,	'IPA',	883.5631),
(2173,	173,	'IPA',	53.6463),
(2174,	174,	'IPA',	104.6880),
(2175,	175,	'IPA',	764.3720),
(2176,	176,	'IPA',	711.7337),
(2177,	177,	'IPA',	257.4141),
(2178,	178,	'IPA',	550.3386),
(2179,	179,	'IPA',	993.8428),
(2180,	180,	'IPA',	843.1944),
(2181,	181,	'IPA',	671.2664),
(2182,	182,	'IPA',	946.6864),
(2183,	183,	'IPA',	151.8549),
(2184,	184,	'IPA',	288.9422),
(2185,	185,	'IPA',	624.2708),
(2186,	186,	'IPA',	940.2034),
(2187,	187,	'IPA',	412.5943),
(2188,	188,	'IPA',	573.1416),
(2189,	189,	'IPA',	927.5403),
(2190,	190,	'IPA',	427.7816),
(2191,	191,	'IPA',	290.7245),
(2192,	192,	'IPA',	894.9532),
(2193,	193,	'IPA',	102.0472),
(2194,	194,	'IPA',	761.5003),
(2195,	195,	'IPA',	769.0330),
(2196,	196,	'IPA',	731.3608),
(2197,	197,	'IPA',	126.3050),
(2198,	198,	'IPA',	279.6223),
(2199,	199,	'IPA',	923.8383),
(2200,	200,	'IPA',	249.2972),
(2201,	201,	'IPA',	974.8918),
(2202,	202,	'IPA',	719.3836),
(2203,	203,	'IPA',	802.5045),
(2204,	204,	'IPA',	553.5357),
(2205,	205,	'IPA',	118.5418),
(2206,	206,	'IPA',	205.9716),
(2207,	207,	'IPA',	480.9866),
(2208,	208,	'IPA',	263.0900),
(2209,	209,	'IPA',	129.5046),
(2210,	210,	'IPA',	799.7419),
(2211,	211,	'IPA',	21.4199),
(2212,	212,	'IPA',	312.6675),
(2213,	213,	'IPA',	656.7999),
(2214,	214,	'IPA',	103.6519),
(2215,	215,	'IPA',	678.4891),
(2216,	216,	'IPA',	549.1244),
(2217,	217,	'IPA',	27.2656),
(2218,	218,	'IPA',	407.9987),
(2219,	219,	'IPA',	711.7832),
(2220,	220,	'IPA',	204.5259),
(2221,	221,	'IPA',	644.9724),
(2222,	222,	'IPA',	737.1372),
(2223,	223,	'IPA',	427.7100),
(2224,	224,	'IPA',	969.3145),
(2225,	225,	'IPA',	510.3208),
(2226,	226,	'IPA',	414.1525),
(2227,	227,	'IPA',	749.5035),
(2228,	228,	'IPA',	114.5936),
(2229,	229,	'IPA',	106.6402),
(2230,	230,	'IPA',	167.3293),
(2231,	231,	'IPA',	242.8484),
(2232,	232,	'IPA',	257.1859),
(2233,	233,	'IPA',	56.0282),
(2234,	234,	'IPA',	46.5244),
(2235,	235,	'IPA',	270.2326),
(2236,	236,	'IPA',	296.7516),
(2237,	237,	'IPA',	323.1719),
(2238,	238,	'IPA',	822.7646),
(2239,	239,	'IPA',	966.5246),
(2240,	240,	'IPA',	660.8573),
(2241,	241,	'IPA',	998.5814),
(2242,	242,	'IPA',	57.5228),
(2243,	243,	'IPA',	551.6228),
(2244,	244,	'IPA',	437.0905),
(2245,	245,	'IPA',	461.3129),
(2246,	246,	'IPA',	791.8997),
(2247,	247,	'IPA',	737.1081),
(2248,	248,	'IPA',	615.9761),
(2249,	249,	'IPA',	466.3847),
(2250,	250,	'IPA',	347.1179),
(2251,	251,	'IPA',	190.7243),
(2252,	252,	'IPA',	715.4819),
(2253,	253,	'IPA',	181.3450),
(2254,	254,	'IPA',	838.9199),
(2255,	255,	'IPA',	941.5673),
(2256,	256,	'IPA',	215.9792),
(2257,	257,	'IPA',	896.3498),
(2258,	258,	'IPA',	969.7772),
(2259,	259,	'IPA',	193.6841),
(2260,	260,	'IPA',	911.4281),
(2261,	261,	'IPA',	665.2434),
(2262,	262,	'IPA',	469.3455),
(2263,	263,	'IPA',	438.8574),
(2264,	264,	'IPA',	964.7042),
(2265,	265,	'IPA',	158.7531),
(2266,	266,	'IPA',	458.1084),
(2267,	267,	'IPA',	464.5598),
(2268,	268,	'IPA',	664.1915),
(2269,	269,	'IPA',	814.3671),
(2270,	270,	'IPA',	803.3969),
(2271,	271,	'IPA',	796.2597),
(2272,	272,	'IPA',	130.8481),
(2273,	273,	'IPA',	119.4241),
(2274,	274,	'IPA',	877.9237),
(2275,	275,	'IPA',	126.3516),
(2276,	276,	'IPA',	12.3252),
(2277,	277,	'IPA',	702.5079),
(2278,	278,	'IPA',	722.3138),
(2279,	279,	'IPA',	738.7252),
(2280,	280,	'IPA',	167.7559),
(2281,	281,	'IPA',	656.0091),
(2282,	282,	'IPA',	965.5838),
(2283,	283,	'IPA',	128.0640),
(2284,	284,	'IPA',	443.1696),
(2285,	285,	'IPA',	465.3864),
(2286,	286,	'IPA',	983.8496),
(2287,	287,	'IPA',	116.2991),
(2288,	288,	'IPA',	379.7438),
(2289,	289,	'IPA',	980.2927),
(2290,	290,	'IPA',	656.5561),
(2291,	291,	'IPA',	146.8600),
(2292,	292,	'IPA',	390.8714),
(2293,	293,	'IPA',	741.3576),
(2294,	294,	'IPA',	265.9882),
(2295,	295,	'IPA',	550.3964),
(2296,	296,	'IPA',	358.9648),
(2297,	297,	'IPA',	323.2937),
(2298,	298,	'IPA',	450.5307),
(2299,	299,	'IPA',	84.4592),
(2300,	300,	'IPA',	680.7356),
(2301,	301,	'IPA',	471.6626),
(2302,	302,	'IPA',	662.4075),
(2303,	303,	'IPA',	751.1418),
(2304,	304,	'IPA',	54.9277),
(2305,	305,	'IPA',	312.4410),
(2306,	306,	'IPA',	47.4518),
(2307,	307,	'IPA',	877.9343),
(2308,	308,	'IPA',	48.9011),
(2309,	309,	'IPA',	379.1176),
(2310,	310,	'IPA',	452.6204),
(2311,	311,	'IPA',	916.0391),
(2312,	312,	'IPA',	612.7149),
(2313,	313,	'IPA',	831.4638),
(2314,	314,	'IPA',	155.7223),
(2315,	315,	'IPA',	806.7676),
(2316,	316,	'IPA',	86.7227),
(2317,	317,	'IPA',	571.2662),
(2318,	318,	'IPA',	660.6662),
(2319,	319,	'IPA',	623.3350),
(2320,	320,	'IPA',	65.1282),
(2321,	321,	'IPA',	303.1723),
(2322,	322,	'IPA',	795.9692),
(2323,	323,	'IPA',	727.8197),
(2324,	324,	'IPA',	614.1250),
(2325,	325,	'IPA',	630.0460),
(2326,	326,	'IPA',	836.4667),
(2327,	327,	'IPA',	523.1387),
(2328,	328,	'IPA',	731.6813),
(2329,	329,	'IPA',	306.7087),
(2330,	330,	'IPA',	109.1873),
(2331,	331,	'IPA',	455.7838),
(2332,	332,	'IPA',	213.9224),
(2333,	333,	'IPA',	296.9086),
(2334,	334,	'IPA',	299.9170),
(2335,	335,	'IPA',	787.0022),
(2336,	336,	'IPA',	167.9469),
(2337,	337,	'IPA',	585.7632),
(2338,	338,	'IPA',	396.1556),
(2339,	339,	'IPA',	476.3874),
(2340,	340,	'IPA',	65.1701),
(2341,	341,	'IPA',	302.2015),
(2342,	342,	'IPA',	514.8471),
(2343,	343,	'IPA',	591.9600),
(2344,	344,	'IPA',	632.7043),
(2345,	345,	'IPA',	650.4028),
(2346,	346,	'IPA',	745.5263),
(2347,	347,	'IPA',	565.4972),
(2348,	348,	'IPA',	15.9382),
(2349,	349,	'IPA',	117.9311),
(2350,	350,	'IPA',	278.3098),
(2351,	351,	'IPA',	381.1805),
(2352,	352,	'IPA',	594.2073),
(2353,	353,	'IPA',	696.3866),
(2354,	354,	'IPA',	416.1862),
(2355,	355,	'IPA',	147.6913),
(2356,	356,	'IPA',	263.1410),
(2357,	357,	'IPA',	161.7403),
(2358,	358,	'IPA',	891.1852),
(2359,	359,	'IPA',	422.9430),
(2360,	360,	'IPA',	882.6183),
(2361,	361,	'IPA',	854.1304),
(2362,	362,	'IPA',	336.3630),
(2363,	363,	'IPA',	311.8364),
(2364,	364,	'IPA',	804.2711),
(2365,	365,	'IPA',	678.8944),
(2366,	366,	'IPA',	25.6352),
(2367,	367,	'IPA',	391.0457),
(2368,	368,	'IPA',	630.7199),
(2369,	369,	'IPA',	460.4680),
(2370,	370,	'IPA',	732.1462),
(2371,	371,	'IPA',	226.7055),
(2372,	372,	'IPA',	845.8385),
(2373,	373,	'IPA',	440.7328),
(2374,	374,	'IPA',	76.9650),
(2375,	375,	'IPA',	848.1938),
(2376,	376,	'IPA',	175.3401),
(2377,	377,	'IPA',	630.0695),
(2378,	378,	'IPA',	640.8855),
(2379,	379,	'IPA',	354.0986),
(2380,	380,	'IPA',	69.5350),
(2381,	381,	'IPA',	811.3960),
(2382,	382,	'IPA',	841.4093),
(2383,	383,	'IPA',	855.1665),
(2384,	384,	'IPA',	938.0463),
(2385,	385,	'IPA',	263.1687),
(2386,	386,	'IPA',	276.4511),
(2387,	387,	'IPA',	276.7568),
(2388,	388,	'IPA',	420.4286),
(2389,	389,	'IPA',	293.3185),
(2390,	390,	'IPA',	793.6328),
(2391,	391,	'IPA',	453.0963),
(2392,	392,	'IPA',	550.8985),
(2393,	393,	'IPA',	997.0349),
(2394,	394,	'IPA',	530.0294),
(2395,	395,	'IPA',	546.9049),
(2396,	396,	'IPA',	88.1021),
(2397,	397,	'IPA',	439.9925),
(2398,	398,	'IPA',	136.7720),
(2399,	399,	'IPA',	462.1054),
(2400,	400,	'IPA',	694.2314),
(2401,	401,	'IPA',	156.8611),
(2402,	402,	'IPA',	583.3619),
(2403,	403,	'IPA',	897.8457),
(2404,	404,	'IPA',	351.4995),
(2405,	405,	'IPA',	920.0806),
(2406,	406,	'IPA',	544.6104),
(2407,	407,	'IPA',	262.6189),
(2408,	408,	'IPA',	456.7857),
(2409,	409,	'IPA',	687.5451),
(2410,	410,	'IPA',	725.7917),
(2411,	411,	'IPA',	239.8798),
(2412,	412,	'IPA',	134.2921),
(2413,	413,	'IPA',	844.2930),
(2414,	414,	'IPA',	977.5197),
(2415,	415,	'IPA',	734.4518),
(2416,	416,	'IPA',	438.7248),
(2417,	417,	'IPA',	64.7394),
(2418,	418,	'IPA',	260.9314),
(2419,	419,	'IPA',	75.2293),
(2420,	420,	'IPA',	448.6979),
(2421,	421,	'IPA',	840.0994),
(2422,	422,	'IPA',	268.7013),
(2423,	423,	'IPA',	832.3297),
(2424,	424,	'IPA',	514.6906),
(2425,	425,	'IPA',	424.3742),
(2426,	426,	'IPA',	233.3566),
(2427,	427,	'IPA',	206.5416),
(2428,	428,	'IPA',	28.2941),
(2429,	429,	'IPA',	576.5943),
(2430,	430,	'IPA',	125.0796),
(2431,	431,	'IPA',	305.9719),
(2432,	432,	'IPA',	446.1272),
(2433,	433,	'IPA',	827.9456),
(2434,	434,	'IPA',	250.3678),
(2435,	435,	'IPA',	131.9943),
(2436,	436,	'IPA',	207.0838),
(2437,	437,	'IPA',	633.8837),
(2438,	438,	'IPA',	616.5080),
(2439,	439,	'IPA',	403.7680),
(2440,	440,	'IPA',	727.1081),
(2441,	441,	'IPA',	765.3188),
(2442,	442,	'IPA',	944.1332),
(2443,	443,	'IPA',	935.8988),
(2444,	444,	'IPA',	391.5161),
(2445,	445,	'IPA',	910.9968),
(2446,	446,	'IPA',	784.4154),
(2447,	447,	'IPA',	538.7354),
(2448,	448,	'IPA',	659.5740),
(2449,	449,	'IPA',	330.8379),
(2450,	450,	'IPA',	122.0719),
(2451,	451,	'IPA',	557.3271),
(2452,	452,	'IPA',	277.6911),
(2453,	453,	'IPA',	667.8611),
(2454,	454,	'IPA',	406.4146),
(2455,	455,	'IPA',	751.5718),
(2456,	456,	'IPA',	854.7653),
(2457,	457,	'IPA',	122.8649),
(2458,	458,	'IPA',	382.1587),
(2459,	459,	'IPA',	40.5959),
(2460,	460,	'IPA',	614.3763),
(2461,	461,	'IPA',	976.5817),
(2462,	462,	'IPA',	634.2263),
(2463,	463,	'IPA',	990.2677),
(2464,	464,	'IPA',	975.8984),
(2465,	465,	'IPA',	409.2172),
(2466,	466,	'IPA',	976.2024),
(2467,	467,	'IPA',	848.2868),
(2468,	468,	'IPA',	191.7753),
(2469,	469,	'IPA',	212.4946),
(2470,	470,	'IPA',	749.5339),
(2471,	471,	'IPA',	308.7173),
(2472,	472,	'IPA',	196.4674),
(2473,	473,	'IPA',	173.4727),
(2474,	474,	'IPA',	838.0535),
(2475,	475,	'IPA',	301.4806),
(2476,	476,	'IPA',	79.7531),
(2477,	477,	'IPA',	833.8071),
(2478,	478,	'IPA',	123.8906),
(2479,	479,	'IPA',	291.9403),
(2480,	480,	'IPA',	840.9086),
(2481,	481,	'IPA',	361.3103),
(2482,	482,	'IPA',	21.9170),
(2483,	483,	'IPA',	840.1903),
(2484,	484,	'IPA',	372.5453),
(2485,	485,	'IPA',	497.1699),
(2486,	486,	'IPA',	70.5766),
(2487,	487,	'IPA',	68.5443),
(2488,	488,	'IPA',	973.9659),
(2489,	489,	'IPA',	572.6340),
(2490,	490,	'IPA',	2.3757),
(2491,	491,	'IPA',	61.9893),
(2492,	492,	'IPA',	448.7848),
(2493,	493,	'IPA',	515.2062),
(2494,	494,	'IPA',	607.2508),
(2495,	495,	'IPA',	327.8890),
(2496,	496,	'IPA',	886.4414),
(2497,	497,	'IPA',	530.4230),
(2498,	498,	'IPA',	65.7104),
(2499,	499,	'IPA',	431.4962),
(2500,	500,	'IPA',	273.5811),
(2501,	501,	'IPA',	883.9325),
(2502,	502,	'IPA',	837.1412),
(2503,	503,	'IPA',	669.5464),
(2504,	504,	'IPA',	990.3104),
(2505,	505,	'IPA',	751.5344),
(2506,	506,	'IPA',	940.5058),
(2507,	507,	'IPA',	22.2223),
(2508,	508,	'IPA',	402.7189),
(2509,	509,	'IPA',	648.8886),
(2510,	510,	'IPA',	907.4906),
(2511,	511,	'IPA',	500.9613),
(2512,	512,	'IPA',	178.9822),
(2513,	513,	'IPA',	190.8461),
(2514,	514,	'IPA',	509.0186),
(2515,	515,	'IPA',	947.0244),
(2516,	516,	'IPA',	339.4275),
(2517,	517,	'IPA',	491.3319),
(2518,	518,	'IPA',	232.1310),
(2519,	519,	'IPA',	844.4406),
(2520,	520,	'IPA',	298.0470),
(2521,	521,	'IPA',	920.2457),
(2522,	522,	'IPA',	277.9947),
(2523,	523,	'IPA',	503.6847),
(2524,	524,	'IPA',	300.2647),
(2525,	525,	'IPA',	739.0341),
(2526,	526,	'IPA',	157.4879),
(2527,	527,	'IPA',	175.3800),
(2528,	528,	'IPA',	479.4811),
(2529,	529,	'IPA',	903.1502),
(2530,	530,	'IPA',	183.1560),
(2531,	531,	'IPA',	898.1795),
(2532,	532,	'IPA',	299.1688),
(2533,	533,	'IPA',	767.9389),
(2534,	534,	'IPA',	943.2144),
(2535,	535,	'IPA',	599.2632),
(2536,	536,	'IPA',	142.6760),
(2537,	537,	'IPA',	674.8851),
(2538,	538,	'IPA',	949.5269),
(2539,	539,	'IPA',	424.5645),
(2540,	540,	'IPA',	577.8190),
(2541,	541,	'IPA',	178.6186),
(2542,	542,	'IPA',	596.1015),
(2543,	543,	'IPA',	469.3227),
(2544,	544,	'IPA',	744.8433),
(2545,	545,	'IPA',	721.0624),
(2546,	546,	'IPA',	610.9768),
(2547,	547,	'IPA',	825.5431),
(2548,	548,	'IPA',	305.3772),
(2549,	549,	'IPA',	204.3240),
(2550,	550,	'IPA',	100.1720),
(2551,	551,	'IPA',	967.3863),
(2552,	552,	'IPA',	140.0709),
(2553,	553,	'IPA',	245.3873),
(2554,	554,	'IPA',	530.8621),
(2555,	555,	'IPA',	838.3891),
(2556,	556,	'IPA',	39.3247),
(2557,	557,	'IPA',	250.9990),
(2558,	558,	'IPA',	348.6437),
(2559,	559,	'IPA',	798.6383),
(2560,	560,	'IPA',	724.4377),
(2561,	561,	'IPA',	781.1999),
(2562,	562,	'IPA',	492.0634),
(2563,	563,	'IPA',	729.0552),
(2564,	564,	'IPA',	382.2425),
(2565,	565,	'IPA',	558.5988),
(2566,	566,	'IPA',	664.8189),
(2567,	567,	'IPA',	13.3484),
(2568,	568,	'IPA',	145.5712),
(2569,	569,	'IPA',	477.1882),
(2570,	570,	'IPA',	500.6081),
(2571,	571,	'IPA',	427.8849),
(2572,	572,	'IPA',	834.5670),
(2573,	573,	'IPA',	823.2142),
(2574,	574,	'IPA',	99.0246),
(2575,	575,	'IPA',	713.9825),
(2576,	576,	'IPA',	267.4910),
(2577,	577,	'IPA',	162.5652),
(2578,	578,	'IPA',	809.2441),
(2579,	579,	'IPA',	890.8987),
(2580,	580,	'IPA',	889.7463),
(2581,	581,	'IPA',	465.8058),
(2582,	582,	'IPA',	637.9612),
(2583,	583,	'IPA',	330.1869),
(2584,	584,	'IPA',	322.2604),
(2585,	585,	'IPA',	135.0761),
(2586,	586,	'IPA',	710.9684),
(2587,	587,	'IPA',	380.2896),
(2588,	588,	'IPA',	187.4804),
(2589,	589,	'IPA',	345.3692),
(2590,	590,	'IPA',	543.6406),
(2591,	591,	'IPA',	9.4769),
(2592,	592,	'IPA',	549.1613),
(2593,	593,	'IPA',	466.2266),
(2594,	594,	'IPA',	252.5922),
(2595,	595,	'IPA',	503.5532),
(2596,	596,	'IPA',	708.4645),
(2597,	597,	'IPA',	967.2271),
(2598,	598,	'IPA',	3.9572),
(2599,	599,	'IPA',	774.9724),
(2600,	600,	'IPA',	216.8687),
(2601,	601,	'IPA',	848.8697),
(2602,	602,	'IPA',	396.0072),
(2603,	603,	'IPA',	775.1433),
(2604,	604,	'IPA',	500.0732),
(2605,	605,	'IPA',	298.5068),
(2606,	606,	'IPA',	280.4429),
(2607,	607,	'IPA',	134.2427),
(2608,	608,	'IPA',	645.1227),
(2609,	609,	'IPA',	586.6292),
(2610,	610,	'IPA',	556.1029),
(2611,	611,	'IPA',	615.1949),
(2612,	612,	'IPA',	4.2792),
(2613,	613,	'IPA',	156.7261),
(2614,	614,	'IPA',	537.1584),
(2615,	615,	'IPA',	384.4511),
(2616,	616,	'IPA',	290.2368),
(2617,	617,	'IPA',	498.7554),
(2618,	618,	'IPA',	653.9168),
(2619,	619,	'IPA',	451.7854),
(2620,	620,	'IPA',	984.7811),
(2621,	621,	'IPA',	839.9161),
(2622,	622,	'IPA',	426.4424),
(2623,	623,	'IPA',	507.7688),
(2624,	624,	'IPA',	387.5568),
(2625,	625,	'IPA',	968.1501),
(2626,	626,	'IPA',	851.9485),
(2627,	627,	'IPA',	480.3187),
(2628,	628,	'IPA',	343.6461),
(2629,	629,	'IPA',	309.3800),
(2630,	630,	'IPA',	188.4140),
(2631,	631,	'IPA',	378.0551),
(2632,	632,	'IPA',	33.9967),
(2633,	633,	'IPA',	675.0652),
(2634,	634,	'IPA',	137.7729),
(2635,	635,	'IPA',	771.4742),
(2636,	636,	'IPA',	515.3063),
(2637,	637,	'IPA',	545.0253),
(2638,	638,	'IPA',	729.4500),
(2639,	639,	'IPA',	723.2434),
(2640,	640,	'IPA',	725.4802),
(2641,	641,	'IPA',	626.0722),
(2642,	642,	'IPA',	112.9960),
(2643,	643,	'IPA',	681.4967),
(2644,	644,	'IPA',	515.8727),
(2645,	645,	'IPA',	282.6625),
(2646,	646,	'IPA',	103.5068),
(2647,	647,	'IPA',	266.0687),
(2648,	648,	'IPA',	347.2306),
(2649,	649,	'IPA',	927.2605),
(2650,	650,	'IPA',	986.1418),
(2651,	651,	'IPA',	656.0057),
(2652,	652,	'IPA',	478.3709),
(2653,	653,	'IPA',	325.6393),
(2654,	654,	'IPA',	252.4478),
(2655,	655,	'IPA',	377.0517),
(2656,	656,	'IPA',	244.3440),
(2657,	657,	'IPA',	299.5554),
(2658,	658,	'IPA',	721.2619),
(2659,	659,	'IPA',	291.9613),
(2660,	660,	'IPA',	562.7826),
(2661,	661,	'IPA',	311.9651),
(2662,	662,	'IPA',	941.8284),
(2663,	663,	'IPA',	693.5567),
(2664,	664,	'IPA',	353.8795),
(2665,	665,	'IPA',	12.9774),
(2666,	666,	'IPA',	315.9404),
(2667,	667,	'IPA',	691.6693),
(2668,	668,	'IPA',	537.0030),
(2669,	669,	'IPA',	167.3807),
(2670,	670,	'IPA',	233.6596),
(2671,	671,	'IPA',	67.6443),
(2672,	672,	'IPA',	751.3497),
(2673,	673,	'IPA',	977.7050),
(2674,	674,	'IPA',	892.4459),
(2675,	675,	'IPA',	418.9525),
(2676,	676,	'IPA',	949.5597),
(2677,	677,	'IPA',	508.1635),
(2678,	678,	'IPA',	593.5273),
(2679,	679,	'IPA',	919.0200),
(2680,	680,	'IPA',	728.4940),
(2681,	681,	'IPA',	739.7423),
(2682,	682,	'IPA',	320.5812),
(2683,	683,	'IPA',	728.5303),
(2684,	684,	'IPA',	361.2374),
(2685,	685,	'IPA',	53.6472),
(2686,	686,	'IPA',	187.6033),
(2687,	687,	'IPA',	197.4316),
(2688,	688,	'IPA',	912.5939),
(2689,	689,	'IPA',	479.6207),
(2690,	690,	'IPA',	550.5069),
(2691,	691,	'IPA',	487.7597),
(2692,	692,	'IPA',	992.8204),
(2693,	693,	'IPA',	763.2665),
(2694,	694,	'IPA',	888.3029),
(2695,	695,	'IPA',	870.6384),
(2696,	696,	'IPA',	772.9733),
(2697,	697,	'IPA',	77.4207),
(2698,	698,	'IPA',	776.9957),
(2699,	699,	'IPA',	984.9036),
(2700,	700,	'IPA',	805.7530),
(2701,	701,	'IPA',	934.1683),
(2702,	702,	'IPA',	427.3900),
(2703,	703,	'IPA',	741.0888),
(2704,	704,	'IPA',	789.4543),
(2705,	705,	'IPA',	832.6393),
(2706,	706,	'IPA',	186.8649),
(2707,	707,	'IPA',	415.7292),
(2708,	708,	'IPA',	456.6209),
(2709,	709,	'IPA',	344.2894),
(2710,	710,	'IPA',	346.5769),
(2711,	711,	'IPA',	421.2396),
(2712,	712,	'IPA',	703.0765),
(2713,	713,	'IPA',	302.6908),
(2714,	714,	'IPA',	10.8495),
(2715,	715,	'IPA',	477.3308),
(2716,	716,	'IPA',	155.4967),
(2717,	717,	'IPA',	464.3369),
(2718,	718,	'IPA',	949.4304),
(2719,	719,	'IPA',	656.6536),
(2720,	720,	'IPA',	167.4716),
(2721,	721,	'IPA',	346.0197),
(2722,	722,	'IPA',	121.1870),
(2723,	723,	'IPA',	368.6549),
(2724,	724,	'IPA',	198.9541),
(2725,	725,	'IPA',	867.1699),
(2726,	726,	'IPA',	359.6122),
(2727,	727,	'IPA',	156.8415),
(2728,	728,	'IPA',	44.5066),
(2729,	729,	'IPA',	829.0961),
(2730,	730,	'IPA',	888.4876),
(2731,	731,	'IPA',	690.2723),
(2732,	732,	'IPA',	404.9343),
(2733,	733,	'IPA',	363.3456),
(2734,	734,	'IPA',	602.4968),
(2735,	735,	'IPA',	753.8401),
(2736,	736,	'IPA',	842.6509),
(2737,	737,	'IPA',	585.7570),
(2738,	738,	'IPA',	92.0685),
(2739,	739,	'IPA',	369.2189),
(2740,	740,	'IPA',	328.5393),
(2741,	741,	'IPA',	901.4935),
(2742,	742,	'IPA',	313.6236),
(2743,	743,	'IPA',	932.6755),
(2744,	744,	'IPA',	540.6757),
(2745,	745,	'IPA',	579.1174),
(2746,	746,	'IPA',	145.9633),
(2747,	747,	'IPA',	204.8043),
(2748,	748,	'IPA',	999.4659),
(2749,	749,	'IPA',	948.6336),
(2750,	750,	'IPA',	535.5629),
(2751,	751,	'IPA',	521.3325),
(2752,	752,	'IPA',	184.8776),
(2753,	753,	'IPA',	490.7553),
(2754,	754,	'IPA',	648.4323),
(2755,	755,	'IPA',	520.2270),
(2756,	756,	'IPA',	583.9870),
(2757,	757,	'IPA',	464.0291),
(2758,	758,	'IPA',	801.3977),
(2759,	759,	'IPA',	236.6093),
(2760,	760,	'IPA',	904.3271),
(2761,	761,	'IPA',	39.4101),
(2762,	762,	'IPA',	883.4437),
(2763,	763,	'IPA',	416.4491),
(2764,	764,	'IPA',	851.0941),
(2765,	765,	'IPA',	646.3663),
(2766,	766,	'IPA',	59.9844),
(2767,	767,	'IPA',	914.5330),
(2768,	768,	'IPA',	714.0877),
(2769,	769,	'IPA',	308.4058),
(2770,	770,	'IPA',	870.4144),
(2771,	771,	'IPA',	425.8086),
(2772,	772,	'IPA',	197.5846),
(2773,	773,	'IPA',	655.6635),
(2774,	774,	'IPA',	847.4922),
(2775,	775,	'IPA',	523.8222),
(2776,	776,	'IPA',	718.0346),
(2777,	777,	'IPA',	554.8957),
(2778,	778,	'IPA',	117.8148),
(2779,	779,	'IPA',	211.1781),
(2780,	780,	'IPA',	724.5156),
(2781,	781,	'IPA',	333.6516),
(2782,	782,	'IPA',	736.7430),
(2783,	783,	'IPA',	786.3395),
(2784,	784,	'IPA',	298.7182),
(2785,	785,	'IPA',	422.4092),
(2786,	786,	'IPA',	785.4636),
(2787,	787,	'IPA',	0.6854),
(2788,	788,	'IPA',	525.0931),
(2789,	789,	'IPA',	861.8426),
(2790,	790,	'IPA',	180.0441),
(2791,	791,	'IPA',	615.9339),
(2792,	792,	'IPA',	529.6186),
(2793,	793,	'IPA',	961.0443),
(2794,	794,	'IPA',	349.8697),
(2795,	795,	'IPA',	19.3135),
(2796,	796,	'IPA',	290.5449),
(2797,	797,	'IPA',	420.7887),
(2798,	798,	'IPA',	157.9091),
(2799,	799,	'IPA',	744.6931),
(2800,	800,	'IPA',	619.2287),
(2801,	801,	'IPA',	464.0175),
(2802,	802,	'IPA',	947.5342),
(2803,	803,	'IPA',	682.8133),
(2804,	804,	'IPA',	662.6613),
(2805,	805,	'IPA',	600.3803),
(2806,	806,	'IPA',	308.0669),
(2807,	807,	'IPA',	163.9303),
(2808,	808,	'IPA',	102.2160),
(2809,	809,	'IPA',	4.5143),
(2810,	810,	'IPA',	406.9788),
(2811,	811,	'IPA',	175.8338),
(2812,	812,	'IPA',	195.4170),
(2813,	813,	'IPA',	687.1423),
(2814,	814,	'IPA',	777.1094),
(2815,	815,	'IPA',	197.2138),
(2816,	816,	'IPA',	582.4359),
(2817,	817,	'IPA',	274.1816),
(2818,	818,	'IPA',	164.9978),
(2819,	819,	'IPA',	516.4199),
(2820,	820,	'IPA',	430.9094),
(2821,	821,	'IPA',	618.4773),
(2822,	822,	'IPA',	248.6009),
(2823,	823,	'IPA',	954.3001),
(2824,	824,	'IPA',	277.0607),
(2825,	825,	'IPA',	30.5441),
(2826,	826,	'IPA',	129.6137),
(2827,	827,	'IPA',	272.5992),
(2828,	828,	'IPA',	217.0998),
(2829,	829,	'IPA',	345.2812),
(2830,	830,	'IPA',	257.2338),
(2831,	831,	'IPA',	394.0589),
(2832,	832,	'IPA',	571.4205),
(2833,	833,	'IPA',	665.4709),
(2834,	834,	'IPA',	587.1879),
(2835,	835,	'IPA',	607.2676),
(2836,	836,	'IPA',	863.4045),
(2837,	837,	'IPA',	212.4331),
(2838,	838,	'IPA',	908.8346),
(2839,	839,	'IPA',	426.3532),
(2840,	840,	'IPA',	230.4050),
(2841,	841,	'IPA',	290.3200),
(2842,	842,	'IPA',	626.9088),
(2843,	843,	'IPA',	11.3716),
(2844,	844,	'IPA',	110.3038),
(2845,	845,	'IPA',	940.8968),
(2846,	846,	'IPA',	254.6869),
(2847,	847,	'IPA',	734.9153),
(2848,	848,	'IPA',	562.4883),
(2849,	849,	'IPA',	441.4211),
(2850,	850,	'IPA',	300.2438),
(2851,	851,	'IPA',	831.4865),
(2852,	852,	'IPA',	306.3644),
(2853,	853,	'IPA',	491.3355),
(2854,	854,	'IPA',	157.8280),
(2855,	855,	'IPA',	256.2721),
(2856,	856,	'IPA',	629.4292),
(2857,	857,	'IPA',	590.2718),
(2858,	858,	'IPA',	383.8209),
(2859,	859,	'IPA',	135.0018),
(2860,	860,	'IPA',	966.9267),
(2861,	861,	'IPA',	613.0957),
(2862,	862,	'IPA',	298.2780),
(2863,	863,	'IPA',	576.6546),
(2864,	864,	'IPA',	282.1561),
(2865,	865,	'IPA',	164.3552),
(2866,	866,	'IPA',	362.8251),
(2867,	867,	'IPA',	998.0711),
(2868,	868,	'IPA',	268.4637),
(2869,	869,	'IPA',	461.4130),
(2870,	870,	'IPA',	494.8603),
(2871,	871,	'IPA',	17.5661),
(2872,	872,	'IPA',	349.7004),
(2873,	873,	'IPA',	644.7470),
(2874,	874,	'IPA',	133.9381),
(2875,	875,	'IPA',	747.0676),
(2876,	876,	'IPA',	794.3354),
(2877,	877,	'IPA',	919.3126),
(2878,	878,	'IPA',	746.7165),
(2879,	879,	'IPA',	464.2679),
(2880,	880,	'IPA',	962.4043),
(2881,	881,	'IPA',	974.8469),
(2882,	882,	'IPA',	224.2378),
(2883,	883,	'IPA',	954.2688),
(2884,	884,	'IPA',	208.5864),
(2885,	885,	'IPA',	539.0398),
(2886,	886,	'IPA',	974.7456),
(2887,	887,	'IPA',	72.5040),
(2888,	888,	'IPA',	797.8641),
(2889,	889,	'IPA',	912.9379),
(2890,	890,	'IPA',	842.0891),
(2891,	891,	'IPA',	671.6307),
(2892,	892,	'IPA',	341.7649),
(2893,	893,	'IPA',	678.6277),
(2894,	894,	'IPA',	700.6616),
(2895,	895,	'IPA',	120.7992),
(2896,	896,	'IPA',	961.1764),
(2897,	897,	'IPA',	688.2565),
(2898,	898,	'IPA',	333.1109),
(2899,	899,	'IPA',	845.3653),
(2900,	900,	'IPA',	178.0640),
(2901,	901,	'IPA',	789.4239),
(2902,	902,	'IPA',	211.0807),
(2903,	903,	'IPA',	737.2835),
(2904,	904,	'IPA',	53.0798),
(2905,	905,	'IPA',	483.3976),
(2906,	906,	'IPA',	524.6366),
(2907,	907,	'IPA',	335.2708),
(2908,	908,	'IPA',	313.7279),
(2909,	909,	'IPA',	686.9477),
(2910,	910,	'IPA',	827.4394),
(2911,	911,	'IPA',	437.1590),
(2912,	912,	'IPA',	952.5592),
(2913,	913,	'IPA',	742.3307),
(2914,	914,	'IPA',	678.2567),
(2915,	915,	'IPA',	33.8818),
(2916,	916,	'IPA',	537.1052),
(2917,	917,	'IPA',	399.3770),
(2918,	918,	'IPA',	673.6038),
(2919,	919,	'IPA',	304.7539),
(2920,	920,	'IPA',	475.9799),
(2921,	921,	'IPA',	470.7120),
(2922,	922,	'IPA',	347.7677),
(2923,	923,	'IPA',	845.7775),
(2924,	924,	'IPA',	707.7115),
(2925,	925,	'IPA',	715.1532),
(2926,	926,	'IPA',	906.0944),
(2927,	927,	'IPA',	899.2714),
(2928,	928,	'IPA',	275.6654),
(2929,	929,	'IPA',	203.0651),
(2930,	930,	'IPA',	83.9587),
(2931,	931,	'IPA',	540.3115),
(2932,	932,	'IPA',	309.7550),
(2933,	933,	'IPA',	323.0370),
(2934,	934,	'IPA',	776.8808),
(2935,	935,	'IPA',	83.1330),
(2936,	936,	'IPA',	586.8694),
(2937,	937,	'IPA',	15.4922),
(2938,	938,	'IPA',	650.6255),
(2939,	939,	'IPA',	966.0960),
(2940,	940,	'IPA',	375.0768),
(2941,	941,	'IPA',	494.2900),
(2942,	942,	'IPA',	215.3914),
(2943,	943,	'IPA',	514.3756),
(2944,	944,	'IPA',	30.0901),
(2945,	945,	'IPA',	83.5511),
(2946,	946,	'IPA',	147.3862),
(2947,	947,	'IPA',	233.2065),
(2948,	948,	'IPA',	2.2173),
(2949,	949,	'IPA',	809.1744),
(2950,	950,	'IPA',	299.3724),
(2951,	951,	'IPA',	647.4547),
(2952,	952,	'IPA',	137.3785),
(2953,	953,	'IPA',	615.3463),
(2954,	954,	'IPA',	904.9099),
(2955,	955,	'IPA',	959.6065),
(2956,	956,	'IPA',	960.8302),
(2957,	957,	'IPA',	373.0869),
(2958,	958,	'IPA',	604.5229),
(2959,	959,	'IPA',	530.5496),
(2960,	960,	'IPA',	872.7642),
(2961,	961,	'IPA',	550.5053),
(2962,	962,	'IPA',	642.1256),
(2963,	963,	'IPA',	537.7672),
(2964,	964,	'IPA',	322.5946),
(2965,	965,	'IPA',	433.3458),
(2966,	966,	'IPA',	363.3623),
(2967,	967,	'IPA',	503.4327),
(2968,	968,	'IPA',	35.2526),
(2969,	969,	'IPA',	984.9273),
(2970,	970,	'IPA',	274.3599),
(2971,	971,	'IPA',	123.2896),
(2972,	972,	'IPA',	327.8595),
(2973,	973,	'IPA',	232.1212),
(2974,	974,	'IPA',	487.7980),
(2975,	975,	'IPA',	967.3299),
(2976,	976,	'IPA',	19.6208),
(2977,	977,	'IPA',	966.2082),
(2978,	978,	'IPA',	310.4427),
(2979,	979,	'IPA',	794.3740),
(2980,	980,	'IPA',	505.5385),
(2981,	981,	'IPA',	823.3239),
(2982,	982,	'IPA',	712.2262),
(2983,	983,	'IPA',	364.4188),
(2984,	984,	'IPA',	363.0453),
(2985,	985,	'IPA',	232.4599),
(2986,	986,	'IPA',	11.7390),
(2987,	987,	'IPA',	21.6084),
(2988,	988,	'IPA',	455.9222),
(2989,	989,	'IPA',	981.3049),
(2990,	990,	'IPA',	542.0706),
(2991,	991,	'IPA',	952.1901),
(2992,	992,	'IPA',	547.1511),
(2993,	993,	'IPA',	185.0786),
(2994,	994,	'IPA',	766.5641),
(2995,	995,	'IPA',	92.8030),
(2996,	996,	'IPA',	447.1758),
(2997,	997,	'IPA',	365.6791),
(2998,	998,	'IPA',	309.0873),
(2999,	999,	'IPA',	981.7013),
(3000,	1000,	'IPA',	57.1097),
(3001,	1,	'IPS',	375.4116),
(3002,	2,	'IPS',	690.3370),
(3003,	3,	'IPS',	217.6741),
(3004,	4,	'IPS',	487.9230),
(3005,	5,	'IPS',	17.5609),
(3006,	6,	'IPS',	544.3121),
(3007,	7,	'IPS',	66.5976),
(3008,	8,	'IPS',	951.7814),
(3009,	9,	'IPS',	166.7916),
(3010,	10,	'IPS',	953.7589),
(3011,	11,	'IPS',	358.9698),
(3012,	12,	'IPS',	907.3702),
(3013,	13,	'IPS',	148.1213),
(3014,	14,	'IPS',	660.5117),
(3015,	15,	'IPS',	97.1050),
(3016,	16,	'IPS',	434.6897),
(3017,	17,	'IPS',	203.3435),
(3018,	18,	'IPS',	344.6958),
(3019,	19,	'IPS',	374.9262),
(3020,	20,	'IPS',	298.7997),
(3021,	21,	'IPS',	483.7224),
(3022,	22,	'IPS',	534.5663),
(3023,	23,	'IPS',	504.0737),
(3024,	24,	'IPS',	707.3887),
(3025,	25,	'IPS',	313.8721),
(3026,	26,	'IPS',	233.3517),
(3027,	27,	'IPS',	317.6491),
(3028,	28,	'IPS',	308.4794),
(3029,	29,	'IPS',	123.4029),
(3030,	30,	'IPS',	587.1039),
(3031,	31,	'IPS',	749.6364),
(3032,	32,	'IPS',	282.2584),
(3033,	33,	'IPS',	284.3968),
(3034,	34,	'IPS',	532.1033),
(3035,	35,	'IPS',	283.2635),
(3036,	36,	'IPS',	794.4068),
(3037,	37,	'IPS',	547.3295),
(3038,	38,	'IPS',	591.1584),
(3039,	39,	'IPS',	639.9019),
(3040,	40,	'IPS',	819.1083),
(3041,	41,	'IPS',	29.3162),
(3042,	42,	'IPS',	152.9922),
(3043,	43,	'IPS',	407.8100),
(3044,	44,	'IPS',	894.3317),
(3045,	45,	'IPS',	223.3861),
(3046,	46,	'IPS',	16.6434),
(3047,	47,	'IPS',	658.7623),
(3048,	48,	'IPS',	397.3719),
(3049,	49,	'IPS',	321.9616),
(3050,	50,	'IPS',	715.2406),
(3051,	51,	'IPS',	847.2610),
(3052,	52,	'IPS',	639.0592),
(3053,	53,	'IPS',	143.5564),
(3054,	54,	'IPS',	132.9409),
(3055,	55,	'IPS',	933.7231),
(3056,	56,	'IPS',	451.4693),
(3057,	57,	'IPS',	260.9762),
(3058,	58,	'IPS',	256.5053),
(3059,	59,	'IPS',	469.1165),
(3060,	60,	'IPS',	919.0156),
(3061,	61,	'IPS',	411.3331),
(3062,	62,	'IPS',	426.8427),
(3063,	63,	'IPS',	68.4396),
(3064,	64,	'IPS',	4.3938),
(3065,	65,	'IPS',	288.8090),
(3066,	66,	'IPS',	369.4686),
(3067,	67,	'IPS',	50.5817),
(3068,	68,	'IPS',	568.3389),
(3069,	69,	'IPS',	344.0389),
(3070,	70,	'IPS',	376.4982),
(3071,	71,	'IPS',	869.1231),
(3072,	72,	'IPS',	191.2610),
(3073,	73,	'IPS',	187.7828),
(3074,	74,	'IPS',	540.9282),
(3075,	75,	'IPS',	334.7828),
(3076,	76,	'IPS',	323.6554),
(3077,	77,	'IPS',	709.9709),
(3078,	78,	'IPS',	364.2240),
(3079,	79,	'IPS',	889.9266),
(3080,	80,	'IPS',	705.2717),
(3081,	81,	'IPS',	659.1600),
(3082,	82,	'IPS',	516.6548),
(3083,	83,	'IPS',	28.6115),
(3084,	84,	'IPS',	65.2760),
(3085,	85,	'IPS',	82.6212),
(3086,	86,	'IPS',	546.2954),
(3087,	87,	'IPS',	162.2989),
(3088,	88,	'IPS',	55.2273),
(3089,	89,	'IPS',	855.8993),
(3090,	90,	'IPS',	102.7686),
(3091,	91,	'IPS',	642.4154),
(3092,	92,	'IPS',	340.2125),
(3093,	93,	'IPS',	449.6814),
(3094,	94,	'IPS',	208.9544),
(3095,	95,	'IPS',	852.8113),
(3096,	96,	'IPS',	15.1519),
(3097,	97,	'IPS',	741.5001),
(3098,	98,	'IPS',	81.9564),
(3099,	99,	'IPS',	438.6434),
(3100,	100,	'IPS',	483.5283),
(3101,	101,	'IPS',	540.1623),
(3102,	102,	'IPS',	886.7827),
(3103,	103,	'IPS',	728.3928),
(3104,	104,	'IPS',	616.9059),
(3105,	105,	'IPS',	207.5759),
(3106,	106,	'IPS',	939.6786),
(3107,	107,	'IPS',	415.1480),
(3108,	108,	'IPS',	4.1546),
(3109,	109,	'IPS',	59.8075),
(3110,	110,	'IPS',	903.1639),
(3111,	111,	'IPS',	704.0981),
(3112,	112,	'IPS',	894.1824),
(3113,	113,	'IPS',	609.9402),
(3114,	114,	'IPS',	935.7373),
(3115,	115,	'IPS',	361.0420),
(3116,	116,	'IPS',	132.8101),
(3117,	117,	'IPS',	657.9347),
(3118,	118,	'IPS',	18.6022),
(3119,	119,	'IPS',	786.1107),
(3120,	120,	'IPS',	441.6384),
(3121,	121,	'IPS',	581.8534),
(3122,	122,	'IPS',	703.0262),
(3123,	123,	'IPS',	817.9232),
(3124,	124,	'IPS',	853.2978),
(3125,	125,	'IPS',	860.9816),
(3126,	126,	'IPS',	368.1145),
(3127,	127,	'IPS',	570.2125),
(3128,	128,	'IPS',	151.2023),
(3129,	129,	'IPS',	746.9047),
(3130,	130,	'IPS',	644.8387),
(3131,	131,	'IPS',	683.3134),
(3132,	132,	'IPS',	390.8287),
(3133,	133,	'IPS',	390.3307),
(3134,	134,	'IPS',	116.0622),
(3135,	135,	'IPS',	174.5280),
(3136,	136,	'IPS',	299.7077),
(3137,	137,	'IPS',	347.4507),
(3138,	138,	'IPS',	15.0991),
(3139,	139,	'IPS',	24.4137),
(3140,	140,	'IPS',	492.3276),
(3141,	141,	'IPS',	896.8760),
(3142,	142,	'IPS',	165.3716),
(3143,	143,	'IPS',	901.2309),
(3144,	144,	'IPS',	463.0248),
(3145,	145,	'IPS',	48.3513),
(3146,	146,	'IPS',	326.7427),
(3147,	147,	'IPS',	356.0355),
(3148,	148,	'IPS',	844.3096),
(3149,	149,	'IPS',	772.9079),
(3150,	150,	'IPS',	852.4364),
(3151,	151,	'IPS',	741.2785),
(3152,	152,	'IPS',	588.5657),
(3153,	153,	'IPS',	881.2672),
(3154,	154,	'IPS',	396.1354),
(3155,	155,	'IPS',	362.9205),
(3156,	156,	'IPS',	17.9234),
(3157,	157,	'IPS',	110.8425),
(3158,	158,	'IPS',	122.8647),
(3159,	159,	'IPS',	323.2347),
(3160,	160,	'IPS',	242.7744),
(3161,	161,	'IPS',	295.2696),
(3162,	162,	'IPS',	265.5734),
(3163,	163,	'IPS',	718.8895),
(3164,	164,	'IPS',	458.4795),
(3165,	165,	'IPS',	677.9216),
(3166,	166,	'IPS',	252.2168),
(3167,	167,	'IPS',	401.8485),
(3168,	168,	'IPS',	190.9131),
(3169,	169,	'IPS',	419.6912),
(3170,	170,	'IPS',	958.7577),
(3171,	171,	'IPS',	969.2508),
(3172,	172,	'IPS',	274.0980),
(3173,	173,	'IPS',	0.0323),
(3174,	174,	'IPS',	437.3002),
(3175,	175,	'IPS',	494.3818),
(3176,	176,	'IPS',	540.8670),
(3177,	177,	'IPS',	52.5127),
(3178,	178,	'IPS',	553.5311),
(3179,	179,	'IPS',	762.4797),
(3180,	180,	'IPS',	844.8637),
(3181,	181,	'IPS',	106.4017),
(3182,	182,	'IPS',	477.2698),
(3183,	183,	'IPS',	337.9251),
(3184,	184,	'IPS',	527.4813),
(3185,	185,	'IPS',	329.0554),
(3186,	186,	'IPS',	450.7294),
(3187,	187,	'IPS',	347.3351),
(3188,	188,	'IPS',	988.9199),
(3189,	189,	'IPS',	896.3593),
(3190,	190,	'IPS',	290.8990),
(3191,	191,	'IPS',	149.0492),
(3192,	192,	'IPS',	807.6854),
(3193,	193,	'IPS',	233.2107),
(3194,	194,	'IPS',	118.8837),
(3195,	195,	'IPS',	324.7744),
(3196,	196,	'IPS',	357.4888),
(3197,	197,	'IPS',	812.7312),
(3198,	198,	'IPS',	316.1300),
(3199,	199,	'IPS',	517.5584),
(3200,	200,	'IPS',	497.7131),
(3201,	201,	'IPS',	944.4435),
(3202,	202,	'IPS',	559.3500),
(3203,	203,	'IPS',	888.9962),
(3204,	204,	'IPS',	975.8582),
(3205,	205,	'IPS',	791.4048),
(3206,	206,	'IPS',	686.9388),
(3207,	207,	'IPS',	736.7058),
(3208,	208,	'IPS',	746.8582),
(3209,	209,	'IPS',	707.7140),
(3210,	210,	'IPS',	754.9739),
(3211,	211,	'IPS',	160.4203),
(3212,	212,	'IPS',	116.7294),
(3213,	213,	'IPS',	487.3450),
(3214,	214,	'IPS',	123.9501),
(3215,	215,	'IPS',	946.7202),
(3216,	216,	'IPS',	143.2712),
(3217,	217,	'IPS',	675.4759),
(3218,	218,	'IPS',	578.0231),
(3219,	219,	'IPS',	639.3407),
(3220,	220,	'IPS',	400.9447),
(3221,	221,	'IPS',	424.3356),
(3222,	222,	'IPS',	833.3524),
(3223,	223,	'IPS',	698.6547),
(3224,	224,	'IPS',	138.9350),
(3225,	225,	'IPS',	366.5208),
(3226,	226,	'IPS',	702.0093),
(3227,	227,	'IPS',	53.6963),
(3228,	228,	'IPS',	479.9711),
(3229,	229,	'IPS',	871.8580),
(3230,	230,	'IPS',	327.2399),
(3231,	231,	'IPS',	455.1687),
(3232,	232,	'IPS',	568.8418),
(3233,	233,	'IPS',	820.8319),
(3234,	234,	'IPS',	381.6497),
(3235,	235,	'IPS',	966.8417),
(3236,	236,	'IPS',	116.9561),
(3237,	237,	'IPS',	33.2178),
(3238,	238,	'IPS',	492.4993),
(3239,	239,	'IPS',	915.7776),
(3240,	240,	'IPS',	224.1660),
(3241,	241,	'IPS',	356.2587),
(3242,	242,	'IPS',	963.4790),
(3243,	243,	'IPS',	111.1151),
(3244,	244,	'IPS',	554.6669),
(3245,	245,	'IPS',	155.6807),
(3246,	246,	'IPS',	289.1446),
(3247,	247,	'IPS',	657.9102),
(3248,	248,	'IPS',	161.1497),
(3249,	249,	'IPS',	238.6681),
(3250,	250,	'IPS',	659.3250),
(3251,	251,	'IPS',	274.8894),
(3252,	252,	'IPS',	929.2029),
(3253,	253,	'IPS',	161.1946),
(3254,	254,	'IPS',	106.1716),
(3255,	255,	'IPS',	625.5978),
(3256,	256,	'IPS',	912.9037),
(3257,	257,	'IPS',	520.0557),
(3258,	258,	'IPS',	685.9824),
(3259,	259,	'IPS',	707.8075),
(3260,	260,	'IPS',	792.1597),
(3261,	261,	'IPS',	167.3533),
(3262,	262,	'IPS',	931.3703),
(3263,	263,	'IPS',	182.2955),
(3264,	264,	'IPS',	343.1565),
(3265,	265,	'IPS',	628.8057),
(3266,	266,	'IPS',	146.9326),
(3267,	267,	'IPS',	335.9983),
(3268,	268,	'IPS',	485.8060),
(3269,	269,	'IPS',	306.4365),
(3270,	270,	'IPS',	132.8610),
(3271,	271,	'IPS',	655.2537),
(3272,	272,	'IPS',	580.2421),
(3273,	273,	'IPS',	56.0217),
(3274,	274,	'IPS',	764.7041),
(3275,	275,	'IPS',	684.0383),
(3276,	276,	'IPS',	485.1389),
(3277,	277,	'IPS',	737.7089),
(3278,	278,	'IPS',	989.7601),
(3279,	279,	'IPS',	253.4976),
(3280,	280,	'IPS',	404.7937),
(3281,	281,	'IPS',	649.8802),
(3282,	282,	'IPS',	617.3630),
(3283,	283,	'IPS',	343.6186),
(3284,	284,	'IPS',	816.8429),
(3285,	285,	'IPS',	225.1706),
(3286,	286,	'IPS',	244.6251),
(3287,	287,	'IPS',	782.1199),
(3288,	288,	'IPS',	585.1078),
(3289,	289,	'IPS',	398.8660),
(3290,	290,	'IPS',	243.9458),
(3291,	291,	'IPS',	207.7341),
(3292,	292,	'IPS',	439.7663),
(3293,	293,	'IPS',	154.5155),
(3294,	294,	'IPS',	68.1205),
(3295,	295,	'IPS',	969.5705),
(3296,	296,	'IPS',	529.4670),
(3297,	297,	'IPS',	442.6616),
(3298,	298,	'IPS',	838.7310),
(3299,	299,	'IPS',	622.1165),
(3300,	300,	'IPS',	209.5806),
(3301,	301,	'IPS',	868.1334),
(3302,	302,	'IPS',	457.3922),
(3303,	303,	'IPS',	963.9724),
(3304,	304,	'IPS',	242.0439),
(3305,	305,	'IPS',	294.7008),
(3306,	306,	'IPS',	925.5356),
(3307,	307,	'IPS',	480.8755),
(3308,	308,	'IPS',	44.7858),
(3309,	309,	'IPS',	947.0807),
(3310,	310,	'IPS',	419.6562),
(3311,	311,	'IPS',	333.9743),
(3312,	312,	'IPS',	884.9188),
(3313,	313,	'IPS',	3.0066),
(3314,	314,	'IPS',	623.4027),
(3315,	315,	'IPS',	191.4718),
(3316,	316,	'IPS',	400.3194),
(3317,	317,	'IPS',	12.9579),
(3318,	318,	'IPS',	491.2466),
(3319,	319,	'IPS',	996.9807),
(3320,	320,	'IPS',	5.1778),
(3321,	321,	'IPS',	779.2047),
(3322,	322,	'IPS',	225.3862),
(3323,	323,	'IPS',	732.9858),
(3324,	324,	'IPS',	198.3864),
(3325,	325,	'IPS',	313.3694),
(3326,	326,	'IPS',	973.3052),
(3327,	327,	'IPS',	405.4157),
(3328,	328,	'IPS',	604.3186),
(3329,	329,	'IPS',	858.8482),
(3330,	330,	'IPS',	697.8707),
(3331,	331,	'IPS',	284.2450),
(3332,	332,	'IPS',	206.9290),
(3333,	333,	'IPS',	556.8430),
(3334,	334,	'IPS',	597.1864),
(3335,	335,	'IPS',	556.6595),
(3336,	336,	'IPS',	246.0563),
(3337,	337,	'IPS',	147.5782),
(3338,	338,	'IPS',	817.0225),
(3339,	339,	'IPS',	192.9523),
(3340,	340,	'IPS',	220.1474),
(3341,	341,	'IPS',	755.5169),
(3342,	342,	'IPS',	204.2130),
(3343,	343,	'IPS',	449.5788),
(3344,	344,	'IPS',	404.1411),
(3345,	345,	'IPS',	206.0730),
(3346,	346,	'IPS',	61.2477),
(3347,	347,	'IPS',	690.7816),
(3348,	348,	'IPS',	582.7706),
(3349,	349,	'IPS',	240.8618),
(3350,	350,	'IPS',	506.5702),
(3351,	351,	'IPS',	159.6613),
(3352,	352,	'IPS',	915.5827),
(3353,	353,	'IPS',	104.7514),
(3354,	354,	'IPS',	590.9888),
(3355,	355,	'IPS',	240.4900),
(3356,	356,	'IPS',	185.2698),
(3357,	357,	'IPS',	293.3027),
(3358,	358,	'IPS',	340.9564),
(3359,	359,	'IPS',	654.7018),
(3360,	360,	'IPS',	131.8093),
(3361,	361,	'IPS',	835.0032),
(3362,	362,	'IPS',	141.3149),
(3363,	363,	'IPS',	157.5477),
(3364,	364,	'IPS',	564.3365),
(3365,	365,	'IPS',	671.0751),
(3366,	366,	'IPS',	687.0046),
(3367,	367,	'IPS',	698.6798),
(3368,	368,	'IPS',	420.2350),
(3369,	369,	'IPS',	947.4366),
(3370,	370,	'IPS',	830.6722),
(3371,	371,	'IPS',	871.6461),
(3372,	372,	'IPS',	191.5131),
(3373,	373,	'IPS',	452.8676),
(3374,	374,	'IPS',	652.4227),
(3375,	375,	'IPS',	908.5952),
(3376,	376,	'IPS',	912.5594),
(3377,	377,	'IPS',	136.3588),
(3378,	378,	'IPS',	987.7495),
(3379,	379,	'IPS',	715.5879),
(3380,	380,	'IPS',	952.9809),
(3381,	381,	'IPS',	848.4292),
(3382,	382,	'IPS',	386.2856),
(3383,	383,	'IPS',	577.9762),
(3384,	384,	'IPS',	292.1895),
(3385,	385,	'IPS',	798.5406),
(3386,	386,	'IPS',	644.2806),
(3387,	387,	'IPS',	503.9339),
(3388,	388,	'IPS',	500.5921),
(3389,	389,	'IPS',	679.3439),
(3390,	390,	'IPS',	824.3190),
(3391,	391,	'IPS',	474.3204),
(3392,	392,	'IPS',	939.1283),
(3393,	393,	'IPS',	55.7904),
(3394,	394,	'IPS',	15.1467),
(3395,	395,	'IPS',	140.0354),
(3396,	396,	'IPS',	814.9670),
(3397,	397,	'IPS',	190.5704),
(3398,	398,	'IPS',	442.0954),
(3399,	399,	'IPS',	826.6347),
(3400,	400,	'IPS',	436.8362),
(3401,	401,	'IPS',	299.8519),
(3402,	402,	'IPS',	448.5937),
(3403,	403,	'IPS',	889.3071),
(3404,	404,	'IPS',	850.0348),
(3405,	405,	'IPS',	583.4036),
(3406,	406,	'IPS',	44.2564),
(3407,	407,	'IPS',	382.8991),
(3408,	408,	'IPS',	235.7023),
(3409,	409,	'IPS',	209.2497),
(3410,	410,	'IPS',	878.9481),
(3411,	411,	'IPS',	296.4562),
(3412,	412,	'IPS',	252.9851),
(3413,	413,	'IPS',	46.7242),
(3414,	414,	'IPS',	510.5508),
(3415,	415,	'IPS',	797.7213),
(3416,	416,	'IPS',	663.8009),
(3417,	417,	'IPS',	315.8979),
(3418,	418,	'IPS',	211.5689),
(3419,	419,	'IPS',	871.4176),
(3420,	420,	'IPS',	25.5838),
(3421,	421,	'IPS',	231.7905),
(3422,	422,	'IPS',	172.5370),
(3423,	423,	'IPS',	591.8479),
(3424,	424,	'IPS',	954.1439),
(3425,	425,	'IPS',	605.4789),
(3426,	426,	'IPS',	399.9812),
(3427,	427,	'IPS',	962.1432),
(3428,	428,	'IPS',	291.8984),
(3429,	429,	'IPS',	941.1061),
(3430,	430,	'IPS',	362.8855),
(3431,	431,	'IPS',	16.0192),
(3432,	432,	'IPS',	444.5123),
(3433,	433,	'IPS',	665.8875),
(3434,	434,	'IPS',	866.6028),
(3435,	435,	'IPS',	365.5975),
(3436,	436,	'IPS',	828.2644),
(3437,	437,	'IPS',	358.5392),
(3438,	438,	'IPS',	191.2232),
(3439,	439,	'IPS',	516.6393),
(3440,	440,	'IPS',	168.6583),
(3441,	441,	'IPS',	993.2118),
(3442,	442,	'IPS',	367.4381),
(3443,	443,	'IPS',	319.1379),
(3444,	444,	'IPS',	559.3605),
(3445,	445,	'IPS',	303.0785),
(3446,	446,	'IPS',	241.7521),
(3447,	447,	'IPS',	35.8022),
(3448,	448,	'IPS',	126.9689),
(3449,	449,	'IPS',	441.3732),
(3450,	450,	'IPS',	320.8331),
(3451,	451,	'IPS',	796.4962),
(3452,	452,	'IPS',	621.0091),
(3453,	453,	'IPS',	698.5222),
(3454,	454,	'IPS',	445.3052),
(3455,	455,	'IPS',	982.2958),
(3456,	456,	'IPS',	747.5714),
(3457,	457,	'IPS',	504.9660),
(3458,	458,	'IPS',	86.5288),
(3459,	459,	'IPS',	512.3695),
(3460,	460,	'IPS',	590.4398),
(3461,	461,	'IPS',	0.2085),
(3462,	462,	'IPS',	849.7016),
(3463,	463,	'IPS',	652.2144),
(3464,	464,	'IPS',	916.6902),
(3465,	465,	'IPS',	312.6997),
(3466,	466,	'IPS',	402.3086),
(3467,	467,	'IPS',	286.2771),
(3468,	468,	'IPS',	282.5585),
(3469,	469,	'IPS',	203.4836),
(3470,	470,	'IPS',	802.4526),
(3471,	471,	'IPS',	470.1912),
(3472,	472,	'IPS',	694.5078),
(3473,	473,	'IPS',	562.0959),
(3474,	474,	'IPS',	517.4694),
(3475,	475,	'IPS',	791.5447),
(3476,	476,	'IPS',	798.2481),
(3477,	477,	'IPS',	704.2021),
(3478,	478,	'IPS',	88.7003),
(3479,	479,	'IPS',	24.1397),
(3480,	480,	'IPS',	202.6914),
(3481,	481,	'IPS',	945.1854),
(3482,	482,	'IPS',	782.1399),
(3483,	483,	'IPS',	501.0612),
(3484,	484,	'IPS',	557.3320),
(3485,	485,	'IPS',	152.8635),
(3486,	486,	'IPS',	513.7705),
(3487,	487,	'IPS',	635.8337),
(3488,	488,	'IPS',	256.5023),
(3489,	489,	'IPS',	291.2763),
(3490,	490,	'IPS',	881.6776),
(3491,	491,	'IPS',	565.5093),
(3492,	492,	'IPS',	623.1778),
(3493,	493,	'IPS',	47.0026),
(3494,	494,	'IPS',	152.3649),
(3495,	495,	'IPS',	154.1016),
(3496,	496,	'IPS',	758.1278),
(3497,	497,	'IPS',	965.2590),
(3498,	498,	'IPS',	558.3617),
(3499,	499,	'IPS',	465.0112),
(3500,	500,	'IPS',	447.1938),
(3501,	501,	'IPS',	948.7944),
(3502,	502,	'IPS',	692.7998),
(3503,	503,	'IPS',	769.6826),
(3504,	504,	'IPS',	837.9021),
(3505,	505,	'IPS',	408.9107),
(3506,	506,	'IPS',	73.2579),
(3507,	507,	'IPS',	706.5528),
(3508,	508,	'IPS',	642.8769),
(3509,	509,	'IPS',	693.4587),
(3510,	510,	'IPS',	711.7941),
(3511,	511,	'IPS',	934.9314),
(3512,	512,	'IPS',	927.7338),
(3513,	513,	'IPS',	582.3669),
(3514,	514,	'IPS',	991.5848),
(3515,	515,	'IPS',	623.6963),
(3516,	516,	'IPS',	268.0677),
(3517,	517,	'IPS',	864.8152),
(3518,	518,	'IPS',	86.4093),
(3519,	519,	'IPS',	63.5905),
(3520,	520,	'IPS',	232.8473),
(3521,	521,	'IPS',	560.8952),
(3522,	522,	'IPS',	976.7162),
(3523,	523,	'IPS',	850.0568),
(3524,	524,	'IPS',	461.2391),
(3525,	525,	'IPS',	856.5321),
(3526,	526,	'IPS',	171.9868),
(3527,	527,	'IPS',	666.6550),
(3528,	528,	'IPS',	68.1803),
(3529,	529,	'IPS',	670.6868),
(3530,	530,	'IPS',	539.3419),
(3531,	531,	'IPS',	271.5941),
(3532,	532,	'IPS',	955.0142),
(3533,	533,	'IPS',	790.8497),
(3534,	534,	'IPS',	917.8527),
(3535,	535,	'IPS',	966.9997),
(3536,	536,	'IPS',	704.8777),
(3537,	537,	'IPS',	173.3833),
(3538,	538,	'IPS',	774.8059),
(3539,	539,	'IPS',	5.3192),
(3540,	540,	'IPS',	569.7896),
(3541,	541,	'IPS',	768.8697),
(3542,	542,	'IPS',	873.3375),
(3543,	543,	'IPS',	211.4621),
(3544,	544,	'IPS',	788.1607),
(3545,	545,	'IPS',	483.2917),
(3546,	546,	'IPS',	679.3792),
(3547,	547,	'IPS',	524.4907),
(3548,	548,	'IPS',	413.6666),
(3549,	549,	'IPS',	52.7705),
(3550,	550,	'IPS',	252.8487),
(3551,	551,	'IPS',	17.7409),
(3552,	552,	'IPS',	514.0507),
(3553,	553,	'IPS',	666.2867),
(3554,	554,	'IPS',	481.3779),
(3555,	555,	'IPS',	159.2169),
(3556,	556,	'IPS',	125.6331),
(3557,	557,	'IPS',	258.7697),
(3558,	558,	'IPS',	183.5689),
(3559,	559,	'IPS',	12.0280),
(3560,	560,	'IPS',	364.2077),
(3561,	561,	'IPS',	23.8676),
(3562,	562,	'IPS',	325.3205),
(3563,	563,	'IPS',	401.8776),
(3564,	564,	'IPS',	298.7478),
(3565,	565,	'IPS',	15.3166),
(3566,	566,	'IPS',	400.5083),
(3567,	567,	'IPS',	981.1829),
(3568,	568,	'IPS',	81.3488),
(3569,	569,	'IPS',	419.0564),
(3570,	570,	'IPS',	427.2052),
(3571,	571,	'IPS',	258.8689),
(3572,	572,	'IPS',	616.4112),
(3573,	573,	'IPS',	6.1574),
(3574,	574,	'IPS',	86.7971),
(3575,	575,	'IPS',	326.9580),
(3576,	576,	'IPS',	266.7994),
(3577,	577,	'IPS',	736.3958),
(3578,	578,	'IPS',	394.3269),
(3579,	579,	'IPS',	718.7259),
(3580,	580,	'IPS',	729.6176),
(3581,	581,	'IPS',	625.3981),
(3582,	582,	'IPS',	331.5058),
(3583,	583,	'IPS',	989.6259),
(3584,	584,	'IPS',	146.5904),
(3585,	585,	'IPS',	213.7502),
(3586,	586,	'IPS',	125.5116),
(3587,	587,	'IPS',	182.8043),
(3588,	588,	'IPS',	852.6739),
(3589,	589,	'IPS',	722.9363),
(3590,	590,	'IPS',	189.7877),
(3591,	591,	'IPS',	271.4408),
(3592,	592,	'IPS',	508.8395),
(3593,	593,	'IPS',	81.5749),
(3594,	594,	'IPS',	405.0086),
(3595,	595,	'IPS',	988.8861),
(3596,	596,	'IPS',	204.3627),
(3597,	597,	'IPS',	183.6720),
(3598,	598,	'IPS',	649.0937),
(3599,	599,	'IPS',	976.8119),
(3600,	600,	'IPS',	370.7110),
(3601,	601,	'IPS',	933.6912),
(3602,	602,	'IPS',	303.3857),
(3603,	603,	'IPS',	480.7061),
(3604,	604,	'IPS',	530.7469),
(3605,	605,	'IPS',	523.4039),
(3606,	606,	'IPS',	805.6027),
(3607,	607,	'IPS',	31.7126),
(3608,	608,	'IPS',	298.2488),
(3609,	609,	'IPS',	788.9447),
(3610,	610,	'IPS',	321.2540),
(3611,	611,	'IPS',	92.0975),
(3612,	612,	'IPS',	683.3524),
(3613,	613,	'IPS',	926.4133),
(3614,	614,	'IPS',	288.9150),
(3615,	615,	'IPS',	628.5787),
(3616,	616,	'IPS',	312.2664),
(3617,	617,	'IPS',	666.9599),
(3618,	618,	'IPS',	423.0969),
(3619,	619,	'IPS',	345.8324),
(3620,	620,	'IPS',	591.5428),
(3621,	621,	'IPS',	950.6458),
(3622,	622,	'IPS',	155.8123),
(3623,	623,	'IPS',	328.6463),
(3624,	624,	'IPS',	100.3015),
(3625,	625,	'IPS',	409.2724),
(3626,	626,	'IPS',	356.8571),
(3627,	627,	'IPS',	689.9065),
(3628,	628,	'IPS',	574.0860),
(3629,	629,	'IPS',	564.7883),
(3630,	630,	'IPS',	875.6230),
(3631,	631,	'IPS',	177.8020),
(3632,	632,	'IPS',	439.1288),
(3633,	633,	'IPS',	345.8113),
(3634,	634,	'IPS',	362.1594),
(3635,	635,	'IPS',	52.4661),
(3636,	636,	'IPS',	895.1660),
(3637,	637,	'IPS',	264.0166),
(3638,	638,	'IPS',	856.1406),
(3639,	639,	'IPS',	15.4459),
(3640,	640,	'IPS',	967.5702),
(3641,	641,	'IPS',	114.8705),
(3642,	642,	'IPS',	510.8755),
(3643,	643,	'IPS',	231.0026),
(3644,	644,	'IPS',	246.4821),
(3645,	645,	'IPS',	763.3936),
(3646,	646,	'IPS',	499.8383),
(3647,	647,	'IPS',	40.0761),
(3648,	648,	'IPS',	167.8475),
(3649,	649,	'IPS',	934.5320),
(3650,	650,	'IPS',	763.2270),
(3651,	651,	'IPS',	213.4783),
(3652,	652,	'IPS',	356.6070),
(3653,	653,	'IPS',	668.2371),
(3654,	654,	'IPS',	462.2257),
(3655,	655,	'IPS',	960.0399),
(3656,	656,	'IPS',	445.9175),
(3657,	657,	'IPS',	111.5215),
(3658,	658,	'IPS',	423.9561),
(3659,	659,	'IPS',	237.1310),
(3660,	660,	'IPS',	512.3812),
(3661,	661,	'IPS',	338.8870),
(3662,	662,	'IPS',	660.3331),
(3663,	663,	'IPS',	143.2816),
(3664,	664,	'IPS',	646.9551),
(3665,	665,	'IPS',	762.4353),
(3666,	666,	'IPS',	246.1794),
(3667,	667,	'IPS',	308.9569),
(3668,	668,	'IPS',	274.6189),
(3669,	669,	'IPS',	405.8927),
(3670,	670,	'IPS',	283.9651),
(3671,	671,	'IPS',	307.8546),
(3672,	672,	'IPS',	145.0476),
(3673,	673,	'IPS',	870.3859),
(3674,	674,	'IPS',	275.8378),
(3675,	675,	'IPS',	34.3288),
(3676,	676,	'IPS',	436.4893),
(3677,	677,	'IPS',	959.8484),
(3678,	678,	'IPS',	661.9224),
(3679,	679,	'IPS',	252.7315),
(3680,	680,	'IPS',	456.8890),
(3681,	681,	'IPS',	335.4357),
(3682,	682,	'IPS',	736.5363),
(3683,	683,	'IPS',	214.4406),
(3684,	684,	'IPS',	267.5377),
(3685,	685,	'IPS',	83.3686),
(3686,	686,	'IPS',	488.5538),
(3687,	687,	'IPS',	385.4565),
(3688,	688,	'IPS',	387.8277),
(3689,	689,	'IPS',	229.6317),
(3690,	690,	'IPS',	343.7780),
(3691,	691,	'IPS',	681.8244),
(3692,	692,	'IPS',	407.1106),
(3693,	693,	'IPS',	955.6555),
(3694,	694,	'IPS',	229.1736),
(3695,	695,	'IPS',	265.6177),
(3696,	696,	'IPS',	183.4793),
(3697,	697,	'IPS',	876.7181),
(3698,	698,	'IPS',	28.8642),
(3699,	699,	'IPS',	913.4903),
(3700,	700,	'IPS',	776.0419),
(3701,	701,	'IPS',	245.2060),
(3702,	702,	'IPS',	830.7711),
(3703,	703,	'IPS',	502.8885),
(3704,	704,	'IPS',	850.6727),
(3705,	705,	'IPS',	799.9291),
(3706,	706,	'IPS',	983.7786),
(3707,	707,	'IPS',	200.6895),
(3708,	708,	'IPS',	632.2221),
(3709,	709,	'IPS',	864.7365),
(3710,	710,	'IPS',	634.1913),
(3711,	711,	'IPS',	637.6615),
(3712,	712,	'IPS',	608.7364),
(3713,	713,	'IPS',	9.3706),
(3714,	714,	'IPS',	327.5920),
(3715,	715,	'IPS',	988.6983),
(3716,	716,	'IPS',	317.3463),
(3717,	717,	'IPS',	899.5899),
(3718,	718,	'IPS',	77.2815),
(3719,	719,	'IPS',	607.0240),
(3720,	720,	'IPS',	145.1398),
(3721,	721,	'IPS',	206.0682),
(3722,	722,	'IPS',	642.2982),
(3723,	723,	'IPS',	709.5843),
(3724,	724,	'IPS',	526.3620),
(3725,	725,	'IPS',	528.1458),
(3726,	726,	'IPS',	416.1198),
(3727,	727,	'IPS',	315.2186),
(3728,	728,	'IPS',	190.7536),
(3729,	729,	'IPS',	225.9565),
(3730,	730,	'IPS',	793.6516),
(3731,	731,	'IPS',	317.0675),
(3732,	732,	'IPS',	601.7229),
(3733,	733,	'IPS',	806.8485),
(3734,	734,	'IPS',	723.2943),
(3735,	735,	'IPS',	158.0074),
(3736,	736,	'IPS',	65.0394),
(3737,	737,	'IPS',	540.0154),
(3738,	738,	'IPS',	225.8995),
(3739,	739,	'IPS',	660.2671),
(3740,	740,	'IPS',	227.8752),
(3741,	741,	'IPS',	499.2896),
(3742,	742,	'IPS',	881.3316),
(3743,	743,	'IPS',	96.8978),
(3744,	744,	'IPS',	727.5520),
(3745,	745,	'IPS',	68.4969),
(3746,	746,	'IPS',	216.8831),
(3747,	747,	'IPS',	956.2362),
(3748,	748,	'IPS',	171.3244),
(3749,	749,	'IPS',	256.8146),
(3750,	750,	'IPS',	623.8073),
(3751,	751,	'IPS',	161.5045),
(3752,	752,	'IPS',	255.0167),
(3753,	753,	'IPS',	913.8329),
(3754,	754,	'IPS',	279.8836),
(3755,	755,	'IPS',	682.4671),
(3756,	756,	'IPS',	516.9158),
(3757,	757,	'IPS',	396.9793),
(3758,	758,	'IPS',	904.7574),
(3759,	759,	'IPS',	152.1659),
(3760,	760,	'IPS',	619.6070),
(3761,	761,	'IPS',	877.1571),
(3762,	762,	'IPS',	678.6556),
(3763,	763,	'IPS',	124.7976),
(3764,	764,	'IPS',	980.9390),
(3765,	765,	'IPS',	841.0570),
(3766,	766,	'IPS',	891.2925),
(3767,	767,	'IPS',	489.1882),
(3768,	768,	'IPS',	690.8917),
(3769,	769,	'IPS',	382.8411),
(3770,	770,	'IPS',	450.9117),
(3771,	771,	'IPS',	954.3663),
(3772,	772,	'IPS',	746.3413),
(3773,	773,	'IPS',	94.4730),
(3774,	774,	'IPS',	155.5663),
(3775,	775,	'IPS',	552.9466),
(3776,	776,	'IPS',	960.9657),
(3777,	777,	'IPS',	326.7812),
(3778,	778,	'IPS',	139.2470),
(3779,	779,	'IPS',	640.5332),
(3780,	780,	'IPS',	901.0361),
(3781,	781,	'IPS',	298.2497),
(3782,	782,	'IPS',	352.5557),
(3783,	783,	'IPS',	500.3793),
(3784,	784,	'IPS',	796.5802),
(3785,	785,	'IPS',	40.8093),
(3786,	786,	'IPS',	769.1452),
(3787,	787,	'IPS',	580.9166),
(3788,	788,	'IPS',	617.5883),
(3789,	789,	'IPS',	361.6620),
(3790,	790,	'IPS',	546.5087),
(3791,	791,	'IPS',	925.3268),
(3792,	792,	'IPS',	20.3893),
(3793,	793,	'IPS',	17.3599),
(3794,	794,	'IPS',	723.9914),
(3795,	795,	'IPS',	850.6032),
(3796,	796,	'IPS',	909.9117),
(3797,	797,	'IPS',	483.1528),
(3798,	798,	'IPS',	54.9171),
(3799,	799,	'IPS',	634.7499),
(3800,	800,	'IPS',	566.7639),
(3801,	801,	'IPS',	457.9929),
(3802,	802,	'IPS',	528.1796),
(3803,	803,	'IPS',	917.8614),
(3804,	804,	'IPS',	769.9850),
(3805,	805,	'IPS',	219.5983),
(3806,	806,	'IPS',	935.0955),
(3807,	807,	'IPS',	733.4238),
(3808,	808,	'IPS',	704.9317),
(3809,	809,	'IPS',	399.5142),
(3810,	810,	'IPS',	336.9798),
(3811,	811,	'IPS',	95.9288),
(3812,	812,	'IPS',	144.7557),
(3813,	813,	'IPS',	714.5537),
(3814,	814,	'IPS',	90.9321),
(3815,	815,	'IPS',	660.3905),
(3816,	816,	'IPS',	217.2141),
(3817,	817,	'IPS',	719.3496),
(3818,	818,	'IPS',	222.8430),
(3819,	819,	'IPS',	387.9013),
(3820,	820,	'IPS',	920.3970),
(3821,	821,	'IPS',	275.9329),
(3822,	822,	'IPS',	681.3062),
(3823,	823,	'IPS',	732.2378),
(3824,	824,	'IPS',	880.4137),
(3825,	825,	'IPS',	169.6786),
(3826,	826,	'IPS',	621.2360),
(3827,	827,	'IPS',	106.3669),
(3828,	828,	'IPS',	705.3656),
(3829,	829,	'IPS',	101.3297),
(3830,	830,	'IPS',	502.1682),
(3831,	831,	'IPS',	951.2947),
(3832,	832,	'IPS',	865.7058),
(3833,	833,	'IPS',	372.9390),
(3834,	834,	'IPS',	827.0130),
(3835,	835,	'IPS',	788.8534),
(3836,	836,	'IPS',	558.1584),
(3837,	837,	'IPS',	622.7239),
(3838,	838,	'IPS',	947.8166),
(3839,	839,	'IPS',	595.2599),
(3840,	840,	'IPS',	66.4930),
(3841,	841,	'IPS',	391.7551),
(3842,	842,	'IPS',	423.4202),
(3843,	843,	'IPS',	458.2709),
(3844,	844,	'IPS',	284.2765),
(3845,	845,	'IPS',	953.7937),
(3846,	846,	'IPS',	582.6843),
(3847,	847,	'IPS',	156.2417),
(3848,	848,	'IPS',	400.7676),
(3849,	849,	'IPS',	124.6968),
(3850,	850,	'IPS',	315.0588),
(3851,	851,	'IPS',	177.5489),
(3852,	852,	'IPS',	240.7737),
(3853,	853,	'IPS',	252.5038),
(3854,	854,	'IPS',	265.6815),
(3855,	855,	'IPS',	882.1371),
(3856,	856,	'IPS',	477.6129),
(3857,	857,	'IPS',	840.7965),
(3858,	858,	'IPS',	652.4081),
(3859,	859,	'IPS',	913.4705),
(3860,	860,	'IPS',	820.0840),
(3861,	861,	'IPS',	946.5486),
(3862,	862,	'IPS',	161.0211),
(3863,	863,	'IPS',	227.7343),
(3864,	864,	'IPS',	27.8075),
(3865,	865,	'IPS',	652.5302),
(3866,	866,	'IPS',	195.5688),
(3867,	867,	'IPS',	822.5597),
(3868,	868,	'IPS',	182.9203),
(3869,	869,	'IPS',	379.9989),
(3870,	870,	'IPS',	851.9776),
(3871,	871,	'IPS',	137.6213),
(3872,	872,	'IPS',	512.4758),
(3873,	873,	'IPS',	737.4940),
(3874,	874,	'IPS',	654.1880),
(3875,	875,	'IPS',	695.7968),
(3876,	876,	'IPS',	621.1003),
(3877,	877,	'IPS',	561.8068),
(3878,	878,	'IPS',	609.4687),
(3879,	879,	'IPS',	964.9034),
(3880,	880,	'IPS',	122.9652),
(3881,	881,	'IPS',	595.1604),
(3882,	882,	'IPS',	263.4987),
(3883,	883,	'IPS',	372.3416),
(3884,	884,	'IPS',	253.0525),
(3885,	885,	'IPS',	232.2686),
(3886,	886,	'IPS',	206.9388),
(3887,	887,	'IPS',	192.0145),
(3888,	888,	'IPS',	46.1047),
(3889,	889,	'IPS',	626.4656),
(3890,	890,	'IPS',	112.1854),
(3891,	891,	'IPS',	421.7158),
(3892,	892,	'IPS',	643.1734),
(3893,	893,	'IPS',	867.5952),
(3894,	894,	'IPS',	577.5311),
(3895,	895,	'IPS',	226.9988),
(3896,	896,	'IPS',	786.4292),
(3897,	897,	'IPS',	922.2891),
(3898,	898,	'IPS',	424.1344),
(3899,	899,	'IPS',	41.0474),
(3900,	900,	'IPS',	336.3100),
(3901,	901,	'IPS',	261.4696),
(3902,	902,	'IPS',	269.8726),
(3903,	903,	'IPS',	32.3093),
(3904,	904,	'IPS',	169.8187),
(3905,	905,	'IPS',	364.5079),
(3906,	906,	'IPS',	308.6970),
(3907,	907,	'IPS',	434.1103),
(3908,	908,	'IPS',	353.8545),
(3909,	909,	'IPS',	490.2059),
(3910,	910,	'IPS',	605.4032),
(3911,	911,	'IPS',	769.8983),
(3912,	912,	'IPS',	772.1179),
(3913,	913,	'IPS',	265.0691),
(3914,	914,	'IPS',	176.3972),
(3915,	915,	'IPS',	44.5559),
(3916,	916,	'IPS',	56.5184),
(3917,	917,	'IPS',	875.9251),
(3918,	918,	'IPS',	157.4860),
(3919,	919,	'IPS',	892.6205),
(3920,	920,	'IPS',	494.7851),
(3921,	921,	'IPS',	101.7842),
(3922,	922,	'IPS',	623.6604),
(3923,	923,	'IPS',	156.9203),
(3924,	924,	'IPS',	82.4136),
(3925,	925,	'IPS',	615.3253),
(3926,	926,	'IPS',	705.4668),
(3927,	927,	'IPS',	122.7415),
(3928,	928,	'IPS',	321.1316),
(3929,	929,	'IPS',	399.2073),
(3930,	930,	'IPS',	551.6301),
(3931,	931,	'IPS',	233.9707),
(3932,	932,	'IPS',	185.4426),
(3933,	933,	'IPS',	640.6223),
(3934,	934,	'IPS',	943.3952),
(3935,	935,	'IPS',	35.5215),
(3936,	936,	'IPS',	341.3994),
(3937,	937,	'IPS',	60.1604),
(3938,	938,	'IPS',	885.7968),
(3939,	939,	'IPS',	217.6520),
(3940,	940,	'IPS',	588.0532),
(3941,	941,	'IPS',	426.6829),
(3942,	942,	'IPS',	786.6977),
(3943,	943,	'IPS',	363.5216),
(3944,	944,	'IPS',	719.6156),
(3945,	945,	'IPS',	635.5129),
(3946,	946,	'IPS',	690.9340),
(3947,	947,	'IPS',	941.8270),
(3948,	948,	'IPS',	372.0108),
(3949,	949,	'IPS',	960.3701),
(3950,	950,	'IPS',	928.3113),
(3951,	951,	'IPS',	567.2648),
(3952,	952,	'IPS',	756.7272),
(3953,	953,	'IPS',	622.9295),
(3954,	954,	'IPS',	762.4832),
(3955,	955,	'IPS',	212.6224),
(3956,	956,	'IPS',	858.6800),
(3957,	957,	'IPS',	764.9225),
(3958,	958,	'IPS',	569.8617),
(3959,	959,	'IPS',	280.8430),
(3960,	960,	'IPS',	828.3677),
(3961,	961,	'IPS',	928.3190),
(3962,	962,	'IPS',	723.6559),
(3963,	963,	'IPS',	460.7211),
(3964,	964,	'IPS',	103.9220),
(3965,	965,	'IPS',	310.7576),
(3966,	966,	'IPS',	805.0217),
(3967,	967,	'IPS',	782.4219),
(3968,	968,	'IPS',	774.7089),
(3969,	969,	'IPS',	811.5807),
(3970,	970,	'IPS',	569.3770),
(3971,	971,	'IPS',	707.9901),
(3972,	972,	'IPS',	51.9533),
(3973,	973,	'IPS',	89.8606),
(3974,	974,	'IPS',	291.2250),
(3975,	975,	'IPS',	213.6476),
(3976,	976,	'IPS',	63.8644),
(3977,	977,	'IPS',	808.8389),
(3978,	978,	'IPS',	934.5865),
(3979,	979,	'IPS',	191.3395),
(3980,	980,	'IPS',	434.0079),
(3981,	981,	'IPS',	781.5740),
(3982,	982,	'IPS',	468.8215),
(3983,	983,	'IPS',	956.5977),
(3984,	984,	'IPS',	7.0239),
(3985,	985,	'IPS',	835.0583),
(3986,	986,	'IPS',	986.7475),
(3987,	987,	'IPS',	262.2446),
(3988,	988,	'IPS',	580.4020),
(3989,	989,	'IPS',	958.8512),
(3990,	990,	'IPS',	547.5691),
(3991,	991,	'IPS',	355.1753),
(3992,	992,	'IPS',	12.6260),
(3993,	993,	'IPS',	920.3243),
(3994,	994,	'IPS',	658.6656),
(3995,	995,	'IPS',	440.0399),
(3996,	996,	'IPS',	296.6002),
(3997,	997,	'IPS',	645.4816),
(3998,	998,	'IPS',	863.1506),
(3999,	999,	'IPS',	433.6170),
(4000,	1000,	'IPS',	793.8019),
(4001,	1,	'MAT',	776.6249),
(4002,	2,	'MAT',	74.8187),
(4003,	3,	'MAT',	688.4306),
(4004,	4,	'MAT',	652.8021),
(4005,	5,	'MAT',	991.2961),
(4006,	6,	'MAT',	941.0745),
(4007,	7,	'MAT',	154.0856),
(4008,	8,	'MAT',	836.9003),
(4009,	9,	'MAT',	611.1334),
(4010,	10,	'MAT',	582.8753),
(4011,	11,	'MAT',	285.1429),
(4012,	12,	'MAT',	899.1246),
(4013,	13,	'MAT',	283.5091),
(4014,	14,	'MAT',	398.5709),
(4015,	15,	'MAT',	473.1379),
(4016,	16,	'MAT',	646.1489),
(4017,	17,	'MAT',	302.4420),
(4018,	18,	'MAT',	956.7012),
(4019,	19,	'MAT',	627.6016),
(4020,	20,	'MAT',	282.8506),
(4021,	21,	'MAT',	476.7366),
(4022,	22,	'MAT',	226.8661),
(4023,	23,	'MAT',	54.3233),
(4024,	24,	'MAT',	513.1242),
(4025,	25,	'MAT',	943.3660),
(4026,	26,	'MAT',	760.2510),
(4027,	27,	'MAT',	943.8756),
(4028,	28,	'MAT',	110.3296),
(4029,	29,	'MAT',	761.5419),
(4030,	30,	'MAT',	33.0380),
(4031,	31,	'MAT',	143.2218),
(4032,	32,	'MAT',	251.4474),
(4033,	33,	'MAT',	729.3049),
(4034,	34,	'MAT',	875.0289),
(4035,	35,	'MAT',	398.3007),
(4036,	36,	'MAT',	608.6994),
(4037,	37,	'MAT',	662.6942),
(4038,	38,	'MAT',	674.1771),
(4039,	39,	'MAT',	495.2896),
(4040,	40,	'MAT',	388.7505),
(4041,	41,	'MAT',	239.3958),
(4042,	42,	'MAT',	462.1120),
(4043,	43,	'MAT',	39.0857),
(4044,	44,	'MAT',	500.9523),
(4045,	45,	'MAT',	921.5792),
(4046,	46,	'MAT',	182.0250),
(4047,	47,	'MAT',	188.3210),
(4048,	48,	'MAT',	848.2605),
(4049,	49,	'MAT',	267.6593),
(4050,	50,	'MAT',	376.3426),
(4051,	51,	'MAT',	297.1052),
(4052,	52,	'MAT',	209.7764),
(4053,	53,	'MAT',	840.3490),
(4054,	54,	'MAT',	681.5374),
(4055,	55,	'MAT',	894.3871),
(4056,	56,	'MAT',	128.8281),
(4057,	57,	'MAT',	810.1885),
(4058,	58,	'MAT',	979.6758),
(4059,	59,	'MAT',	843.3867),
(4060,	60,	'MAT',	717.8636),
(4061,	61,	'MAT',	639.3623),
(4062,	62,	'MAT',	261.2970),
(4063,	63,	'MAT',	298.0016),
(4064,	64,	'MAT',	211.7286),
(4065,	65,	'MAT',	709.6234),
(4066,	66,	'MAT',	816.0752),
(4067,	67,	'MAT',	339.3275),
(4068,	68,	'MAT',	878.7693),
(4069,	69,	'MAT',	728.8207),
(4070,	70,	'MAT',	166.6394),
(4071,	71,	'MAT',	179.4670),
(4072,	72,	'MAT',	796.3523),
(4073,	73,	'MAT',	114.7058),
(4074,	74,	'MAT',	785.0788),
(4075,	75,	'MAT',	387.0093),
(4076,	76,	'MAT',	239.0144),
(4077,	77,	'MAT',	879.2354),
(4078,	78,	'MAT',	147.9201),
(4079,	79,	'MAT',	350.6609),
(4080,	80,	'MAT',	817.8256),
(4081,	81,	'MAT',	166.0113),
(4082,	82,	'MAT',	925.1449),
(4083,	83,	'MAT',	329.3698),
(4084,	84,	'MAT',	651.3578),
(4085,	85,	'MAT',	857.4152),
(4086,	86,	'MAT',	878.6301),
(4087,	87,	'MAT',	75.8528),
(4088,	88,	'MAT',	355.0623),
(4089,	89,	'MAT',	806.1537),
(4090,	90,	'MAT',	180.2527),
(4091,	91,	'MAT',	271.5382),
(4092,	92,	'MAT',	459.7801),
(4093,	93,	'MAT',	497.3602),
(4094,	94,	'MAT',	87.8891),
(4095,	95,	'MAT',	256.8336),
(4096,	96,	'MAT',	879.9277),
(4097,	97,	'MAT',	50.3874),
(4098,	98,	'MAT',	752.8257),
(4099,	99,	'MAT',	454.4794),
(4100,	100,	'MAT',	683.4364),
(4101,	101,	'MAT',	517.9988),
(4102,	102,	'MAT',	281.0495),
(4103,	103,	'MAT',	154.9834),
(4104,	104,	'MAT',	163.4021),
(4105,	105,	'MAT',	709.9685),
(4106,	106,	'MAT',	450.5058),
(4107,	107,	'MAT',	218.1377),
(4108,	108,	'MAT',	966.4272),
(4109,	109,	'MAT',	503.7508),
(4110,	110,	'MAT',	23.1269),
(4111,	111,	'MAT',	514.1635),
(4112,	112,	'MAT',	828.4556),
(4113,	113,	'MAT',	936.9347),
(4114,	114,	'MAT',	256.8753),
(4115,	115,	'MAT',	298.5709),
(4116,	116,	'MAT',	21.6282),
(4117,	117,	'MAT',	970.1510),
(4118,	118,	'MAT',	418.9584),
(4119,	119,	'MAT',	942.4265),
(4120,	120,	'MAT',	654.7399),
(4121,	121,	'MAT',	952.5084),
(4122,	122,	'MAT',	966.7032),
(4123,	123,	'MAT',	594.7268),
(4124,	124,	'MAT',	722.9292),
(4125,	125,	'MAT',	762.3571),
(4126,	126,	'MAT',	947.1251),
(4127,	127,	'MAT',	785.8044),
(4128,	128,	'MAT',	133.5421),
(4129,	129,	'MAT',	871.1718),
(4130,	130,	'MAT',	760.0446),
(4131,	131,	'MAT',	323.4279),
(4132,	132,	'MAT',	817.9498),
(4133,	133,	'MAT',	20.1246),
(4134,	134,	'MAT',	431.4328),
(4135,	135,	'MAT',	172.9611),
(4136,	136,	'MAT',	213.6848),
(4137,	137,	'MAT',	86.7640),
(4138,	138,	'MAT',	822.6147),
(4139,	139,	'MAT',	684.8789),
(4140,	140,	'MAT',	845.9755),
(4141,	141,	'MAT',	607.3216),
(4142,	142,	'MAT',	26.1514),
(4143,	143,	'MAT',	292.0788),
(4144,	144,	'MAT',	282.3504),
(4145,	145,	'MAT',	619.4946),
(4146,	146,	'MAT',	900.7319),
(4147,	147,	'MAT',	372.5372),
(4148,	148,	'MAT',	180.0282),
(4149,	149,	'MAT',	56.3014),
(4150,	150,	'MAT',	501.4732),
(4151,	151,	'MAT',	161.0947),
(4152,	152,	'MAT',	797.5161),
(4153,	153,	'MAT',	814.2070),
(4154,	154,	'MAT',	129.5019),
(4155,	155,	'MAT',	443.8986),
(4156,	156,	'MAT',	261.7098),
(4157,	157,	'MAT',	920.3313),
(4158,	158,	'MAT',	648.7713),
(4159,	159,	'MAT',	736.0556),
(4160,	160,	'MAT',	939.4240),
(4161,	161,	'MAT',	996.6898),
(4162,	162,	'MAT',	658.9285),
(4163,	163,	'MAT',	528.5947),
(4164,	164,	'MAT',	730.3884),
(4165,	165,	'MAT',	260.6637),
(4166,	166,	'MAT',	362.4523),
(4167,	167,	'MAT',	627.7622),
(4168,	168,	'MAT',	950.3590),
(4169,	169,	'MAT',	87.7125),
(4170,	170,	'MAT',	177.1021),
(4171,	171,	'MAT',	244.8576),
(4172,	172,	'MAT',	471.2372),
(4173,	173,	'MAT',	468.9409),
(4174,	174,	'MAT',	686.8538),
(4175,	175,	'MAT',	474.6292),
(4176,	176,	'MAT',	459.2353),
(4177,	177,	'MAT',	819.2858),
(4178,	178,	'MAT',	745.2144),
(4179,	179,	'MAT',	379.4996),
(4180,	180,	'MAT',	714.2295),
(4181,	181,	'MAT',	65.0088),
(4182,	182,	'MAT',	46.9909),
(4183,	183,	'MAT',	84.8982),
(4184,	184,	'MAT',	748.6592),
(4185,	185,	'MAT',	891.2675),
(4186,	186,	'MAT',	50.9702),
(4187,	187,	'MAT',	929.4029),
(4188,	188,	'MAT',	493.4886),
(4189,	189,	'MAT',	231.2463),
(4190,	190,	'MAT',	579.6364),
(4191,	191,	'MAT',	139.6095),
(4192,	192,	'MAT',	573.7789),
(4193,	193,	'MAT',	621.9692),
(4194,	194,	'MAT',	311.3331),
(4195,	195,	'MAT',	192.9444),
(4196,	196,	'MAT',	156.5092),
(4197,	197,	'MAT',	52.6356),
(4198,	198,	'MAT',	431.5729),
(4199,	199,	'MAT',	583.3319),
(4200,	200,	'MAT',	365.3493),
(4201,	201,	'MAT',	377.1037),
(4202,	202,	'MAT',	52.6303),
(4203,	203,	'MAT',	927.1316),
(4204,	204,	'MAT',	704.8678),
(4205,	205,	'MAT',	316.4606),
(4206,	206,	'MAT',	481.9473),
(4207,	207,	'MAT',	667.8095),
(4208,	208,	'MAT',	548.7952),
(4209,	209,	'MAT',	611.4807),
(4210,	210,	'MAT',	687.6107),
(4211,	211,	'MAT',	791.5843),
(4212,	212,	'MAT',	291.6285),
(4213,	213,	'MAT',	311.8068),
(4214,	214,	'MAT',	503.7105),
(4215,	215,	'MAT',	871.1830),
(4216,	216,	'MAT',	163.2956),
(4217,	217,	'MAT',	500.7702),
(4218,	218,	'MAT',	657.5652),
(4219,	219,	'MAT',	197.3981),
(4220,	220,	'MAT',	972.2032),
(4221,	221,	'MAT',	159.1946),
(4222,	222,	'MAT',	425.4733),
(4223,	223,	'MAT',	346.4465),
(4224,	224,	'MAT',	921.4053),
(4225,	225,	'MAT',	758.5675),
(4226,	226,	'MAT',	847.8844),
(4227,	227,	'MAT',	350.0316),
(4228,	228,	'MAT',	370.2518),
(4229,	229,	'MAT',	975.7677),
(4230,	230,	'MAT',	753.4483),
(4231,	231,	'MAT',	324.3710),
(4232,	232,	'MAT',	361.1091),
(4233,	233,	'MAT',	939.9129),
(4234,	234,	'MAT',	282.5368),
(4235,	235,	'MAT',	504.3971),
(4236,	236,	'MAT',	556.9690),
(4237,	237,	'MAT',	352.2839),
(4238,	238,	'MAT',	640.2890),
(4239,	239,	'MAT',	391.9545),
(4240,	240,	'MAT',	590.1493),
(4241,	241,	'MAT',	792.0748),
(4242,	242,	'MAT',	731.4908),
(4243,	243,	'MAT',	42.0073),
(4244,	244,	'MAT',	613.1127),
(4245,	245,	'MAT',	43.0658),
(4246,	246,	'MAT',	869.6467),
(4247,	247,	'MAT',	475.7379),
(4248,	248,	'MAT',	294.6616),
(4249,	249,	'MAT',	960.6164),
(4250,	250,	'MAT',	927.0331),
(4251,	251,	'MAT',	352.5564),
(4252,	252,	'MAT',	326.3847),
(4253,	253,	'MAT',	129.7432),
(4254,	254,	'MAT',	547.1462),
(4255,	255,	'MAT',	763.7119),
(4256,	256,	'MAT',	743.9034),
(4257,	257,	'MAT',	304.3515),
(4258,	258,	'MAT',	876.2461),
(4259,	259,	'MAT',	578.3949),
(4260,	260,	'MAT',	633.8240),
(4261,	261,	'MAT',	135.2338),
(4262,	262,	'MAT',	425.5964),
(4263,	263,	'MAT',	486.3764),
(4264,	264,	'MAT',	51.5613),
(4265,	265,	'MAT',	378.7281),
(4266,	266,	'MAT',	417.3941),
(4267,	267,	'MAT',	322.6513),
(4268,	268,	'MAT',	921.1697),
(4269,	269,	'MAT',	281.5392),
(4270,	270,	'MAT',	783.2777),
(4271,	271,	'MAT',	57.7330),
(4272,	272,	'MAT',	759.4047),
(4273,	273,	'MAT',	923.0353),
(4274,	274,	'MAT',	117.9547),
(4275,	275,	'MAT',	823.4336),
(4276,	276,	'MAT',	641.0912),
(4277,	277,	'MAT',	324.4314),
(4278,	278,	'MAT',	205.8366),
(4279,	279,	'MAT',	127.4790),
(4280,	280,	'MAT',	151.9476),
(4281,	281,	'MAT',	978.5671),
(4282,	282,	'MAT',	360.9383),
(4283,	283,	'MAT',	790.2085),
(4284,	284,	'MAT',	517.9756),
(4285,	285,	'MAT',	302.9941),
(4286,	286,	'MAT',	362.0722),
(4287,	287,	'MAT',	168.3094),
(4288,	288,	'MAT',	419.1129),
(4289,	289,	'MAT',	35.1947),
(4290,	290,	'MAT',	526.2292),
(4291,	291,	'MAT',	215.8887),
(4292,	292,	'MAT',	989.4531),
(4293,	293,	'MAT',	487.5639),
(4294,	294,	'MAT',	246.5839),
(4295,	295,	'MAT',	170.6022),
(4296,	296,	'MAT',	397.4504),
(4297,	297,	'MAT',	594.1385),
(4298,	298,	'MAT',	887.1543),
(4299,	299,	'MAT',	504.1204),
(4300,	300,	'MAT',	47.0933),
(4301,	301,	'MAT',	266.2671),
(4302,	302,	'MAT',	412.6412),
(4303,	303,	'MAT',	480.2617),
(4304,	304,	'MAT',	652.3768),
(4305,	305,	'MAT',	478.1848),
(4306,	306,	'MAT',	502.3448),
(4307,	307,	'MAT',	489.0970),
(4308,	308,	'MAT',	414.3795),
(4309,	309,	'MAT',	481.6632),
(4310,	310,	'MAT',	829.5235),
(4311,	311,	'MAT',	927.5745),
(4312,	312,	'MAT',	430.3811),
(4313,	313,	'MAT',	884.2972),
(4314,	314,	'MAT',	44.6261),
(4315,	315,	'MAT',	884.3021),
(4316,	316,	'MAT',	237.1224),
(4317,	317,	'MAT',	307.2065),
(4318,	318,	'MAT',	455.7462),
(4319,	319,	'MAT',	605.7910),
(4320,	320,	'MAT',	59.6461),
(4321,	321,	'MAT',	640.2157),
(4322,	322,	'MAT',	776.1506),
(4323,	323,	'MAT',	623.0092),
(4324,	324,	'MAT',	203.6787),
(4325,	325,	'MAT',	475.1907),
(4326,	326,	'MAT',	536.5766),
(4327,	327,	'MAT',	629.6351),
(4328,	328,	'MAT',	916.6149),
(4329,	329,	'MAT',	882.1622),
(4330,	330,	'MAT',	129.7624),
(4331,	331,	'MAT',	929.5762),
(4332,	332,	'MAT',	217.8828),
(4333,	333,	'MAT',	193.4483),
(4334,	334,	'MAT',	961.9815),
(4335,	335,	'MAT',	727.6651),
(4336,	336,	'MAT',	788.9484),
(4337,	337,	'MAT',	649.8895),
(4338,	338,	'MAT',	489.5728),
(4339,	339,	'MAT',	771.5063),
(4340,	340,	'MAT',	0.4362),
(4341,	341,	'MAT',	70.8195),
(4342,	342,	'MAT',	360.4866),
(4343,	343,	'MAT',	259.8103),
(4344,	344,	'MAT',	850.2082),
(4345,	345,	'MAT',	472.4487),
(4346,	346,	'MAT',	175.3269),
(4347,	347,	'MAT',	649.2509),
(4348,	348,	'MAT',	332.7362),
(4349,	349,	'MAT',	120.2730),
(4350,	350,	'MAT',	671.7688),
(4351,	351,	'MAT',	662.0052),
(4352,	352,	'MAT',	839.6697),
(4353,	353,	'MAT',	183.0056),
(4354,	354,	'MAT',	188.7354),
(4355,	355,	'MAT',	408.1258),
(4356,	356,	'MAT',	537.5586),
(4357,	357,	'MAT',	480.5137),
(4358,	358,	'MAT',	275.8545),
(4359,	359,	'MAT',	195.7238),
(4360,	360,	'MAT',	981.7691),
(4361,	361,	'MAT',	663.3964),
(4362,	362,	'MAT',	599.6214),
(4363,	363,	'MAT',	485.7945),
(4364,	364,	'MAT',	550.0073),
(4365,	365,	'MAT',	225.0190),
(4366,	366,	'MAT',	5.3757),
(4367,	367,	'MAT',	766.1812),
(4368,	368,	'MAT',	45.2492),
(4369,	369,	'MAT',	155.0494),
(4370,	370,	'MAT',	23.2134),
(4371,	371,	'MAT',	882.8178),
(4372,	372,	'MAT',	410.7431),
(4373,	373,	'MAT',	751.4224),
(4374,	374,	'MAT',	357.3797),
(4375,	375,	'MAT',	536.6710),
(4376,	376,	'MAT',	325.6220),
(4377,	377,	'MAT',	753.5978),
(4378,	378,	'MAT',	190.5816),
(4379,	379,	'MAT',	590.1130),
(4380,	380,	'MAT',	710.3651),
(4381,	381,	'MAT',	280.0838),
(4382,	382,	'MAT',	729.7036),
(4383,	383,	'MAT',	569.5241),
(4384,	384,	'MAT',	854.7276),
(4385,	385,	'MAT',	520.8793),
(4386,	386,	'MAT',	247.6429),
(4387,	387,	'MAT',	390.7196),
(4388,	388,	'MAT',	378.7827),
(4389,	389,	'MAT',	976.0836),
(4390,	390,	'MAT',	758.3586),
(4391,	391,	'MAT',	839.2252),
(4392,	392,	'MAT',	479.7735),
(4393,	393,	'MAT',	665.0847),
(4394,	394,	'MAT',	728.7393),
(4395,	395,	'MAT',	62.1009),
(4396,	396,	'MAT',	875.3083),
(4397,	397,	'MAT',	19.8478),
(4398,	398,	'MAT',	102.0533),
(4399,	399,	'MAT',	826.2605),
(4400,	400,	'MAT',	851.6434),
(4401,	401,	'MAT',	503.8691),
(4402,	402,	'MAT',	495.1598),
(4403,	403,	'MAT',	546.1507),
(4404,	404,	'MAT',	430.9266),
(4405,	405,	'MAT',	69.0529),
(4406,	406,	'MAT',	289.1196),
(4407,	407,	'MAT',	328.4761),
(4408,	408,	'MAT',	356.1608),
(4409,	409,	'MAT',	613.2182),
(4410,	410,	'MAT',	83.5278),
(4411,	411,	'MAT',	384.1561),
(4412,	412,	'MAT',	179.5790),
(4413,	413,	'MAT',	141.5847),
(4414,	414,	'MAT',	493.3989),
(4415,	415,	'MAT',	852.9967),
(4416,	416,	'MAT',	636.7452),
(4417,	417,	'MAT',	88.3700),
(4418,	418,	'MAT',	537.1892),
(4419,	419,	'MAT',	724.6792),
(4420,	420,	'MAT',	546.1950),
(4421,	421,	'MAT',	339.6861),
(4422,	422,	'MAT',	304.8743),
(4423,	423,	'MAT',	943.8018),
(4424,	424,	'MAT',	434.4952),
(4425,	425,	'MAT',	516.6671),
(4426,	426,	'MAT',	143.7992),
(4427,	427,	'MAT',	61.4968),
(4428,	428,	'MAT',	620.5414),
(4429,	429,	'MAT',	445.2955),
(4430,	430,	'MAT',	266.8264),
(4431,	431,	'MAT',	148.9383),
(4432,	432,	'MAT',	374.5618),
(4433,	433,	'MAT',	419.6208),
(4434,	434,	'MAT',	505.2833),
(4435,	435,	'MAT',	139.9226),
(4436,	436,	'MAT',	205.7427),
(4437,	437,	'MAT',	549.3237),
(4438,	438,	'MAT',	803.0194),
(4439,	439,	'MAT',	309.0224),
(4440,	440,	'MAT',	274.4885),
(4441,	441,	'MAT',	580.7948),
(4442,	442,	'MAT',	938.5706),
(4443,	443,	'MAT',	832.7906),
(4444,	444,	'MAT',	816.7088),
(4445,	445,	'MAT',	996.9140),
(4446,	446,	'MAT',	766.8141),
(4447,	447,	'MAT',	458.0291),
(4448,	448,	'MAT',	786.1236),
(4449,	449,	'MAT',	431.3238),
(4450,	450,	'MAT',	800.4172),
(4451,	451,	'MAT',	508.3644),
(4452,	452,	'MAT',	985.2912),
(4453,	453,	'MAT',	363.8365),
(4454,	454,	'MAT',	380.1317),
(4455,	455,	'MAT',	634.6830),
(4456,	456,	'MAT',	279.1157),
(4457,	457,	'MAT',	172.7586),
(4458,	458,	'MAT',	321.8837),
(4459,	459,	'MAT',	124.2761),
(4460,	460,	'MAT',	916.3779),
(4461,	461,	'MAT',	766.7161),
(4462,	462,	'MAT',	574.0101),
(4463,	463,	'MAT',	33.3650),
(4464,	464,	'MAT',	33.3997),
(4465,	465,	'MAT',	651.9026),
(4466,	466,	'MAT',	760.5676),
(4467,	467,	'MAT',	923.2670),
(4468,	468,	'MAT',	208.7833),
(4469,	469,	'MAT',	233.5037),
(4470,	470,	'MAT',	280.3262),
(4471,	471,	'MAT',	200.4368),
(4472,	472,	'MAT',	184.7496),
(4473,	473,	'MAT',	436.2702),
(4474,	474,	'MAT',	132.5767),
(4475,	475,	'MAT',	959.4615),
(4476,	476,	'MAT',	991.3950),
(4477,	477,	'MAT',	446.9105),
(4478,	478,	'MAT',	546.7234),
(4479,	479,	'MAT',	505.9833),
(4480,	480,	'MAT',	105.2627),
(4481,	481,	'MAT',	548.6808),
(4482,	482,	'MAT',	894.1558),
(4483,	483,	'MAT',	300.7018),
(4484,	484,	'MAT',	139.0529),
(4485,	485,	'MAT',	149.4686),
(4486,	486,	'MAT',	170.3450),
(4487,	487,	'MAT',	431.0534),
(4488,	488,	'MAT',	663.6179),
(4489,	489,	'MAT',	23.7754),
(4490,	490,	'MAT',	493.4892),
(4491,	491,	'MAT',	369.4722),
(4492,	492,	'MAT',	291.1477),
(4493,	493,	'MAT',	117.7759),
(4494,	494,	'MAT',	909.3024),
(4495,	495,	'MAT',	246.1432),
(4496,	496,	'MAT',	10.3622),
(4497,	497,	'MAT',	970.9807),
(4498,	498,	'MAT',	743.3888),
(4499,	499,	'MAT',	267.7136),
(4500,	500,	'MAT',	81.1958),
(4501,	501,	'MAT',	623.7935),
(4502,	502,	'MAT',	704.0731),
(4503,	503,	'MAT',	862.4541),
(4504,	504,	'MAT',	739.8712),
(4505,	505,	'MAT',	287.4584),
(4506,	506,	'MAT',	883.9899),
(4507,	507,	'MAT',	606.3137),
(4508,	508,	'MAT',	414.2890),
(4509,	509,	'MAT',	495.4513),
(4510,	510,	'MAT',	29.2217),
(4511,	511,	'MAT',	841.3464),
(4512,	512,	'MAT',	56.5403),
(4513,	513,	'MAT',	202.1023),
(4514,	514,	'MAT',	489.0209),
(4515,	515,	'MAT',	931.3840),
(4516,	516,	'MAT',	507.4480),
(4517,	517,	'MAT',	307.8500),
(4518,	518,	'MAT',	389.9452),
(4519,	519,	'MAT',	331.5196),
(4520,	520,	'MAT',	613.3750),
(4521,	521,	'MAT',	640.3570),
(4522,	522,	'MAT',	643.3658),
(4523,	523,	'MAT',	814.0105),
(4524,	524,	'MAT',	74.4443),
(4525,	525,	'MAT',	881.1995),
(4526,	526,	'MAT',	443.8540),
(4527,	527,	'MAT',	129.9744),
(4528,	528,	'MAT',	1.0458),
(4529,	529,	'MAT',	284.2671),
(4530,	530,	'MAT',	575.9246),
(4531,	531,	'MAT',	304.4638),
(4532,	532,	'MAT',	806.9584),
(4533,	533,	'MAT',	26.0675),
(4534,	534,	'MAT',	364.6423),
(4535,	535,	'MAT',	729.5071),
(4536,	536,	'MAT',	39.6153),
(4537,	537,	'MAT',	681.2808),
(4538,	538,	'MAT',	582.5404),
(4539,	539,	'MAT',	739.6644),
(4540,	540,	'MAT',	514.9867),
(4541,	541,	'MAT',	174.8007),
(4542,	542,	'MAT',	499.3559),
(4543,	543,	'MAT',	152.9062),
(4544,	544,	'MAT',	951.4018),
(4545,	545,	'MAT',	959.8603),
(4546,	546,	'MAT',	895.4554),
(4547,	547,	'MAT',	503.9260),
(4548,	548,	'MAT',	146.9949),
(4549,	549,	'MAT',	616.4014),
(4550,	550,	'MAT',	215.2652),
(4551,	551,	'MAT',	698.6313),
(4552,	552,	'MAT',	483.9475),
(4553,	553,	'MAT',	383.4268),
(4554,	554,	'MAT',	79.6649),
(4555,	555,	'MAT',	354.5571),
(4556,	556,	'MAT',	144.4169),
(4557,	557,	'MAT',	245.0312),
(4558,	558,	'MAT',	406.9596),
(4559,	559,	'MAT',	501.8993),
(4560,	560,	'MAT',	284.2133),
(4561,	561,	'MAT',	164.0808),
(4562,	562,	'MAT',	236.2348),
(4563,	563,	'MAT',	589.6324),
(4564,	564,	'MAT',	241.1056),
(4565,	565,	'MAT',	343.9652),
(4566,	566,	'MAT',	378.0758),
(4567,	567,	'MAT',	248.4146),
(4568,	568,	'MAT',	721.5417),
(4569,	569,	'MAT',	844.3276),
(4570,	570,	'MAT',	897.8884),
(4571,	571,	'MAT',	653.3659),
(4572,	572,	'MAT',	310.4174),
(4573,	573,	'MAT',	45.8904),
(4574,	574,	'MAT',	509.7079),
(4575,	575,	'MAT',	529.2495),
(4576,	576,	'MAT',	850.9891),
(4577,	577,	'MAT',	592.8803),
(4578,	578,	'MAT',	186.8612),
(4579,	579,	'MAT',	876.6074),
(4580,	580,	'MAT',	920.3546),
(4581,	581,	'MAT',	417.8202),
(4582,	582,	'MAT',	253.1643),
(4583,	583,	'MAT',	556.0308),
(4584,	584,	'MAT',	106.6085),
(4585,	585,	'MAT',	831.7598),
(4586,	586,	'MAT',	420.0278),
(4587,	587,	'MAT',	928.8171),
(4588,	588,	'MAT',	181.9111),
(4589,	589,	'MAT',	229.6631),
(4590,	590,	'MAT',	665.8252),
(4591,	591,	'MAT',	58.1318),
(4592,	592,	'MAT',	694.2146),
(4593,	593,	'MAT',	984.3317),
(4594,	594,	'MAT',	102.9689),
(4595,	595,	'MAT',	496.1689),
(4596,	596,	'MAT',	863.3455),
(4597,	597,	'MAT',	744.6339),
(4598,	598,	'MAT',	336.1632),
(4599,	599,	'MAT',	913.4263),
(4600,	600,	'MAT',	50.5207),
(4601,	601,	'MAT',	188.8745),
(4602,	602,	'MAT',	870.4284),
(4603,	603,	'MAT',	326.4090),
(4604,	604,	'MAT',	494.5889),
(4605,	605,	'MAT',	932.8827),
(4606,	606,	'MAT',	346.1705),
(4607,	607,	'MAT',	86.1848),
(4608,	608,	'MAT',	965.0362),
(4609,	609,	'MAT',	268.3895),
(4610,	610,	'MAT',	653.2092),
(4611,	611,	'MAT',	268.8516),
(4612,	612,	'MAT',	935.9657),
(4613,	613,	'MAT',	939.3699),
(4614,	614,	'MAT',	384.5692),
(4615,	615,	'MAT',	388.2003),
(4616,	616,	'MAT',	870.2982),
(4617,	617,	'MAT',	394.8388),
(4618,	618,	'MAT',	531.6828),
(4619,	619,	'MAT',	881.0307),
(4620,	620,	'MAT',	536.7448),
(4621,	621,	'MAT',	271.5338),
(4622,	622,	'MAT',	615.6196),
(4623,	623,	'MAT',	554.6398),
(4624,	624,	'MAT',	233.5262),
(4625,	625,	'MAT',	457.2818),
(4626,	626,	'MAT',	118.2231),
(4627,	627,	'MAT',	802.5399),
(4628,	628,	'MAT',	90.8207),
(4629,	629,	'MAT',	388.7530),
(4630,	630,	'MAT',	877.7589),
(4631,	631,	'MAT',	329.2911),
(4632,	632,	'MAT',	142.6754),
(4633,	633,	'MAT',	178.7397),
(4634,	634,	'MAT',	58.7853),
(4635,	635,	'MAT',	79.2285),
(4636,	636,	'MAT',	290.5040),
(4637,	637,	'MAT',	78.0785),
(4638,	638,	'MAT',	459.4993),
(4639,	639,	'MAT',	474.2146),
(4640,	640,	'MAT',	93.0915),
(4641,	641,	'MAT',	29.3372),
(4642,	642,	'MAT',	421.9638),
(4643,	643,	'MAT',	894.1696),
(4644,	644,	'MAT',	683.9265),
(4645,	645,	'MAT',	139.4042),
(4646,	646,	'MAT',	204.4290),
(4647,	647,	'MAT',	780.4031),
(4648,	648,	'MAT',	848.5113),
(4649,	649,	'MAT',	398.2626),
(4650,	650,	'MAT',	867.9620),
(4651,	651,	'MAT',	709.0426),
(4652,	652,	'MAT',	560.4761),
(4653,	653,	'MAT',	777.3242),
(4654,	654,	'MAT',	988.7945),
(4655,	655,	'MAT',	483.8147),
(4656,	656,	'MAT',	943.5958),
(4657,	657,	'MAT',	803.9048),
(4658,	658,	'MAT',	37.1441),
(4659,	659,	'MAT',	810.1894),
(4660,	660,	'MAT',	284.6608),
(4661,	661,	'MAT',	413.8257),
(4662,	662,	'MAT',	139.2319),
(4663,	663,	'MAT',	775.2902),
(4664,	664,	'MAT',	386.7761),
(4665,	665,	'MAT',	31.1691),
(4666,	666,	'MAT',	504.4758),
(4667,	667,	'MAT',	934.8158),
(4668,	668,	'MAT',	989.8227),
(4669,	669,	'MAT',	667.0188),
(4670,	670,	'MAT',	723.9530),
(4671,	671,	'MAT',	168.6878),
(4672,	672,	'MAT',	397.1768),
(4673,	673,	'MAT',	417.6635),
(4674,	674,	'MAT',	285.4688),
(4675,	675,	'MAT',	680.8529),
(4676,	676,	'MAT',	635.6854),
(4677,	677,	'MAT',	431.0990),
(4678,	678,	'MAT',	167.1827),
(4679,	679,	'MAT',	552.8371),
(4680,	680,	'MAT',	237.4345),
(4681,	681,	'MAT',	716.5401),
(4682,	682,	'MAT',	341.1438),
(4683,	683,	'MAT',	326.2839),
(4684,	684,	'MAT',	786.2830),
(4685,	685,	'MAT',	296.7939),
(4686,	686,	'MAT',	225.0393),
(4687,	687,	'MAT',	788.6674),
(4688,	688,	'MAT',	130.3413),
(4689,	689,	'MAT',	32.7897),
(4690,	690,	'MAT',	716.6160),
(4691,	691,	'MAT',	47.7787),
(4692,	692,	'MAT',	56.8628),
(4693,	693,	'MAT',	911.4264),
(4694,	694,	'MAT',	342.2072),
(4695,	695,	'MAT',	540.0625),
(4696,	696,	'MAT',	575.5769),
(4697,	697,	'MAT',	80.1736),
(4698,	698,	'MAT',	990.7490),
(4699,	699,	'MAT',	735.6215),
(4700,	700,	'MAT',	155.4500),
(4701,	701,	'MAT',	236.0970),
(4702,	702,	'MAT',	799.8334),
(4703,	703,	'MAT',	952.9385),
(4704,	704,	'MAT',	571.7767),
(4705,	705,	'MAT',	890.5800),
(4706,	706,	'MAT',	412.4844),
(4707,	707,	'MAT',	349.8228),
(4708,	708,	'MAT',	816.9163),
(4709,	709,	'MAT',	437.0675),
(4710,	710,	'MAT',	163.8649),
(4711,	711,	'MAT',	671.9172),
(4712,	712,	'MAT',	243.0808),
(4713,	713,	'MAT',	329.0823),
(4714,	714,	'MAT',	633.4200),
(4715,	715,	'MAT',	349.4816),
(4716,	716,	'MAT',	158.5098),
(4717,	717,	'MAT',	831.7304),
(4718,	718,	'MAT',	224.4045),
(4719,	719,	'MAT',	498.8266),
(4720,	720,	'MAT',	334.3015),
(4721,	721,	'MAT',	718.1893),
(4722,	722,	'MAT',	564.5352),
(4723,	723,	'MAT',	28.6694),
(4724,	724,	'MAT',	32.0081),
(4725,	725,	'MAT',	810.2508),
(4726,	726,	'MAT',	984.1027),
(4727,	727,	'MAT',	830.8165),
(4728,	728,	'MAT',	182.2519),
(4729,	729,	'MAT',	547.2436),
(4730,	730,	'MAT',	769.2865),
(4731,	731,	'MAT',	383.4185),
(4732,	732,	'MAT',	6.5633),
(4733,	733,	'MAT',	64.5587),
(4734,	734,	'MAT',	648.9861),
(4735,	735,	'MAT',	467.6388),
(4736,	736,	'MAT',	69.2039),
(4737,	737,	'MAT',	285.7959),
(4738,	738,	'MAT',	970.6917),
(4739,	739,	'MAT',	440.4487),
(4740,	740,	'MAT',	39.4415),
(4741,	741,	'MAT',	432.7134),
(4742,	742,	'MAT',	122.5534),
(4743,	743,	'MAT',	115.3052),
(4744,	744,	'MAT',	601.9526),
(4745,	745,	'MAT',	298.6717),
(4746,	746,	'MAT',	460.2503),
(4747,	747,	'MAT',	989.7356),
(4748,	748,	'MAT',	179.9684),
(4749,	749,	'MAT',	196.8746),
(4750,	750,	'MAT',	667.8534),
(4751,	751,	'MAT',	388.5372),
(4752,	752,	'MAT',	353.0339),
(4753,	753,	'MAT',	231.4072),
(4754,	754,	'MAT',	242.9675),
(4755,	755,	'MAT',	694.3584),
(4756,	756,	'MAT',	925.9941),
(4757,	757,	'MAT',	442.7092),
(4758,	758,	'MAT',	710.2503),
(4759,	759,	'MAT',	171.0038),
(4760,	760,	'MAT',	636.3096),
(4761,	761,	'MAT',	400.4032),
(4762,	762,	'MAT',	432.0498),
(4763,	763,	'MAT',	13.9771),
(4764,	764,	'MAT',	247.2348),
(4765,	765,	'MAT',	866.5531),
(4766,	766,	'MAT',	29.8803),
(4767,	767,	'MAT',	883.1811),
(4768,	768,	'MAT',	794.2933),
(4769,	769,	'MAT',	886.2186),
(4770,	770,	'MAT',	654.9088),
(4771,	771,	'MAT',	279.1123),
(4772,	772,	'MAT',	880.1744),
(4773,	773,	'MAT',	343.8387),
(4774,	774,	'MAT',	738.8860),
(4775,	775,	'MAT',	834.6221),
(4776,	776,	'MAT',	856.5639),
(4777,	777,	'MAT',	457.7448),
(4778,	778,	'MAT',	307.8988),
(4779,	779,	'MAT',	778.5801),
(4780,	780,	'MAT',	295.5276),
(4781,	781,	'MAT',	199.6923),
(4782,	782,	'MAT',	905.7713),
(4783,	783,	'MAT',	133.5003),
(4784,	784,	'MAT',	314.3930),
(4785,	785,	'MAT',	74.4622),
(4786,	786,	'MAT',	322.1569),
(4787,	787,	'MAT',	826.4084),
(4788,	788,	'MAT',	986.3652),
(4789,	789,	'MAT',	39.8600),
(4790,	790,	'MAT',	331.6350),
(4791,	791,	'MAT',	981.0377),
(4792,	792,	'MAT',	535.7203),
(4793,	793,	'MAT',	883.1332),
(4794,	794,	'MAT',	596.8716),
(4795,	795,	'MAT',	992.7005),
(4796,	796,	'MAT',	895.2506),
(4797,	797,	'MAT',	714.4351),
(4798,	798,	'MAT',	751.7763),
(4799,	799,	'MAT',	56.3791),
(4800,	800,	'MAT',	825.7443),
(4801,	801,	'MAT',	164.0511),
(4802,	802,	'MAT',	265.6897),
(4803,	803,	'MAT',	540.0888),
(4804,	804,	'MAT',	363.6192),
(4805,	805,	'MAT',	478.3304),
(4806,	806,	'MAT',	846.5724),
(4807,	807,	'MAT',	512.9935),
(4808,	808,	'MAT',	354.1034),
(4809,	809,	'MAT',	199.2376),
(4810,	810,	'MAT',	245.1808),
(4811,	811,	'MAT',	854.8062),
(4812,	812,	'MAT',	739.8306),
(4813,	813,	'MAT',	102.7551),
(4814,	814,	'MAT',	223.8896),
(4815,	815,	'MAT',	6.3971),
(4816,	816,	'MAT',	363.0136),
(4817,	817,	'MAT',	506.3972),
(4818,	818,	'MAT',	404.3665),
(4819,	819,	'MAT',	619.3994),
(4820,	820,	'MAT',	671.2283),
(4821,	821,	'MAT',	872.7302),
(4822,	822,	'MAT',	594.3347),
(4823,	823,	'MAT',	214.8043),
(4824,	824,	'MAT',	189.0767),
(4825,	825,	'MAT',	825.8039),
(4826,	826,	'MAT',	389.1398),
(4827,	827,	'MAT',	11.2903),
(4828,	828,	'MAT',	563.7285),
(4829,	829,	'MAT',	317.7144),
(4830,	830,	'MAT',	759.1609),
(4831,	831,	'MAT',	990.0384),
(4832,	832,	'MAT',	824.3173),
(4833,	833,	'MAT',	847.8966),
(4834,	834,	'MAT',	91.7396),
(4835,	835,	'MAT',	771.1529),
(4836,	836,	'MAT',	460.2662),
(4837,	837,	'MAT',	184.2240),
(4838,	838,	'MAT',	174.9918),
(4839,	839,	'MAT',	243.8645),
(4840,	840,	'MAT',	471.8045),
(4841,	841,	'MAT',	670.2661),
(4842,	842,	'MAT',	85.8135),
(4843,	843,	'MAT',	945.8431),
(4844,	844,	'MAT',	71.8211),
(4845,	845,	'MAT',	188.3788),
(4846,	846,	'MAT',	461.9465),
(4847,	847,	'MAT',	991.0709),
(4848,	848,	'MAT',	342.4861),
(4849,	849,	'MAT',	128.0054),
(4850,	850,	'MAT',	88.4300),
(4851,	851,	'MAT',	0.3467),
(4852,	852,	'MAT',	214.4936),
(4853,	853,	'MAT',	562.2227),
(4854,	854,	'MAT',	624.9411),
(4855,	855,	'MAT',	145.6094),
(4856,	856,	'MAT',	624.2583),
(4857,	857,	'MAT',	317.1492),
(4858,	858,	'MAT',	98.6233),
(4859,	859,	'MAT',	257.3362),
(4860,	860,	'MAT',	335.8672),
(4861,	861,	'MAT',	153.4378),
(4862,	862,	'MAT',	603.2126),
(4863,	863,	'MAT',	456.5733),
(4864,	864,	'MAT',	962.2809),
(4865,	865,	'MAT',	394.8342),
(4866,	866,	'MAT',	727.7248),
(4867,	867,	'MAT',	73.6345),
(4868,	868,	'MAT',	358.7259),
(4869,	869,	'MAT',	547.5995),
(4870,	870,	'MAT',	794.5084),
(4871,	871,	'MAT',	344.6813),
(4872,	872,	'MAT',	522.8645),
(4873,	873,	'MAT',	81.7101),
(4874,	874,	'MAT',	476.9599),
(4875,	875,	'MAT',	286.5343),
(4876,	876,	'MAT',	613.0607),
(4877,	877,	'MAT',	933.4935),
(4878,	878,	'MAT',	769.2245),
(4879,	879,	'MAT',	667.0548),
(4880,	880,	'MAT',	713.6432),
(4881,	881,	'MAT',	310.8017),
(4882,	882,	'MAT',	617.4793),
(4883,	883,	'MAT',	976.1504),
(4884,	884,	'MAT',	998.2958),
(4885,	885,	'MAT',	897.6722),
(4886,	886,	'MAT',	7.3537),
(4887,	887,	'MAT',	642.7145),
(4888,	888,	'MAT',	353.1975),
(4889,	889,	'MAT',	249.2443),
(4890,	890,	'MAT',	91.7453),
(4891,	891,	'MAT',	268.9572),
(4892,	892,	'MAT',	688.7689),
(4893,	893,	'MAT',	539.8010),
(4894,	894,	'MAT',	524.0515),
(4895,	895,	'MAT',	834.3139),
(4896,	896,	'MAT',	493.0658),
(4897,	897,	'MAT',	779.3983),
(4898,	898,	'MAT',	637.0856),
(4899,	899,	'MAT',	663.1845),
(4900,	900,	'MAT',	505.7361),
(4901,	901,	'MAT',	551.4215),
(4902,	902,	'MAT',	442.1306),
(4903,	903,	'MAT',	72.8522),
(4904,	904,	'MAT',	82.4145),
(4905,	905,	'MAT',	815.2699),
(4906,	906,	'MAT',	53.7851),
(4907,	907,	'MAT',	482.5912),
(4908,	908,	'MAT',	887.3162),
(4909,	909,	'MAT',	299.5308),
(4910,	910,	'MAT',	694.3081),
(4911,	911,	'MAT',	257.0458),
(4912,	912,	'MAT',	557.5624),
(4913,	913,	'MAT',	543.2963),
(4914,	914,	'MAT',	657.5894),
(4915,	915,	'MAT',	543.3825),
(4916,	916,	'MAT',	449.8991),
(4917,	917,	'MAT',	219.6504),
(4918,	918,	'MAT',	799.5221),
(4919,	919,	'MAT',	74.8071),
(4920,	920,	'MAT',	138.2994),
(4921,	921,	'MAT',	639.2058),
(4922,	922,	'MAT',	720.2989),
(4923,	923,	'MAT',	954.4265),
(4924,	924,	'MAT',	13.3829),
(4925,	925,	'MAT',	207.5608),
(4926,	926,	'MAT',	973.7038),
(4927,	927,	'MAT',	560.7755),
(4928,	928,	'MAT',	822.6806),
(4929,	929,	'MAT',	717.0757),
(4930,	930,	'MAT',	214.9195),
(4931,	931,	'MAT',	298.2502),
(4932,	932,	'MAT',	779.8427),
(4933,	933,	'MAT',	364.0316),
(4934,	934,	'MAT',	929.4723),
(4935,	935,	'MAT',	576.9561),
(4936,	936,	'MAT',	206.1826),
(4937,	937,	'MAT',	348.9897),
(4938,	938,	'MAT',	485.1609),
(4939,	939,	'MAT',	607.4635),
(4940,	940,	'MAT',	618.7180),
(4941,	941,	'MAT',	157.3913),
(4942,	942,	'MAT',	522.1534),
(4943,	943,	'MAT',	869.9724),
(4944,	944,	'MAT',	380.7970),
(4945,	945,	'MAT',	317.6036),
(4946,	946,	'MAT',	795.1906),
(4947,	947,	'MAT',	691.1541),
(4948,	948,	'MAT',	699.8566),
(4949,	949,	'MAT',	116.5516),
(4950,	950,	'MAT',	442.4221),
(4951,	951,	'MAT',	410.3431),
(4952,	952,	'MAT',	928.6122),
(4953,	953,	'MAT',	477.0444),
(4954,	954,	'MAT',	805.9163),
(4955,	955,	'MAT',	885.8408),
(4956,	956,	'MAT',	194.7237),
(4957,	957,	'MAT',	559.7570),
(4958,	958,	'MAT',	726.1659),
(4959,	959,	'MAT',	127.0883),
(4960,	960,	'MAT',	57.7726),
(4961,	961,	'MAT',	87.2147),
(4962,	962,	'MAT',	800.4875),
(4963,	963,	'MAT',	568.7343),
(4964,	964,	'MAT',	956.9139),
(4965,	965,	'MAT',	726.4643),
(4966,	966,	'MAT',	244.5240),
(4967,	967,	'MAT',	107.7542),
(4968,	968,	'MAT',	383.3133),
(4969,	969,	'MAT',	854.2252),
(4970,	970,	'MAT',	160.4842),
(4971,	971,	'MAT',	615.5633),
(4972,	972,	'MAT',	709.1675),
(4973,	973,	'MAT',	429.4605),
(4974,	974,	'MAT',	480.0778),
(4975,	975,	'MAT',	123.3003),
(4976,	976,	'MAT',	616.3583),
(4977,	977,	'MAT',	383.1549),
(4978,	978,	'MAT',	839.0579),
(4979,	979,	'MAT',	219.9276),
(4980,	980,	'MAT',	605.0246),
(4981,	981,	'MAT',	221.0121),
(4982,	982,	'MAT',	902.2413),
(4983,	983,	'MAT',	245.4844),
(4984,	984,	'MAT',	480.2424),
(4985,	985,	'MAT',	152.6895),
(4986,	986,	'MAT',	330.7753),
(4987,	987,	'MAT',	10.2896),
(4988,	988,	'MAT',	54.2174),
(4989,	989,	'MAT',	906.5656),
(4990,	990,	'MAT',	450.5700),
(4991,	991,	'MAT',	72.6898),
(4992,	992,	'MAT',	296.8990),
(4993,	993,	'MAT',	94.0547),
(4994,	994,	'MAT',	583.0601),
(4995,	995,	'MAT',	318.1482),
(4996,	996,	'MAT',	425.9010),
(4997,	997,	'MAT',	81.2370),
(4998,	998,	'MAT',	848.3519),
(4999,	999,	'MAT',	559.2727),
(5000,	1000,	'MAT',	424.4940);

INSERT INTO `pilihan_peserta` (`id`, `peserta_id`, `prodi_id`, `pil_ke`, `status_seleksi_id`) VALUES
(1003,	1,	4,	1,	2),
(1004,	2,	6,	1,	1),
(1005,	3,	7,	1,	2),
(1006,	4,	5,	1,	2),
(1007,	5,	3,	1,	1),
(1008,	6,	6,	1,	2),
(1009,	7,	5,	1,	1),
(1010,	8,	9,	1,	2),
(1011,	9,	8,	1,	2),
(1012,	10,	4,	1,	2),
(1013,	11,	9,	1,	2),
(1014,	12,	7,	1,	2),
(1015,	13,	2,	1,	1),
(1016,	14,	9,	1,	1),
(1017,	15,	1,	1,	2),
(1018,	16,	2,	1,	1),
(1019,	17,	4,	1,	2),
(1020,	18,	3,	1,	1),
(1021,	19,	7,	1,	2),
(1022,	20,	1,	1,	1),
(1023,	21,	7,	1,	1),
(1024,	22,	9,	1,	2),
(1025,	23,	2,	1,	1),
(1026,	24,	4,	1,	1),
(1027,	25,	2,	1,	2),
(1028,	26,	7,	1,	2),
(1029,	27,	9,	1,	2),
(1030,	28,	6,	1,	1),
(1031,	29,	2,	1,	2),
(1032,	30,	5,	1,	1),
(1033,	31,	2,	1,	2),
(1034,	32,	9,	1,	1),
(1035,	33,	6,	1,	1),
(1036,	34,	4,	1,	2),
(1037,	35,	5,	1,	2),
(1038,	36,	4,	1,	2),
(1039,	37,	9,	1,	2),
(1040,	38,	6,	1,	1),
(1041,	39,	1,	1,	2),
(1042,	40,	9,	1,	1),
(1043,	41,	2,	1,	1),
(1044,	42,	1,	1,	1),
(1045,	43,	8,	1,	1),
(1046,	44,	3,	1,	1),
(1047,	45,	1,	1,	2),
(1048,	46,	5,	1,	1),
(1049,	47,	5,	1,	1),
(1050,	48,	6,	1,	2),
(1051,	49,	1,	1,	2),
(1052,	50,	4,	1,	2),
(1053,	51,	3,	1,	2),
(1054,	52,	5,	1,	2),
(1055,	53,	7,	1,	1),
(1056,	54,	1,	1,	2),
(1057,	55,	1,	1,	2),
(1058,	56,	6,	1,	2),
(1059,	57,	4,	1,	1),
(1060,	58,	5,	1,	1),
(1061,	59,	8,	1,	1),
(1062,	60,	4,	1,	2),
(1063,	61,	5,	1,	1),
(1064,	62,	7,	1,	1),
(1065,	63,	5,	1,	1),
(1066,	64,	4,	1,	2),
(1067,	65,	3,	1,	2),
(1068,	66,	7,	1,	2),
(1069,	67,	8,	1,	1),
(1070,	68,	3,	1,	1),
(1071,	69,	9,	1,	1),
(1072,	70,	8,	1,	1),
(1073,	71,	9,	1,	2),
(1074,	72,	7,	1,	2),
(1075,	73,	5,	1,	2),
(1076,	74,	6,	1,	1),
(1077,	75,	5,	1,	1),
(1078,	76,	9,	1,	2),
(1079,	77,	5,	1,	2),
(1080,	78,	9,	1,	1),
(1081,	79,	4,	1,	2),
(1082,	80,	6,	1,	2),
(1083,	81,	9,	1,	2),
(1084,	82,	3,	1,	1),
(1085,	83,	5,	1,	2),
(1086,	84,	7,	1,	1),
(1087,	85,	2,	1,	2),
(1088,	86,	5,	1,	2),
(1089,	87,	5,	1,	1),
(1090,	88,	6,	1,	2),
(1091,	89,	5,	1,	1),
(1092,	90,	1,	1,	2),
(1093,	91,	9,	1,	1),
(1094,	92,	6,	1,	2),
(1095,	93,	9,	1,	1),
(1096,	94,	6,	1,	1),
(1097,	95,	4,	1,	1),
(1098,	96,	6,	1,	1),
(1099,	97,	7,	1,	1),
(1100,	98,	7,	1,	1),
(1101,	99,	9,	1,	2),
(1102,	100,	1,	1,	1),
(1103,	101,	6,	1,	1),
(1104,	102,	6,	1,	1),
(1105,	103,	9,	1,	2),
(1106,	104,	5,	1,	2),
(1107,	105,	6,	1,	2),
(1108,	106,	9,	1,	2),
(1109,	107,	4,	1,	1),
(1110,	108,	9,	1,	2),
(1111,	109,	4,	1,	2),
(1112,	110,	8,	1,	1),
(1113,	111,	6,	1,	1),
(1114,	112,	5,	1,	1),
(1115,	113,	3,	1,	1),
(1116,	114,	2,	1,	1),
(1117,	115,	8,	1,	1),
(1118,	116,	7,	1,	1),
(1119,	117,	4,	1,	1),
(1120,	118,	9,	1,	1),
(1121,	119,	4,	1,	1),
(1122,	120,	3,	1,	1),
(1123,	121,	5,	1,	2),
(1124,	122,	5,	1,	1),
(1125,	123,	7,	1,	1),
(1126,	124,	4,	1,	2),
(1127,	125,	4,	1,	2),
(1128,	126,	6,	1,	1),
(1129,	127,	2,	1,	1),
(1130,	128,	4,	1,	1),
(1131,	129,	5,	1,	2),
(1132,	130,	3,	1,	1),
(1133,	131,	9,	1,	2),
(1134,	132,	1,	1,	2),
(1135,	133,	5,	1,	2),
(1136,	134,	9,	1,	2),
(1137,	135,	3,	1,	2),
(1138,	136,	4,	1,	2),
(1139,	137,	8,	1,	1),
(1140,	138,	8,	1,	1),
(1141,	139,	4,	1,	2),
(1142,	140,	5,	1,	1),
(1143,	141,	1,	1,	2),
(1144,	142,	6,	1,	1),
(1145,	143,	3,	1,	1),
(1146,	144,	9,	1,	2),
(1147,	145,	4,	1,	2),
(1148,	146,	3,	1,	2),
(1149,	147,	5,	1,	1),
(1150,	148,	4,	1,	1),
(1151,	149,	5,	1,	1),
(1152,	150,	8,	1,	2),
(1153,	151,	8,	1,	1),
(1154,	152,	5,	1,	2),
(1155,	153,	5,	1,	1),
(1156,	154,	5,	1,	2),
(1157,	155,	6,	1,	2),
(1158,	156,	2,	1,	2),
(1159,	157,	5,	1,	2),
(1160,	158,	3,	1,	1),
(1161,	159,	7,	1,	2),
(1162,	160,	5,	1,	1),
(1163,	161,	6,	1,	2),
(1164,	162,	8,	1,	2),
(1165,	163,	5,	1,	2),
(1166,	164,	8,	1,	2),
(1167,	165,	6,	1,	1),
(1168,	166,	2,	1,	2),
(1169,	167,	9,	1,	2),
(1170,	168,	1,	1,	2),
(1171,	169,	1,	1,	1),
(1172,	170,	1,	1,	2),
(1173,	171,	6,	1,	1),
(1174,	172,	4,	1,	2),
(1175,	173,	9,	1,	1),
(1176,	174,	2,	1,	1),
(1177,	175,	6,	1,	2),
(1178,	176,	8,	1,	2),
(1179,	177,	6,	1,	1),
(1180,	178,	3,	1,	2),
(1181,	179,	2,	1,	1),
(1182,	180,	8,	1,	2),
(1183,	181,	3,	1,	2),
(1184,	182,	4,	1,	1),
(1185,	183,	9,	1,	2),
(1186,	184,	4,	1,	2),
(1187,	185,	9,	1,	1),
(1188,	186,	9,	1,	2),
(1189,	187,	8,	1,	1),
(1190,	188,	5,	1,	1),
(1191,	189,	6,	1,	1),
(1192,	190,	6,	1,	2),
(1193,	191,	3,	1,	1),
(1194,	192,	4,	1,	2),
(1195,	193,	7,	1,	1),
(1196,	194,	9,	1,	1),
(1197,	195,	2,	1,	2),
(1198,	196,	6,	1,	2),
(1199,	197,	2,	1,	2),
(1200,	198,	6,	1,	1),
(1201,	199,	4,	1,	2),
(1202,	200,	3,	1,	1),
(1203,	201,	1,	1,	2),
(1204,	202,	1,	1,	2),
(1205,	203,	8,	1,	1),
(1206,	204,	9,	1,	2),
(1207,	205,	4,	1,	1),
(1208,	206,	8,	1,	1),
(1209,	207,	4,	1,	1),
(1210,	208,	2,	1,	2),
(1211,	209,	8,	1,	1),
(1212,	210,	5,	1,	1),
(1213,	211,	3,	1,	2),
(1214,	212,	6,	1,	1),
(1215,	213,	7,	1,	1),
(1216,	214,	5,	1,	2),
(1217,	215,	8,	1,	1),
(1218,	216,	5,	1,	1),
(1219,	217,	7,	1,	1),
(1220,	218,	4,	1,	1),
(1221,	219,	1,	1,	1),
(1222,	220,	6,	1,	1),
(1223,	221,	5,	1,	2),
(1224,	222,	6,	1,	1),
(1225,	223,	1,	1,	1),
(1226,	224,	8,	1,	2),
(1227,	225,	6,	1,	1),
(1228,	226,	9,	1,	2),
(1229,	227,	6,	1,	2),
(1230,	228,	9,	1,	2),
(1231,	229,	2,	1,	1),
(1232,	230,	3,	1,	2),
(1233,	231,	3,	1,	1),
(1234,	232,	5,	1,	2),
(1235,	233,	7,	1,	2),
(1236,	234,	9,	1,	2),
(1237,	235,	4,	1,	1),
(1238,	236,	3,	1,	2),
(1239,	237,	8,	1,	1),
(1240,	238,	7,	1,	1),
(1241,	239,	4,	1,	1),
(1242,	240,	7,	1,	1),
(1243,	241,	5,	1,	2),
(1244,	242,	7,	1,	2),
(1245,	243,	9,	1,	1),
(1246,	244,	5,	1,	2),
(1247,	245,	1,	1,	1),
(1248,	246,	8,	1,	1),
(1249,	247,	1,	1,	2),
(1250,	248,	3,	1,	2),
(1251,	249,	4,	1,	1),
(1252,	250,	2,	1,	2),
(1253,	251,	3,	1,	1),
(1254,	252,	7,	1,	2),
(1255,	253,	9,	1,	2),
(1256,	254,	7,	1,	1),
(1257,	255,	4,	1,	2),
(1258,	256,	5,	1,	1),
(1259,	257,	3,	1,	2),
(1260,	258,	1,	1,	1),
(1261,	259,	8,	1,	1),
(1262,	260,	1,	1,	2),
(1263,	261,	3,	1,	2),
(1264,	262,	3,	1,	1),
(1265,	263,	6,	1,	1),
(1266,	264,	8,	1,	2),
(1267,	265,	4,	1,	1),
(1268,	266,	6,	1,	1),
(1269,	267,	6,	1,	2),
(1270,	268,	4,	1,	2),
(1271,	269,	3,	1,	1),
(1272,	270,	8,	1,	2),
(1273,	271,	8,	1,	1),
(1274,	272,	7,	1,	2),
(1275,	273,	6,	1,	1),
(1276,	274,	4,	1,	1),
(1277,	275,	1,	1,	2),
(1278,	276,	8,	1,	2),
(1279,	277,	6,	1,	2),
(1280,	278,	5,	1,	2),
(1281,	279,	6,	1,	2),
(1282,	280,	8,	1,	1),
(1283,	281,	2,	1,	1),
(1284,	282,	5,	1,	1),
(1285,	283,	3,	1,	1),
(1286,	284,	2,	1,	2),
(1287,	285,	3,	1,	2),
(1288,	286,	3,	1,	1),
(1289,	287,	1,	1,	2),
(1290,	288,	1,	1,	2),
(1291,	289,	1,	1,	2),
(1292,	290,	7,	1,	1),
(1293,	291,	9,	1,	2),
(1294,	292,	1,	1,	2),
(1295,	293,	8,	1,	2),
(1296,	294,	6,	1,	1),
(1297,	295,	6,	1,	1),
(1298,	296,	6,	1,	2),
(1299,	297,	5,	1,	2),
(1300,	298,	9,	1,	1),
(1301,	299,	2,	1,	2),
(1302,	300,	7,	1,	2),
(1303,	301,	4,	1,	2),
(1304,	302,	8,	1,	2),
(1305,	303,	1,	1,	2),
(1306,	304,	9,	1,	2),
(1307,	305,	3,	1,	2),
(1308,	306,	5,	1,	1),
(1309,	307,	8,	1,	2),
(1310,	308,	2,	1,	1),
(1311,	309,	2,	1,	2),
(1312,	310,	6,	1,	1),
(1313,	311,	6,	1,	2),
(1314,	312,	2,	1,	2),
(1315,	313,	4,	1,	2),
(1316,	314,	2,	1,	2),
(1317,	315,	9,	1,	1),
(1318,	316,	6,	1,	2),
(1319,	317,	6,	1,	1),
(1320,	318,	6,	1,	2),
(1321,	319,	5,	1,	1),
(1322,	320,	7,	1,	1),
(1323,	321,	6,	1,	2),
(1324,	322,	4,	1,	2),
(1325,	323,	7,	1,	2),
(1326,	324,	1,	1,	2),
(1327,	325,	4,	1,	2),
(1328,	326,	8,	1,	1),
(1329,	327,	7,	1,	2),
(1330,	328,	6,	1,	2),
(1331,	329,	9,	1,	2),
(1332,	330,	8,	1,	2),
(1333,	331,	4,	1,	2),
(1334,	332,	8,	1,	2),
(1335,	333,	7,	1,	1),
(1336,	334,	5,	1,	1),
(1337,	335,	3,	1,	1),
(1338,	336,	6,	1,	1),
(1339,	337,	1,	1,	2),
(1340,	338,	4,	1,	1),
(1341,	339,	8,	1,	2),
(1342,	340,	4,	1,	2),
(1343,	341,	3,	1,	2),
(1344,	342,	7,	1,	1),
(1345,	343,	3,	1,	2),
(1346,	344,	6,	1,	2),
(1347,	345,	6,	1,	1),
(1348,	346,	5,	1,	2),
(1349,	347,	9,	1,	2),
(1350,	348,	9,	1,	2),
(1351,	349,	4,	1,	1),
(1352,	350,	8,	1,	1),
(1353,	351,	9,	1,	1),
(1354,	352,	1,	1,	2),
(1355,	353,	4,	1,	2),
(1356,	354,	4,	1,	2),
(1357,	355,	6,	1,	1),
(1358,	356,	9,	1,	2),
(1359,	357,	6,	1,	2),
(1360,	358,	3,	1,	2),
(1361,	359,	9,	1,	1),
(1362,	360,	4,	1,	1),
(1363,	361,	4,	1,	2),
(1364,	362,	8,	1,	2),
(1365,	363,	3,	1,	2),
(1366,	364,	6,	1,	2),
(1367,	365,	9,	1,	2),
(1368,	366,	1,	1,	2),
(1369,	367,	4,	1,	2),
(1370,	368,	8,	1,	1),
(1371,	369,	9,	1,	2),
(1372,	370,	7,	1,	2),
(1373,	371,	6,	1,	1),
(1374,	372,	6,	1,	1),
(1375,	373,	8,	1,	2),
(1376,	374,	3,	1,	1),
(1377,	375,	1,	1,	2),
(1378,	376,	9,	1,	1),
(1379,	377,	9,	1,	1),
(1380,	378,	4,	1,	2),
(1381,	379,	5,	1,	1),
(1382,	380,	4,	1,	2),
(1383,	381,	5,	1,	1),
(1384,	382,	2,	1,	1),
(1385,	383,	8,	1,	1),
(1386,	384,	8,	1,	2),
(1387,	385,	6,	1,	1),
(1388,	386,	8,	1,	2),
(1389,	387,	6,	1,	1),
(1390,	388,	7,	1,	2),
(1391,	389,	7,	1,	2),
(1392,	390,	7,	1,	1),
(1393,	391,	9,	1,	1),
(1394,	392,	1,	1,	1),
(1395,	393,	3,	1,	1),
(1396,	394,	3,	1,	2),
(1397,	395,	9,	1,	2),
(1398,	396,	4,	1,	2),
(1399,	397,	1,	1,	2),
(1400,	398,	2,	1,	1),
(1401,	399,	9,	1,	1),
(1402,	400,	6,	1,	2),
(1403,	401,	3,	1,	2),
(1404,	402,	3,	1,	2),
(1405,	403,	2,	1,	1),
(1406,	404,	2,	1,	2),
(1407,	405,	9,	1,	1),
(1408,	406,	7,	1,	2),
(1409,	407,	2,	1,	1),
(1410,	408,	7,	1,	2),
(1411,	409,	5,	1,	1),
(1412,	410,	4,	1,	1),
(1413,	411,	9,	1,	1),
(1414,	412,	6,	1,	2),
(1415,	413,	7,	1,	2),
(1416,	414,	8,	1,	2),
(1417,	415,	8,	1,	2),
(1418,	416,	5,	1,	1),
(1419,	417,	5,	1,	2),
(1420,	418,	1,	1,	2),
(1421,	419,	9,	1,	2),
(1422,	420,	4,	1,	2),
(1423,	421,	8,	1,	1),
(1424,	422,	4,	1,	2),
(1425,	423,	2,	1,	1),
(1426,	424,	7,	1,	2),
(1427,	425,	8,	1,	2),
(1428,	426,	4,	1,	1),
(1429,	427,	1,	1,	1),
(1430,	428,	3,	1,	2),
(1431,	429,	1,	1,	2),
(1432,	430,	7,	1,	2),
(1433,	431,	8,	1,	2),
(1434,	432,	3,	1,	2),
(1435,	433,	2,	1,	2),
(1436,	434,	1,	1,	1),
(1437,	435,	7,	1,	2),
(1438,	436,	1,	1,	1),
(1439,	437,	9,	1,	1),
(1440,	438,	2,	1,	1),
(1441,	439,	7,	1,	2),
(1442,	440,	2,	1,	1),
(1443,	441,	5,	1,	2),
(1444,	442,	6,	1,	1),
(1445,	443,	6,	1,	2),
(1446,	444,	2,	1,	1),
(1447,	445,	6,	1,	2),
(1448,	446,	7,	1,	2),
(1449,	447,	2,	1,	2),
(1450,	448,	7,	1,	2),
(1451,	449,	7,	1,	1),
(1452,	450,	3,	1,	1),
(1453,	451,	5,	1,	2),
(1454,	452,	5,	1,	1),
(1455,	453,	7,	1,	2),
(1456,	454,	3,	1,	1),
(1457,	455,	1,	1,	2),
(1458,	456,	8,	1,	2),
(1459,	457,	5,	1,	1),
(1460,	458,	2,	1,	1),
(1461,	459,	9,	1,	1),
(1462,	460,	4,	1,	1),
(1463,	461,	4,	1,	1),
(1464,	462,	6,	1,	1),
(1465,	463,	2,	1,	1),
(1466,	464,	4,	1,	2),
(1467,	465,	1,	1,	2),
(1468,	466,	3,	1,	2),
(1469,	467,	3,	1,	2),
(1470,	468,	3,	1,	2),
(1471,	469,	7,	1,	2),
(1472,	470,	1,	1,	1),
(1473,	471,	8,	1,	2),
(1474,	472,	9,	1,	2),
(1475,	473,	1,	1,	1),
(1476,	474,	2,	1,	1),
(1477,	475,	9,	1,	1),
(1478,	476,	9,	1,	1),
(1479,	477,	7,	1,	1),
(1480,	478,	9,	1,	1),
(1481,	479,	9,	1,	1),
(1482,	480,	1,	1,	1),
(1483,	481,	6,	1,	1),
(1484,	482,	1,	1,	2),
(1485,	483,	6,	1,	2),
(1486,	484,	5,	1,	2),
(1487,	485,	8,	1,	1),
(1488,	486,	3,	1,	1),
(1489,	487,	7,	1,	2),
(1490,	488,	9,	1,	1),
(1491,	489,	2,	1,	2),
(1492,	490,	9,	1,	2),
(1493,	491,	3,	1,	2),
(1494,	492,	5,	1,	2),
(1495,	493,	4,	1,	1),
(1496,	494,	7,	1,	1),
(1497,	495,	2,	1,	1),
(1498,	496,	4,	1,	1),
(1499,	497,	5,	1,	2),
(1500,	498,	1,	1,	2),
(1501,	499,	6,	1,	1),
(1502,	500,	6,	1,	2),
(1503,	501,	3,	1,	2),
(1504,	502,	8,	1,	2),
(1505,	503,	4,	1,	1),
(1506,	504,	9,	1,	2),
(1507,	505,	2,	1,	1),
(1508,	506,	4,	1,	2),
(1509,	507,	5,	1,	1),
(1510,	508,	1,	1,	1),
(1511,	509,	6,	1,	1),
(1512,	510,	2,	1,	2),
(1513,	511,	4,	1,	1),
(1514,	512,	5,	1,	2),
(1515,	513,	8,	1,	1),
(1516,	514,	8,	1,	2),
(1517,	515,	9,	1,	1),
(1518,	516,	1,	1,	2),
(1519,	517,	3,	1,	1),
(1520,	518,	8,	1,	1),
(1521,	519,	8,	1,	2),
(1522,	520,	1,	1,	2),
(1523,	521,	2,	1,	2),
(1524,	522,	4,	1,	2),
(1525,	523,	1,	1,	2),
(1526,	524,	1,	1,	2),
(1527,	525,	8,	1,	2),
(1528,	526,	6,	1,	1),
(1529,	527,	3,	1,	1),
(1530,	528,	8,	1,	1),
(1531,	529,	4,	1,	2),
(1532,	530,	4,	1,	2),
(1533,	531,	2,	1,	1),
(1534,	532,	5,	1,	1),
(1535,	533,	8,	1,	1),
(1536,	534,	9,	1,	1),
(1537,	535,	5,	1,	1),
(1538,	536,	5,	1,	2),
(1539,	537,	7,	1,	2),
(1540,	538,	2,	1,	2),
(1541,	539,	4,	1,	2),
(1542,	540,	7,	1,	2),
(1543,	541,	6,	1,	2),
(1544,	542,	6,	1,	2),
(1545,	543,	8,	1,	2),
(1546,	544,	5,	1,	2),
(1547,	545,	7,	1,	1),
(1548,	546,	1,	1,	1),
(1549,	547,	7,	1,	2),
(1550,	548,	4,	1,	1),
(1551,	549,	2,	1,	1),
(1552,	550,	2,	1,	1),
(1553,	551,	3,	1,	1),
(1554,	552,	5,	1,	1),
(1555,	553,	3,	1,	1),
(1556,	554,	3,	1,	2),
(1557,	555,	6,	1,	2),
(1558,	556,	9,	1,	2),
(1559,	557,	9,	1,	2),
(1560,	558,	7,	1,	2),
(1561,	559,	5,	1,	2),
(1562,	560,	8,	1,	1),
(1563,	561,	6,	1,	2),
(1564,	562,	1,	1,	2),
(1565,	563,	1,	1,	2),
(1566,	564,	5,	1,	1),
(1567,	565,	7,	1,	2),
(1568,	566,	7,	1,	1),
(1569,	567,	7,	1,	1),
(1570,	568,	8,	1,	2),
(1571,	569,	1,	1,	1),
(1572,	570,	2,	1,	1),
(1573,	571,	5,	1,	2),
(1574,	572,	7,	1,	2),
(1575,	573,	7,	1,	1),
(1576,	574,	2,	1,	2),
(1577,	575,	3,	1,	2),
(1578,	576,	5,	1,	2),
(1579,	577,	4,	1,	1),
(1580,	578,	6,	1,	1),
(1581,	579,	6,	1,	2),
(1582,	580,	6,	1,	1),
(1583,	581,	4,	1,	2),
(1584,	582,	7,	1,	2),
(1585,	583,	9,	1,	2),
(1586,	584,	6,	1,	2),
(1587,	585,	2,	1,	2),
(1588,	586,	1,	1,	2),
(1589,	587,	3,	1,	1),
(1590,	588,	5,	1,	1),
(1591,	589,	7,	1,	1),
(1592,	590,	4,	1,	1),
(1593,	591,	9,	1,	2),
(1594,	592,	2,	1,	1),
(1595,	593,	3,	1,	2),
(1596,	594,	4,	1,	2),
(1597,	595,	9,	1,	1),
(1598,	596,	4,	1,	2),
(1599,	597,	2,	1,	1),
(1600,	598,	3,	1,	1),
(1601,	599,	3,	1,	1),
(1602,	600,	7,	1,	1),
(1603,	601,	9,	1,	1),
(1604,	602,	7,	1,	2),
(1605,	603,	1,	1,	2),
(1606,	604,	9,	1,	2),
(1607,	605,	1,	1,	1),
(1608,	606,	8,	1,	1),
(1609,	607,	7,	1,	2),
(1610,	608,	4,	1,	1),
(1611,	609,	2,	1,	1),
(1612,	610,	9,	1,	1),
(1613,	611,	6,	1,	2),
(1614,	612,	2,	1,	1),
(1615,	613,	2,	1,	1),
(1616,	614,	1,	1,	1),
(1617,	615,	3,	1,	2),
(1618,	616,	8,	1,	2),
(1619,	617,	3,	1,	1),
(1620,	618,	8,	1,	1),
(1621,	619,	7,	1,	1),
(1622,	620,	4,	1,	1),
(1623,	621,	1,	1,	1),
(1624,	622,	5,	1,	2),
(1625,	623,	1,	1,	2),
(1626,	624,	3,	1,	1),
(1627,	625,	7,	1,	2),
(1628,	626,	5,	1,	1),
(1629,	627,	1,	1,	1),
(1630,	628,	2,	1,	2),
(1631,	629,	7,	1,	2),
(1632,	630,	2,	1,	1),
(1633,	631,	5,	1,	1),
(1634,	632,	5,	1,	2),
(1635,	633,	2,	1,	2),
(1636,	634,	4,	1,	2),
(1637,	635,	6,	1,	1),
(1638,	636,	7,	1,	1),
(1639,	637,	5,	1,	2),
(1640,	638,	5,	1,	1),
(1641,	639,	1,	1,	2),
(1642,	640,	6,	1,	2),
(1643,	641,	7,	1,	2),
(1644,	642,	4,	1,	2),
(1645,	643,	3,	1,	1),
(1646,	644,	8,	1,	1),
(1647,	645,	2,	1,	2),
(1648,	646,	5,	1,	2),
(1649,	647,	9,	1,	1),
(1650,	648,	6,	1,	1),
(1651,	649,	5,	1,	2),
(1652,	650,	8,	1,	1),
(1653,	651,	7,	1,	2),
(1654,	652,	7,	1,	2),
(1655,	653,	7,	1,	2),
(1656,	654,	1,	1,	1),
(1657,	655,	2,	1,	1),
(1658,	656,	1,	1,	2),
(1659,	657,	2,	1,	1),
(1660,	658,	8,	1,	1),
(1661,	659,	7,	1,	1),
(1662,	660,	6,	1,	1),
(1663,	661,	1,	1,	2),
(1664,	662,	3,	1,	2),
(1665,	663,	3,	1,	2),
(1666,	664,	8,	1,	2),
(1667,	665,	5,	1,	2),
(1668,	666,	6,	1,	2),
(1669,	667,	5,	1,	1),
(1670,	668,	6,	1,	1),
(1671,	669,	3,	1,	2),
(1672,	670,	7,	1,	1),
(1673,	671,	8,	1,	1),
(1674,	672,	9,	1,	1),
(1675,	673,	9,	1,	1),
(1676,	674,	4,	1,	2),
(1677,	675,	3,	1,	1),
(1678,	676,	7,	1,	1),
(1679,	677,	5,	1,	2),
(1680,	678,	9,	1,	1),
(1681,	679,	9,	1,	2),
(1682,	680,	5,	1,	1),
(1683,	681,	2,	1,	2),
(1684,	682,	5,	1,	1),
(1685,	683,	1,	1,	1),
(1686,	684,	1,	1,	2),
(1687,	685,	7,	1,	1),
(1688,	686,	9,	1,	1),
(1689,	687,	7,	1,	2),
(1690,	688,	4,	1,	2),
(1691,	689,	2,	1,	2),
(1692,	690,	8,	1,	1),
(1693,	691,	7,	1,	2),
(1694,	692,	9,	1,	1),
(1695,	693,	2,	1,	2),
(1696,	694,	8,	1,	2),
(1697,	695,	8,	1,	1),
(1698,	696,	8,	1,	1),
(1699,	697,	3,	1,	1),
(1700,	698,	9,	1,	1),
(1701,	699,	1,	1,	2),
(1702,	700,	1,	1,	1),
(1703,	701,	2,	1,	2),
(1704,	702,	6,	1,	1),
(1705,	703,	9,	1,	2),
(1706,	704,	3,	1,	1),
(1707,	705,	5,	1,	1),
(1708,	706,	2,	1,	2),
(1709,	707,	9,	1,	1),
(1710,	708,	3,	1,	2),
(1711,	709,	8,	1,	2),
(1712,	710,	8,	1,	2),
(1713,	711,	7,	1,	1),
(1714,	712,	8,	1,	1),
(1715,	713,	4,	1,	1),
(1716,	714,	9,	1,	2),
(1717,	715,	7,	1,	2),
(1718,	716,	3,	1,	1),
(1719,	717,	4,	1,	2),
(1720,	718,	6,	1,	1),
(1721,	719,	4,	1,	2),
(1722,	720,	2,	1,	2),
(1723,	721,	7,	1,	1),
(1724,	722,	7,	1,	2),
(1725,	723,	1,	1,	1),
(1726,	724,	2,	1,	1),
(1727,	725,	5,	1,	1),
(1728,	726,	6,	1,	2),
(1729,	727,	3,	1,	1),
(1730,	728,	1,	1,	1),
(1731,	729,	1,	1,	1),
(1732,	730,	8,	1,	2),
(1733,	731,	9,	1,	2),
(1734,	732,	1,	1,	1),
(1735,	733,	6,	1,	2),
(1736,	734,	5,	1,	2),
(1737,	735,	2,	1,	1),
(1738,	736,	8,	1,	1),
(1739,	737,	5,	1,	1),
(1740,	738,	6,	1,	2),
(1741,	739,	6,	1,	1),
(1742,	740,	6,	1,	1),
(1743,	741,	4,	1,	1),
(1744,	742,	1,	1,	2),
(1745,	743,	7,	1,	2),
(1746,	744,	6,	1,	2),
(1747,	745,	7,	1,	1),
(1748,	746,	4,	1,	2),
(1749,	747,	4,	1,	1),
(1750,	748,	3,	1,	1),
(1751,	749,	1,	1,	1),
(1752,	750,	5,	1,	2),
(1753,	751,	7,	1,	2),
(1754,	752,	4,	1,	2),
(1755,	753,	7,	1,	1),
(1756,	754,	4,	1,	2),
(1757,	755,	4,	1,	1),
(1758,	756,	1,	1,	2),
(1759,	757,	9,	1,	2),
(1760,	758,	9,	1,	2),
(1761,	759,	2,	1,	1),
(1762,	760,	7,	1,	2),
(1763,	761,	9,	1,	1),
(1764,	762,	2,	1,	1),
(1765,	763,	1,	1,	1),
(1766,	764,	5,	1,	1),
(1767,	765,	8,	1,	2),
(1768,	766,	6,	1,	2),
(1769,	767,	6,	1,	2),
(1770,	768,	8,	1,	2),
(1771,	769,	3,	1,	1),
(1772,	770,	1,	1,	1),
(1773,	771,	3,	1,	2),
(1774,	772,	1,	1,	1),
(1775,	773,	9,	1,	2),
(1776,	774,	7,	1,	2),
(1777,	775,	6,	1,	2),
(1778,	776,	4,	1,	1),
(1779,	777,	8,	1,	2),
(1780,	778,	9,	1,	2),
(1781,	779,	2,	1,	2),
(1782,	780,	4,	1,	2),
(1783,	781,	1,	1,	2),
(1784,	782,	5,	1,	1),
(1785,	783,	6,	1,	2),
(1786,	784,	4,	1,	1),
(1787,	785,	4,	1,	1),
(1788,	786,	1,	1,	2),
(1789,	787,	6,	1,	2),
(1790,	788,	8,	1,	2),
(1791,	789,	8,	1,	1),
(1792,	790,	1,	1,	1),
(1793,	791,	5,	1,	1),
(1794,	792,	3,	1,	2),
(1795,	793,	1,	1,	2),
(1796,	794,	7,	1,	2),
(1797,	795,	1,	1,	2),
(1798,	796,	9,	1,	1),
(1799,	797,	7,	1,	2),
(1800,	798,	9,	1,	1),
(1801,	799,	7,	1,	2),
(1802,	800,	6,	1,	1),
(1803,	801,	8,	1,	2),
(1804,	802,	3,	1,	1),
(1805,	803,	1,	1,	1),
(1806,	804,	8,	1,	2),
(1807,	805,	5,	1,	1),
(1808,	806,	3,	1,	1),
(1809,	807,	8,	1,	2),
(1810,	808,	9,	1,	1),
(1811,	809,	6,	1,	1),
(1812,	810,	3,	1,	1),
(1813,	811,	9,	1,	1),
(1814,	812,	6,	1,	1),
(1815,	813,	5,	1,	1),
(1816,	814,	1,	1,	1),
(1817,	815,	4,	1,	1),
(1818,	816,	3,	1,	1),
(1819,	817,	8,	1,	2),
(1820,	818,	5,	1,	2),
(1821,	819,	5,	1,	2),
(1822,	820,	5,	1,	2),
(1823,	821,	3,	1,	1),
(1824,	822,	6,	1,	1),
(1825,	823,	2,	1,	2),
(1826,	824,	2,	1,	1),
(1827,	825,	9,	1,	1),
(1828,	826,	9,	1,	2),
(1829,	827,	6,	1,	1),
(1830,	828,	7,	1,	2),
(1831,	829,	7,	1,	2),
(1832,	830,	1,	1,	2),
(1833,	831,	7,	1,	2),
(1834,	832,	8,	1,	2),
(1835,	833,	5,	1,	2),
(1836,	834,	2,	1,	1),
(1837,	835,	1,	1,	2),
(1838,	836,	8,	1,	2),
(1839,	837,	8,	1,	2),
(1840,	838,	5,	1,	2),
(1841,	839,	5,	1,	1),
(1842,	840,	6,	1,	1),
(1843,	841,	2,	1,	2),
(1844,	842,	4,	1,	2),
(1845,	843,	7,	1,	2),
(1846,	844,	9,	1,	2),
(1847,	845,	9,	1,	2),
(1848,	846,	7,	1,	2),
(1849,	847,	2,	1,	2),
(1850,	848,	9,	1,	1),
(1851,	849,	8,	1,	2),
(1852,	850,	8,	1,	1),
(1853,	851,	4,	1,	1),
(1854,	852,	6,	1,	2),
(1855,	853,	5,	1,	2),
(1856,	854,	7,	1,	1),
(1857,	855,	2,	1,	1),
(1858,	856,	1,	1,	1),
(1859,	857,	9,	1,	2),
(1860,	858,	8,	1,	1),
(1861,	859,	2,	1,	1),
(1862,	860,	9,	1,	1),
(1863,	861,	8,	1,	1),
(1864,	862,	9,	1,	1),
(1865,	863,	3,	1,	2),
(1866,	864,	9,	1,	1),
(1867,	865,	8,	1,	1),
(1868,	866,	5,	1,	1),
(1869,	867,	4,	1,	2),
(1870,	868,	6,	1,	2),
(1871,	869,	3,	1,	1),
(1872,	870,	4,	1,	1),
(1873,	871,	3,	1,	1),
(1874,	872,	2,	1,	2),
(1875,	873,	1,	1,	1),
(1876,	874,	1,	1,	2),
(1877,	875,	3,	1,	2),
(1878,	876,	1,	1,	1),
(1879,	877,	3,	1,	2),
(1880,	878,	7,	1,	2),
(1881,	879,	4,	1,	2),
(1882,	880,	3,	1,	2),
(1883,	881,	1,	1,	2),
(1884,	882,	1,	1,	1),
(1885,	883,	6,	1,	2),
(1886,	884,	8,	1,	1),
(1887,	885,	3,	1,	2),
(1888,	886,	9,	1,	1),
(1889,	887,	1,	1,	1),
(1890,	888,	2,	1,	2),
(1891,	889,	3,	1,	2),
(1892,	890,	8,	1,	2),
(1893,	891,	7,	1,	2),
(1894,	892,	6,	1,	2),
(1895,	893,	8,	1,	1),
(1896,	894,	3,	1,	1),
(1897,	895,	1,	1,	1),
(1898,	896,	4,	1,	2),
(1899,	897,	2,	1,	1),
(1900,	898,	3,	1,	1),
(1901,	899,	6,	1,	1),
(1902,	900,	8,	1,	1),
(1903,	901,	2,	1,	1),
(1904,	902,	8,	1,	1),
(1905,	903,	9,	1,	1),
(1906,	904,	5,	1,	1),
(1907,	905,	5,	1,	2),
(1908,	906,	3,	1,	2),
(1909,	907,	2,	1,	2),
(1910,	908,	1,	1,	2),
(1911,	909,	5,	1,	1),
(1912,	910,	2,	1,	1),
(1913,	911,	6,	1,	2),
(1914,	912,	6,	1,	2),
(1915,	913,	6,	1,	1),
(1916,	914,	6,	1,	1),
(1917,	915,	9,	1,	1),
(1918,	916,	8,	1,	2),
(1919,	917,	1,	1,	1),
(1920,	918,	3,	1,	1),
(1921,	919,	6,	1,	2),
(1922,	920,	9,	1,	2),
(1923,	921,	5,	1,	1),
(1924,	922,	7,	1,	2),
(1925,	923,	9,	1,	2),
(1926,	924,	2,	1,	1),
(1927,	925,	4,	1,	1),
(1928,	926,	1,	1,	1),
(1929,	927,	2,	1,	1),
(1930,	928,	1,	1,	1),
(1931,	929,	1,	1,	2),
(1932,	930,	5,	1,	2),
(1933,	931,	1,	1,	2),
(1934,	932,	7,	1,	1),
(1935,	933,	3,	1,	1),
(1936,	934,	7,	1,	2),
(1937,	935,	7,	1,	2),
(1938,	936,	7,	1,	2),
(1939,	937,	6,	1,	2),
(1940,	938,	8,	1,	1),
(1941,	939,	3,	1,	1),
(1942,	940,	4,	1,	2),
(1943,	941,	1,	1,	2),
(1944,	942,	7,	1,	2),
(1945,	943,	4,	1,	2),
(1946,	944,	6,	1,	2),
(1947,	945,	9,	1,	1),
(1948,	946,	9,	1,	1),
(1949,	947,	9,	1,	2),
(1950,	948,	2,	1,	1),
(1951,	949,	9,	1,	1),
(1952,	950,	9,	1,	2),
(1953,	951,	2,	1,	1),
(1954,	952,	7,	1,	2),
(1955,	953,	8,	1,	2),
(1956,	954,	7,	1,	1),
(1957,	955,	5,	1,	1),
(1958,	956,	8,	1,	2),
(1959,	957,	9,	1,	1),
(1960,	958,	1,	1,	2),
(1961,	959,	8,	1,	1),
(1962,	960,	9,	1,	1),
(1963,	961,	4,	1,	2),
(1964,	962,	5,	1,	2),
(1965,	963,	7,	1,	2),
(1966,	964,	6,	1,	1),
(1967,	965,	3,	1,	2),
(1968,	966,	6,	1,	2),
(1969,	967,	6,	1,	1),
(1970,	968,	9,	1,	2),
(1971,	969,	6,	1,	1),
(1972,	970,	1,	1,	2),
(1973,	971,	1,	1,	1),
(1974,	972,	7,	1,	1),
(1975,	973,	8,	1,	1),
(1976,	974,	2,	1,	2),
(1977,	975,	9,	1,	1),
(1978,	976,	1,	1,	1),
(1979,	977,	4,	1,	1),
(1980,	978,	9,	1,	2),
(1981,	979,	1,	1,	1),
(1982,	980,	5,	1,	2),
(1983,	981,	2,	1,	1),
(1984,	982,	7,	1,	1),
(1985,	983,	8,	1,	1),
(1986,	984,	8,	1,	2),
(1987,	985,	9,	1,	1),
(1988,	986,	8,	1,	2),
(1989,	987,	8,	1,	2),
(1990,	988,	8,	1,	1),
(1991,	989,	6,	1,	1),
(1992,	990,	4,	1,	2),
(1993,	991,	6,	1,	2),
(1994,	992,	4,	1,	1),
(1995,	993,	9,	1,	1),
(1996,	994,	1,	1,	2),
(1997,	995,	9,	1,	2),
(1998,	996,	4,	1,	2),
(1999,	997,	3,	1,	1),
(2000,	998,	3,	1,	2),
(2001,	999,	5,	1,	1),
(2002,	1000,	9,	1,	1);

